{
    "features": [
        {
            "geometry": {
                "coordinates": [
                    [
                        0,
                        30
                    ],
                    [
                        6,
                        28
                    ],
                    [
                        12,
                        2
                    ]
                ],
                "type": "LineString"
            },
            "properties": {
                "elevation": 1850000.0
            },
            "type": "Feature"
        },
        {
            "geometry": {
                "coordinates": [
                    [
                        0,
                        76
                    ],
                    [
                        6,
                        68
                    ],
                    [
                        12,
                        64
                    ],
                    [
                        18,
                        60
                    ],
                    [
                        24,
                        58
                    ],
                    [
                        30,
                        56
                    ],
                    [
                        36,
                        54
                    ],
                    [
                        42,
                        52
                    ],
                    [
                        48,
                        24
                    ],
                    [
                        54,
                        10
                    ]
                ],
                "type": "LineString"
            },
            "properties": {
                "elevation": 1852000.0
            },
            "type": "Feature"
        },
        {
            "geometry": {
                "coordinates": [
                    [
                        1692,
                        0
                    ],
                    [
                        1698,
                        2
                    ],
                    [
                        1704,
                        2
                    ],
                    [
                        1710,
                        2
                    ],
                    [
                        1716,
                        4
                    ],
                    [
                        1722,
                        4
                    ],
                    [
                        1728,
                        4
                    ],
                    [
                        1734,
                        4
                    ],
                    [
                        1764,
                        2
                    ],
                    [
                        1770,
                        2
                    ],
                    [
                        1788,
                        6
                    ],
                    [
                        1800,
                        8
                    ]
                ],
                "type": "LineString"
            },
            "properties": {
                "elevation": 1852000.0
            },
            "type": "Feature"
        },
        {
            "geometry": {
                "coordinates": [
                    [
                        1566,
                        0
                    ],
                    [
                        1572,
                        2
                    ],
                    [
                        1584,
                        8
                    ],
                    [
                        1596,
                        14
                    ],
                    [
                        1602,
                        18
                    ],
                    [
                        1614,
                        20
                    ],
                    [
                        1632,
                        20
                    ],
                    [
                        1644,
                        22
                    ],
                    [
                        1650,
                        24
                    ],
                    [
                        1662,
                        26
                    ],
                    [
                        1674,
                        28
                    ],
                    [
                        1704,
                        36
                    ],
                    [
                        1710,
                        38
                    ],
                    [
                        1716,
                        38
                    ],
                    [
                        1722,
                        40
                    ],
                    [
                        1728,
                        40
                    ],
                    [
                        1734,
                        40
                    ],
                    [
                        1740,
                        42
                    ],
                    [
                        1758,
                        42
                    ],
                    [
                        1764,
                        44
                    ],
                    [
                        1770,
                        44
                    ],
                    [
                        1782,
                        46
                    ],
                    [
                        1788,
                        46
                    ],
                    [
                        1794,
                        48
                    ],
                    [
                        1800,
                        48
                    ]
                ],
                "type": "LineString"
            },
            "properties": {
                "elevation": 1852000.0
            },
            "type": "Feature"
        },
        {
            "geometry": {
                "coordinates": [
                    [
                        1458,
                        2
                    ],
                    [
                        1464,
                        6
                    ],
                    [
                        1476,
                        8
                    ],
                    [
                        1482,
                        10
                    ],
                    [
                        1488,
                        12
                    ],
                    [
                        1494,
                        14
                    ],
                    [
                        1500,
                        16
                    ],
                    [
                        1506,
                        18
                    ],
                    [
                        1512,
                        20
                    ],
                    [
                        1518,
                        22
                    ],
                    [
                        1524,
                        24
                    ],
                    [
                        1542,
                        28
                    ],
                    [
                        1548,
                        30
                    ],
                    [
                        1554,
                        32
                    ],
                    [
                        1560,
                        34
                    ],
                    [
                        1566,
                        36
                    ],
                    [
                        1572,
                        40
                    ],
                    [
                        1578,
                        42
                    ],
                    [
                        1590,
                        46
                    ],
                    [
                        1596,
                        48
                    ],
                    [
                        1602,
                        50
                    ],
                    [
                        1608,
                        50
                    ],
                    [
                        1614,
                        52
                    ],
                    [
                        1620,
                        52
                    ],
                    [
                        1632,
                        54
                    ],
                    [
                        1638,
                        54
                    ],
                    [
                        1644,
                        56
                    ],
                    [
                        1650,
                        58
                    ],
                    [
                        1656,
                        58
                    ],
                    [
                        1662,
                        60
                    ],
                    [
                        1692,
                        68
                    ],
                    [
                        1698,
                        70
                    ],
                    [
                        1704,
                        70
                    ],
                    [
                        1710,
                        72
                    ],
                    [
                        1716,
                        74
                    ],
                    [
                        1722,
                        76
                    ],
                    [
                        1728,
                        78
                    ],
                    [
                        1734,
                        78
                    ],
                    [
                        1746,
                        80
                    ],
                    [
                        1752,
                        82
                    ],
                    [
                        1764,
                        84
                    ],
                    [
                        1770,
                        84
                    ],
                    [
                        1800,
                        86
                    ]
                ],
                "type": "LineString"
            },
            "properties": {
                "elevation": 1862000.0
            },
            "type": "Feature"
        },
        {
            "geometry": {
                "coordinates": [
                    [
                        1362,
                        8
                    ],
                    [
                        1362,
                        10
                    ],
                    [
                        1368,
                        10
                    ],
                    [
                        1374,
                        6
                    ],
                    [
                        1380,
                        4
                    ],
                    [
                        1392,
                        4
                    ],
                    [
                        1398,
                        4
                    ],
                    [
                        1410,
                        10
                    ],
                    [
                        1416,
                        16
                    ],
                    [
                        1422,
                        18
                    ],
                    [
                        1434,
                        24
                    ],
                    [
                        1458,
                        36
                    ],
                    [
                        1482,
                        44
                    ],
                    [
                        1488,
                        44
                    ],
                    [
                        1506,
                        52
                    ],
                    [
                        1512,
                        54
                    ],
                    [
                        1518,
                        56
                    ],
                    [
                        1554,
                        68
                    ],
                    [
                        1566,
                        72
                    ],
                    [
                        1572,
                        74
                    ],
                    [
                        1578,
                        76
                    ],
                    [
                        1584,
                        78
                    ],
                    [
                        1590,
                        82
                    ],
                    [
                        1620,
                        86
                    ],
                    [
                        1626,
                        88
                    ],
                    [
                        1632,
                        88
                    ],
                    [
                        1644,
                        90
                    ],
                    [
                        1650,
                        92
                    ],
                    [
                        1656,
                        94
                    ],
                    [
                        1662,
                        94
                    ],
                    [
                        1668,
                        96
                    ],
                    [
                        1674,
                        98
                    ],
                    [
                        1680,
                        100
                    ],
                    [
                        1686,
                        102
                    ],
                    [
                        1704,
                        106
                    ],
                    [
                        1710,
                        108
                    ],
                    [
                        1716,
                        110
                    ],
                    [
                        1752,
                        120
                    ],
                    [
                        1758,
                        122
                    ],
                    [
                        1764,
                        122
                    ],
                    [
                        1782,
                        122
                    ],
                    [
                        1794,
                        122
                    ]
                ],
                "type": "LineString"
            },
            "properties": {
                "elevation": 1862000.0
            },
            "type": "Feature"
        },
        {
            "geometry": {
                "coordinates": [
                    [
                        1788,
                        786
                    ],
                    [
                        1788,
                        788
                    ],
                    [
                        1794,
                        776
                    ],
                    [
                        1794,
                        778
                    ],
                    [
                        1800,
                        768
                    ]
                ],
                "type": "LineString"
            },
            "properties": {
                "elevation": 1862000.0
            },
            "type": "Feature"
        },
        {
            "geometry": {
                "coordinates": [
                    [
                        1752,
                        784
                    ],
                    [
                        1758,
                        772
                    ],
                    [
                        1764,
                        764
                    ],
                    [
                        1770,
                        752
                    ],
                    [
                        1770,
                        754
                    ],
                    [
                        1776,
                        744
                    ],
                    [
                        1782,
                        734
                    ],
                    [
                        1788,
                        726
                    ],
                    [
                        1794,
                        716
                    ],
                    [
                        1800,
                        708
                    ]
                ],
                "type": "LineString"
            },
            "properties": {
                "elevation": 1862000.0
            },
            "type": "Feature"
        },
        {
            "geometry": {
                "coordinates": [
                    [
                        1710,
                        790
                    ],
                    [
                        1716,
                        778
                    ],
                    [
                        1722,
                        768
                    ],
                    [
                        1728,
                        756
                    ],
                    [
                        1728,
                        758
                    ],
                    [
                        1734,
                        746
                    ],
                    [
                        1740,
                        738
                    ],
                    [
                        1746,
                        726
                    ],
                    [
                        1746,
                        728
                    ],
                    [
                        1752,
                        714
                    ],
                    [
                        1752,
                        716
                    ],
                    [
                        1758,
                        702
                    ],
                    [
                        1758,
                        704
                    ],
                    [
                        1764,
                        692
                    ],
                    [
                        1770,
                        684
                    ],
                    [
                        1776,
                        678
                    ],
                    [
                        1782,
                        666
                    ],
                    [
                        1788,
                        652
                    ],
                    [
                        1788,
                        654
                    ],
                    [
                        1794,
                        638
                    ],
                    [
                        1800,
                        618
                    ]
                ],
                "type": "LineString"
            },
            "properties": {
                "elevation": 1870000.0
            },
            "type": "Feature"
        },
        {
            "geometry": {
                "coordinates": [
                    [
                        522,
                        600
                    ],
                    [
                        522,
                        602
                    ],
                    [
                        522,
                        610
                    ],
                    [
                        528,
                        592
                    ],
                    [
                        528,
                        614
                    ],
                    [
                        534,
                        584
                    ],
                    [
                        540,
                        580
                    ],
                    [
                        552,
                        576
                    ],
                    [
                        552,
                        624
                    ],
                    [
                        558,
                        626
                    ],
                    [
                        564,
                        568
                    ],
                    [
                        570,
                        562
                    ],
                    [
                        570,
                        630
                    ],
                    [
                        576,
                        554
                    ],
                    [
                        582,
                        544
                    ],
                    [
                        582,
                        546
                    ],
                    [
                        582,
                        632
                    ],
                    [
                        588,
                        534
                    ],
                    [
                        594,
                        528
                    ],
                    [
                        600,
                        524
                    ],
                    [
                        600,
                        634
                    ],
                    [
                        606,
                        518
                    ],
                    [
                        606,
                        636
                    ],
                    [
                        612,
                        506
                    ],
                    [
                        618,
                        496
                    ],
                    [
                        624,
                        484
                    ],
                    [
                        624,
                        486
                    ],
                    [
                        624,
                        640
                    ],
                    [
                        630,
                        474
                    ],
                    [
                        636,
                        468
                    ],
                    [
                        642,
                        460
                    ],
                    [
                        648,
                        450
                    ],
                    [
                        648,
                        452
                    ],
                    [
                        654,
                        440
                    ],
                    [
                        654,
                        644
                    ],
                    [
                        660,
                        432
                    ],
                    [
                        660,
                        646
                    ],
                    [
                        666,
                        422
                    ],
                    [
                        672,
                        412
                    ],
                    [
                        672,
                        648
                    ],
                    [
                        678,
                        404
                    ],
                    [
                        678,
                        406
                    ],
                    [
                        684,
                        394
                    ],
                    [
                        684,
                        396
                    ],
                    [
                        684,
                        650
                    ],
                    [
                        690,
                        382
                    ],
                    [
                        690,
                        384
                    ],
                    [
                        690,
                        652
                    ],
                    [
                        696,
                        372
                    ],
                    [
                        696,
                        652
                    ],
                    [
                        702,
                        362
                    ],
                    [
                        708,
                        346
                    ],
                    [
                        708,
                        654
                    ],
                    [
                        714,
                        332
                    ],
                    [
                        714,
                        334
                    ],
                    [
                        720,
                        314
                    ],
                    [
                        720,
                        316
                    ],
                    [
                        720,
                        656
                    ],
                    [
                        726,
                        304
                    ],
                    [
                        732,
                        294
                    ],
                    [
                        738,
                        284
                    ],
                    [
                        738,
                        286
                    ],
                    [
                        744,
                        272
                    ],
                    [
                        744,
                        662
                    ],
                    [
                        750,
                        258
                    ],
                    [
                        756,
                        246
                    ],
                    [
                        756,
                        248
                    ],
                    [
                        756,
                        664
                    ],
                    [
                        762,
                        202
                    ],
                    [
                        762,
                        204
                    ],
                    [
                        762,
                        206
                    ],
                    [
                        762,
                        208
                    ],
                    [
                        762,
                        210
                    ],
                    [
                        762,
                        212
                    ],
                    [
                        762,
                        228
                    ],
                    [
                        762,
                        666
                    ],
                    [
                        768,
                        130
                    ],
                    [
                        768,
                        132
                    ],
                    [
                        768,
                        140
                    ],
                    [
                        768,
                        186
                    ],
                    [
                        768,
                        188
                    ],
                    [
                        768,
                        668
                    ],
                    [
                        774,
                        76
                    ],
                    [
                        774,
                        100
                    ],
                    [
                        774,
                        102
                    ],
                    [
                        774,
                        104
                    ],
                    [
                        774,
                        106
                    ],
                    [
                        774,
                        108
                    ],
                    [
                        774,
                        110
                    ],
                    [
                        774,
                        670
                    ],
                    [
                        780,
                        78
                    ],
                    [
                        780,
                        672
                    ],
                    [
                        786,
                        82
                    ],
                    [
                        792,
                        86
                    ],
                    [
                        792,
                        678
                    ],
                    [
                        804,
                        94
                    ],
                    [
                        804,
                        96
                    ],
                    [
                        804,
                        684
                    ],
                    [
                        816,
                        106
                    ],
                    [
                        822,
                        110
                    ],
                    [
                        822,
                        692
                    ],
                    [
                        828,
                        112
                    ],
                    [
                        828,
                        694
                    ],
                    [
                        834,
                        116
                    ],
                    [
                        840,
                        122
                    ],
                    [
                        846,
                        126
                    ],
                    [
                        846,
                        700
                    ],
                    [
                        852,
                        132
                    ],
                    [
                        852,
                        702
                    ],
                    [
                        858,
                        136
                    ],
                    [
                        864,
                        142
                    ],
                    [
                        870,
                        150
                    ],
                    [
                        876,
                        154
                    ],
                    [
                        876,
                        710
                    ],
                    [
                        882,
                        162
                    ],
                    [
                        888,
                        170
                    ],
                    [
                        888,
                        714
                    ],
                    [
                        894,
                        176
                    ],
                    [
                        894,
                        716
                    ],
                    [
                        900,
                        184
                    ],
                    [
                        900,
                        718
                    ],
                    [
                        906,
                        190
                    ],
                    [
                        906,
                        722
                    ],
                    [
                        912,
                        202
                    ],
                    [
                        912,
                        726
                    ],
                    [
                        918,
                        206
                    ],
                    [
                        918,
                        730
                    ],
                    [
                        924,
                        212
                    ],
                    [
                        930,
                        218
                    ],
                    [
                        930,
                        736
                    ],
                    [
                        936,
                        222
                    ],
                    [
                        936,
                        738
                    ],
                    [
                        942,
                        226
                    ],
                    [
                        942,
                        228
                    ],
                    [
                        942,
                        740
                    ],
                    [
                        948,
                        232
                    ],
                    [
                        954,
                        244
                    ],
                    [
                        954,
                        744
                    ],
                    [
                        960,
                        252
                    ],
                    [
                        966,
                        258
                    ],
                    [
                        966,
                        750
                    ],
                    [
                        972,
                        262
                    ],
                    [
                        972,
                        754
                    ],
                    [
                        978,
                        264
                    ],
                    [
                        978,
                        758
                    ],
                    [
                        984,
                        270
                    ],
                    [
                        984,
                        762
                    ],
                    [
                        990,
                        276
                    ],
                    [
                        990,
                        764
                    ],
                    [
                        996,
                        280
                    ],
                    [
                        996,
                        766
                    ],
                    [
                        1002,
                        284
                    ],
                    [
                        1002,
                        768
                    ],
                    [
                        1008,
                        288
                    ],
                    [
                        1008,
                        772
                    ],
                    [
                        1020,
                        298
                    ],
                    [
                        1020,
                        784
                    ],
                    [
                        1026,
                        300
                    ],
                    [
                        1026,
                        790
                    ],
                    [
                        1032,
                        302
                    ],
                    [
                        1050,
                        308
                    ],
                    [
                        1056,
                        312
                    ],
                    [
                        1062,
                        316
                    ],
                    [
                        1074,
                        318
                    ],
                    [
                        1080,
                        320
                    ],
                    [
                        1098,
                        324
                    ],
                    [
                        1104,
                        326
                    ],
                    [
                        1110,
                        326
                    ],
                    [
                        1122,
                        328
                    ],
                    [
                        1134,
                        332
                    ],
                    [
                        1140,
                        332
                    ],
                    [
                        1164,
                        342
                    ],
                    [
                        1170,
                        344
                    ],
                    [
                        1176,
                        346
                    ],
                    [
                        1182,
                        348
                    ],
                    [
                        1188,
                        352
                    ],
                    [
                        1194,
                        358
                    ],
                    [
                        1200,
                        364
                    ],
                    [
                        1200,
                        366
                    ],
                    [
                        1206,
                        372
                    ],
                    [
                        1212,
                        378
                    ],
                    [
                        1218,
                        386
                    ],
                    [
                        1224,
                        394
                    ],
                    [
                        1236,
                        404
                    ],
                    [
                        1242,
                        408
                    ],
                    [
                        1248,
                        412
                    ],
                    [
                        1254,
                        414
                    ],
                    [
                        1260,
                        418
                    ],
                    [
                        1266,
                        420
                    ],
                    [
                        1272,
                        422
                    ],
                    [
                        1284,
                        424
                    ],
                    [
                        1290,
                        424
                    ],
                    [
                        1308,
                        424
                    ],
                    [
                        1314,
                        426
                    ],
                    [
                        1320,
                        428
                    ],
                    [
                        1338,
                        432
                    ],
                    [
                        1344,
                        434
                    ],
                    [
                        1362,
                        436
                    ],
                    [
                        1374,
                        438
                    ],
                    [
                        1380,
                        440
                    ],
                    [
                        1386,
                        442
                    ],
                    [
                        1392,
                        442
                    ],
                    [
                        1398,
                        442
                    ],
                    [
                        1404,
                        442
                    ],
                    [
                        1410,
                        446
                    ],
                    [
                        1428,
                        448
                    ],
                    [
                        1434,
                        448
                    ],
                    [
                        1440,
                        448
                    ],
                    [
                        1446,
                        448
                    ],
                    [
                        1452,
                        448
                    ],
                    [
                        1470,
                        450
                    ],
                    [
                        1476,
                        450
                    ],
                    [
                        1482,
                        450
                    ],
                    [
                        1488,
                        450
                    ],
                    [
                        1512,
                        452
                    ],
                    [
                        1530,
                        458
                    ],
                    [
                        1536,
                        460
                    ],
                    [
                        1542,
                        466
                    ],
                    [
                        1548,
                        474
                    ],
                    [
                        1554,
                        480
                    ],
                    [
                        1566,
                        490
                    ],
                    [
                        1572,
                        494
                    ],
                    [
                        1578,
                        498
                    ],
                    [
                        1584,
                        504
                    ],
                    [
                        1590,
                        508
                    ],
                    [
                        1596,
                        512
                    ],
                    [
                        1602,
                        516
                    ],
                    [
                        1614,
                        524
                    ],
                    [
                        1620,
                        526
                    ],
                    [
                        1626,
                        530
                    ],
                    [
                        1632,
                        534
                    ],
                    [
                        1638,
                        538
                    ],
                    [
                        1650,
                        544
                    ],
                    [
                        1656,
                        548
                    ],
                    [
                        1668,
                        554
                    ],
                    [
                        1674,
                        556
                    ],
                    [
                        1686,
                        560
                    ],
                    [
                        1692,
                        574
                    ],
                    [
                        1704,
                        576
                    ],
                    [
                        1710,
                        578
                    ],
                    [
                        1716,
                        580
                    ],
                    [
                        1722,
                        580
                    ],
                    [
                        1728,
                        582
                    ],
                    [
                        1734,
                        584
                    ],
                    [
                        1740,
                        586
                    ],
                    [
                        1758,
                        588
                    ],
                    [
                        1764,
                        588
                    ],
                    [
                        1776,
                        592
                    ],
                    [
                        1788,
                        592
                    ],
                    [
                        1800,
                        604
                    ]
                ],
                "type": "LineString"
            },
            "properties": {
                "elevation": 1870000.0
            },
            "type": "Feature"
        },
        {
            "geometry": {
                "coordinates": [
                    [
                        828,
                        442
                    ],
                    [
                        828,
                        444
                    ],
                    [
                        828,
                        446
                    ],
                    [
                        828,
                        448
                    ],
                    [
                        828,
                        450
                    ],
                    [
                        828,
                        452
                    ],
                    [
                        834,
                        474
                    ],
                    [
                        840,
                        414
                    ],
                    [
                        840,
                        476
                    ],
                    [
                        846,
                        414
                    ],
                    [
                        846,
                        476
                    ],
                    [
                        852,
                        376
                    ],
                    [
                        852,
                        382
                    ],
                    [
                        852,
                        476
                    ],
                    [
                        858,
                        378
                    ],
                    [
                        858,
                        402
                    ],
                    [
                        858,
                        404
                    ],
                    [
                        864,
                        388
                    ],
                    [
                        864,
                        390
                    ],
                    [
                        870,
                        398
                    ],
                    [
                        870,
                        488
                    ],
                    [
                        876,
                        402
                    ],
                    [
                        882,
                        408
                    ],
                    [
                        882,
                        410
                    ],
                    [
                        882,
                        412
                    ],
                    [
                        888,
                        422
                    ],
                    [
                        888,
                        486
                    ],
                    [
                        894,
                        428
                    ],
                    [
                        894,
                        484
                    ],
                    [
                        900,
                        484
                    ],
                    [
                        906,
                        438
                    ],
                    [
                        912,
                        442
                    ],
                    [
                        918,
                        446
                    ],
                    [
                        918,
                        482
                    ],
                    [
                        924,
                        450
                    ],
                    [
                        930,
                        456
                    ],
                    [
                        930,
                        478
                    ],
                    [
                        936,
                        476
                    ],
                    [
                        942,
                        464
                    ],
                    [
                        942,
                        472
                    ]
                ],
                "type": "LineString"
            },
            "properties": {
                "elevation": 1988000.0
            },
            "type": "Feature"
        },
        {
            "geometry": {
                "coordinates": [
                    [
                        1056,
                        506
                    ],
                    [
                        1056,
                        508
                    ]
                ],
                "type": "LineString"
            },
            "properties": {
                "elevation": 1988000.0
            },
            "type": "Feature"
        },
        {
            "geometry": {
                "coordinates": [
                    [
                        792,
                        484
                    ],
                    [
                        792,
                        486
                    ],
                    [
                        792,
                        504
                    ],
                    [
                        792,
                        506
                    ],
                    [
                        798,
                        466
                    ],
                    [
                        804,
                        442
                    ],
                    [
                        804,
                        512
                    ],
                    [
                        810,
                        420
                    ],
                    [
                        816,
                        518
                    ],
                    [
                        822,
                        376
                    ],
                    [
                        822,
                        386
                    ],
                    [
                        822,
                        388
                    ],
                    [
                        822,
                        402
                    ],
                    [
                        828,
                        300
                    ],
                    [
                        828,
                        320
                    ],
                    [
                        828,
                        322
                    ],
                    [
                        828,
                        324
                    ],
                    [
                        828,
                        368
                    ],
                    [
                        828,
                        522
                    ],
                    [
                        834,
                        354
                    ],
                    [
                        834,
                        358
                    ],
                    [
                        834,
                        360
                    ],
                    [
                        834,
                        524
                    ],
                    [
                        840,
                        300
                    ],
                    [
                        846,
                        308
                    ],
                    [
                        852,
                        312
                    ],
                    [
                        852,
                        528
                    ],
                    [
                        858,
                        320
                    ],
                    [
                        858,
                        528
                    ],
                    [
                        864,
                        324
                    ],
                    [
                        864,
                        528
                    ],
                    [
                        870,
                        334
                    ],
                    [
                        876,
                        352
                    ],
                    [
                        876,
                        354
                    ],
                    [
                        876,
                        528
                    ],
                    [
                        882,
                        362
                    ],
                    [
                        882,
                        364
                    ],
                    [
                        882,
                        528
                    ],
                    [
                        888,
                        370
                    ],
                    [
                        888,
                        528
                    ],
                    [
                        894,
                        374
                    ],
                    [
                        894,
                        528
                    ],
                    [
                        906,
                        384
                    ],
                    [
                        906,
                        528
                    ],
                    [
                        912,
                        392
                    ],
                    [
                        918,
                        400
                    ],
                    [
                        924,
                        406
                    ],
                    [
                        924,
                        530
                    ],
                    [
                        930,
                        410
                    ],
                    [
                        930,
                        534
                    ],
                    [
                        936,
                        414
                    ],
                    [
                        936,
                        534
                    ],
                    [
                        948,
                        420
                    ],
                    [
                        954,
                        424
                    ],
                    [
                        954,
                        536
                    ],
                    [
                        960,
                        538
                    ],
                    [
                        966,
                        430
                    ],
                    [
                        966,
                        540
                    ],
                    [
                        972,
                        432
                    ],
                    [
                        978,
                        546
                    ],
                    [
                        984,
                        436
                    ],
                    [
                        984,
                        552
                    ],
                    [
                        990,
                        440
                    ],
                    [
                        990,
                        554
                    ],
                    [
                        996,
                        442
                    ],
                    [
                        996,
                        554
                    ],
                    [
                        1002,
                        446
                    ],
                    [
                        1002,
                        556
                    ],
                    [
                        1008,
                        448
                    ],
                    [
                        1008,
                        558
                    ],
                    [
                        1014,
                        452
                    ],
                    [
                        1014,
                        562
                    ],
                    [
                        1020,
                        456
                    ],
                    [
                        1020,
                        564
                    ],
                    [
                        1026,
                        566
                    ],
                    [
                        1032,
                        570
                    ],
                    [
                        1038,
                        462
                    ],
                    [
                        1044,
                        462
                    ],
                    [
                        1050,
                        464
                    ],
                    [
                        1056,
                        580
                    ],
                    [
                        1062,
                        582
                    ],
                    [
                        1068,
                        466
                    ],
                    [
                        1068,
                        584
                    ],
                    [
                        1080,
                        590
                    ],
                    [
                        1086,
                        472
                    ],
                    [
                        1092,
                        476
                    ],
                    [
                        1092,
                        596
                    ],
                    [
                        1098,
                        598
                    ],
                    [
                        1104,
                        482
                    ],
                    [
                        1104,
                        602
                    ],
                    [
                        1110,
                        604
                    ],
                    [
                        1116,
                        492
                    ],
                    [
                        1116,
                        608
                    ],
                    [
                        1122,
                        612
                    ],
                    [
                        1128,
                        502
                    ],
                    [
                        1128,
                        616
                    ],
                    [
                        1134,
                        508
                    ],
                    [
                        1134,
                        618
                    ],
                    [
                        1140,
                        622
                    ],
                    [
                        1146,
                        518
                    ],
                    [
                        1152,
                        522
                    ],
                    [
                        1152,
                        626
                    ],
                    [
                        1158,
                        526
                    ],
                    [
                        1158,
                        628
                    ],
                    [
                        1164,
                        530
                    ],
                    [
                        1164,
                        630
                    ],
                    [
                        1170,
                        632
                    ],
                    [
                        1176,
                        536
                    ],
                    [
                        1176,
                        634
                    ],
                    [
                        1182,
                        540
                    ],
                    [
                        1182,
                        636
                    ],
                    [
                        1182,
                        638
                    ],
                    [
                        1188,
                        544
                    ],
                    [
                        1188,
                        640
                    ],
                    [
                        1188,
                        642
                    ],
                    [
                        1200,
                        552
                    ],
                    [
                        1200,
                        648
                    ],
                    [
                        1212,
                        556
                    ],
                    [
                        1212,
                        650
                    ],
                    [
                        1218,
                        558
                    ],
                    [
                        1224,
                        648
                    ],
                    [
                        1230,
                        560
                    ],
                    [
                        1230,
                        646
                    ],
                    [
                        1236,
                        562
                    ],
                    [
                        1236,
                        644
                    ],
                    [
                        1242,
                        562
                    ],
                    [
                        1242,
                        640
                    ],
                    [
                        1248,
                        564
                    ],
                    [
                        1248,
                        638
                    ],
                    [
                        1254,
                        566
                    ],
                    [
                        1254,
                        634
                    ],
                    [
                        1260,
                        570
                    ],
                    [
                        1260,
                        628
                    ],
                    [
                        1266,
                        574
                    ],
                    [
                        1266,
                        622
                    ],
                    [
                        1272,
                        578
                    ],
                    [
                        1272,
                        612
                    ],
                    [
                        1278,
                        578
                    ],
                    [
                        1278,
                        606
                    ],
                    [
                        1284,
                        598
                    ],
                    [
                        1284,
                        600
                    ],
                    [
                        1290,
                        580
                    ],
                    [
                        1290,
                        586
                    ],
                    [
                        1290,
                        588
                    ]
                ],
                "type": "LineString"
            },
            "properties": {
                "elevation": 1968000.0
            },
            "type": "Feature"
        },
        {
            "geometry": {
                "coordinates": [
                    [
                        750,
                        496
                    ],
                    [
                        750,
                        498
                    ],
                    [
                        750,
                        526
                    ],
                    [
                        756,
                        484
                    ],
                    [
                        756,
                        486
                    ],
                    [
                        756,
                        536
                    ],
                    [
                        762,
                        472
                    ],
                    [
                        762,
                        474
                    ],
                    [
                        762,
                        542
                    ],
                    [
                        768,
                        460
                    ],
                    [
                        768,
                        462
                    ],
                    [
                        768,
                        464
                    ],
                    [
                        774,
                        448
                    ],
                    [
                        774,
                        450
                    ],
                    [
                        780,
                        432
                    ],
                    [
                        780,
                        434
                    ],
                    [
                        780,
                        436
                    ],
                    [
                        780,
                        546
                    ],
                    [
                        786,
                        416
                    ],
                    [
                        786,
                        418
                    ],
                    [
                        792,
                        402
                    ],
                    [
                        798,
                        378
                    ],
                    [
                        798,
                        380
                    ],
                    [
                        798,
                        390
                    ],
                    [
                        798,
                        392
                    ],
                    [
                        798,
                        394
                    ],
                    [
                        798,
                        554
                    ],
                    [
                        804,
                        356
                    ],
                    [
                        804,
                        358
                    ],
                    [
                        804,
                        360
                    ],
                    [
                        804,
                        362
                    ],
                    [
                        804,
                        556
                    ],
                    [
                        810,
                        282
                    ],
                    [
                        816,
                        252
                    ],
                    [
                        816,
                        254
                    ],
                    [
                        816,
                        558
                    ],
                    [
                        822,
                        248
                    ],
                    [
                        822,
                        560
                    ],
                    [
                        828,
                        248
                    ],
                    [
                        834,
                        254
                    ],
                    [
                        834,
                        564
                    ],
                    [
                        840,
                        258
                    ],
                    [
                        840,
                        566
                    ],
                    [
                        846,
                        262
                    ],
                    [
                        846,
                        566
                    ],
                    [
                        852,
                        268
                    ],
                    [
                        852,
                        566
                    ],
                    [
                        858,
                        280
                    ],
                    [
                        858,
                        566
                    ],
                    [
                        864,
                        286
                    ],
                    [
                        870,
                        288
                    ],
                    [
                        870,
                        570
                    ],
                    [
                        876,
                        292
                    ],
                    [
                        876,
                        572
                    ],
                    [
                        882,
                        298
                    ],
                    [
                        882,
                        572
                    ],
                    [
                        888,
                        306
                    ],
                    [
                        888,
                        308
                    ],
                    [
                        888,
                        310
                    ],
                    [
                        888,
                        574
                    ],
                    [
                        894,
                        320
                    ],
                    [
                        894,
                        322
                    ],
                    [
                        900,
                        336
                    ],
                    [
                        900,
                        580
                    ],
                    [
                        906,
                        342
                    ],
                    [
                        906,
                        580
                    ],
                    [
                        912,
                        348
                    ],
                    [
                        912,
                        350
                    ],
                    [
                        918,
                        358
                    ],
                    [
                        918,
                        584
                    ],
                    [
                        924,
                        362
                    ],
                    [
                        930,
                        588
                    ],
                    [
                        936,
                        370
                    ],
                    [
                        936,
                        590
                    ],
                    [
                        942,
                        376
                    ],
                    [
                        948,
                        380
                    ],
                    [
                        948,
                        590
                    ],
                    [
                        954,
                        384
                    ],
                    [
                        954,
                        590
                    ],
                    [
                        960,
                        594
                    ],
                    [
                        960,
                        596
                    ],
                    [
                        966,
                        392
                    ],
                    [
                        966,
                        600
                    ],
                    [
                        972,
                        396
                    ],
                    [
                        972,
                        604
                    ],
                    [
                        978,
                        400
                    ],
                    [
                        978,
                        606
                    ],
                    [
                        984,
                        404
                    ],
                    [
                        984,
                        608
                    ],
                    [
                        990,
                        408
                    ],
                    [
                        990,
                        610
                    ],
                    [
                        996,
                        412
                    ],
                    [
                        996,
                        612
                    ],
                    [
                        1002,
                        614
                    ],
                    [
                        1008,
                        614
                    ],
                    [
                        1014,
                        418
                    ],
                    [
                        1014,
                        616
                    ],
                    [
                        1020,
                        420
                    ],
                    [
                        1026,
                        422
                    ],
                    [
                        1026,
                        622
                    ],
                    [
                        1032,
                        424
                    ],
                    [
                        1032,
                        626
                    ],
                    [
                        1038,
                        426
                    ],
                    [
                        1038,
                        630
                    ],
                    [
                        1044,
                        426
                    ],
                    [
                        1044,
                        632
                    ],
                    [
                        1050,
                        428
                    ],
                    [
                        1050,
                        634
                    ],
                    [
                        1056,
                        636
                    ],
                    [
                        1062,
                        430
                    ],
                    [
                        1062,
                        638
                    ],
                    [
                        1062,
                        640
                    ],
                    [
                        1068,
                        430
                    ],
                    [
                        1068,
                        642
                    ],
                    [
                        1068,
                        644
                    ],
                    [
                        1074,
                        432
                    ],
                    [
                        1074,
                        646
                    ],
                    [
                        1080,
                        434
                    ],
                    [
                        1080,
                        650
                    ],
                    [
                        1086,
                        436
                    ],
                    [
                        1086,
                        654
                    ],
                    [
                        1092,
                        438
                    ],
                    [
                        1092,
                        658
                    ],
                    [
                        1104,
                        440
                    ],
                    [
                        1104,
                        666
                    ],
                    [
                        1110,
                        442
                    ],
                    [
                        1110,
                        668
                    ],
                    [
                        1116,
                        446
                    ],
                    [
                        1116,
                        672
                    ],
                    [
                        1122,
                        450
                    ],
                    [
                        1122,
                        674
                    ],
                    [
                        1128,
                        454
                    ],
                    [
                        1128,
                        680
                    ],
                    [
                        1134,
                        460
                    ],
                    [
                        1140,
                        466
                    ],
                    [
                        1146,
                        470
                    ],
                    [
                        1146,
                        690
                    ],
                    [
                        1152,
                        476
                    ],
                    [
                        1152,
                        694
                    ],
                    [
                        1158,
                        480
                    ],
                    [
                        1158,
                        698
                    ],
                    [
                        1164,
                        486
                    ],
                    [
                        1170,
                        706
                    ],
                    [
                        1176,
                        710
                    ],
                    [
                        1182,
                        714
                    ],
                    [
                        1188,
                        504
                    ],
                    [
                        1188,
                        718
                    ],
                    [
                        1194,
                        508
                    ],
                    [
                        1194,
                        720
                    ],
                    [
                        1200,
                        720
                    ],
                    [
                        1206,
                        514
                    ],
                    [
                        1206,
                        718
                    ],
                    [
                        1212,
                        518
                    ],
                    [
                        1218,
                        520
                    ],
                    [
                        1218,
                        714
                    ],
                    [
                        1224,
                        710
                    ],
                    [
                        1230,
                        524
                    ],
                    [
                        1230,
                        704
                    ],
                    [
                        1236,
                        526
                    ],
                    [
                        1236,
                        700
                    ],
                    [
                        1242,
                        528
                    ],
                    [
                        1242,
                        696
                    ],
                    [
                        1248,
                        694
                    ],
                    [
                        1254,
                        532
                    ],
                    [
                        1260,
                        532
                    ],
                    [
                        1260,
                        696
                    ],
                    [
                        1266,
                        698
                    ],
                    [
                        1272,
                        700
                    ],
                    [
                        1278,
                        536
                    ],
                    [
                        1278,
                        702
                    ],
                    [
                        1284,
                        704
                    ],
                    [
                        1290,
                        538
                    ],
                    [
                        1290,
                        708
                    ],
                    [
                        1296,
                        540
                    ],
                    [
                        1296,
                        712
                    ],
                    [
                        1302,
                        544
                    ],
                    [
                        1308,
                        718
                    ],
                    [
                        1314,
                        546
                    ],
                    [
                        1314,
                        718
                    ],
                    [
                        1320,
                        548
                    ],
                    [
                        1320,
                        722
                    ],
                    [
                        1326,
                        550
                    ],
                    [
                        1326,
                        724
                    ],
                    [
                        1332,
                        552
                    ],
                    [
                        1332,
                        726
                    ],
                    [
                        1338,
                        556
                    ],
                    [
                        1338,
                        726
                    ],
                    [
                        1344,
                        558
                    ],
                    [
                        1344,
                        578
                    ],
                    [
                        1344,
                        580
                    ],
                    [
                        1344,
                        582
                    ],
                    [
                        1344,
                        584
                    ],
                    [
                        1344,
                        726
                    ],
                    [
                        1350,
                        562
                    ],
                    [
                        1350,
                        564
                    ],
                    [
                        1350,
                        570
                    ],
                    [
                        1350,
                        572
                    ],
                    [
                        1350,
                        730
                    ],
                    [
                        1350,
                        732
                    ],
                    [
                        1356,
                        730
                    ],
                    [
                        1362,
                        592
                    ],
                    [
                        1362,
                        736
                    ],
                    [
                        1362,
                        738
                    ],
                    [
                        1374,
                        596
                    ],
                    [
                        1380,
                        600
                    ],
                    [
                        1386,
                        602
                    ],
                    [
                        1386,
                        740
                    ],
                    [
                        1392,
                        604
                    ],
                    [
                        1392,
                        742
                    ],
                    [
                        1398,
                        744
                    ],
                    [
                        1404,
                        748
                    ],
                    [
                        1410,
                        604
                    ],
                    [
                        1416,
                        604
                    ],
                    [
                        1416,
                        606
                    ],
                    [
                        1416,
                        756
                    ],
                    [
                        1422,
                        604
                    ],
                    [
                        1422,
                        606
                    ],
                    [
                        1428,
                        604
                    ],
                    [
                        1428,
                        760
                    ],
                    [
                        1434,
                        604
                    ],
                    [
                        1434,
                        762
                    ],
                    [
                        1434,
                        764
                    ],
                    [
                        1440,
                        606
                    ],
                    [
                        1440,
                        768
                    ],
                    [
                        1446,
                        606
                    ],
                    [
                        1446,
                        608
                    ],
                    [
                        1446,
                        768
                    ],
                    [
                        1452,
                        608
                    ],
                    [
                        1458,
                        774
                    ],
                    [
                        1464,
                        608
                    ],
                    [
                        1464,
                        778
                    ],
                    [
                        1470,
                        608
                    ],
                    [
                        1470,
                        764
                    ],
                    [
                        1470,
                        768
                    ],
                    [
                        1470,
                        778
                    ],
                    [
                        1476,
                        608
                    ],
                    [
                        1476,
                        760
                    ],
                    [
                        1482,
                        608
                    ],
                    [
                        1482,
                        758
                    ],
                    [
                        1488,
                        610
                    ],
                    [
                        1488,
                        756
                    ],
                    [
                        1494,
                        612
                    ],
                    [
                        1494,
                        754
                    ],
                    [
                        1500,
                        614
                    ],
                    [
                        1500,
                        748
                    ],
                    [
                        1506,
                        616
                    ],
                    [
                        1506,
                        750
                    ],
                    [
                        1512,
                        618
                    ],
                    [
                        1512,
                        748
                    ],
                    [
                        1518,
                        620
                    ],
                    [
                        1518,
                        746
                    ],
                    [
                        1524,
                        624
                    ],
                    [
                        1524,
                        738
                    ],
                    [
                        1530,
                        630
                    ],
                    [
                        1530,
                        642
                    ],
                    [
                        1530,
                        644
                    ],
                    [
                        1530,
                        646
                    ],
                    [
                        1530,
                        648
                    ],
                    [
                        1530,
                        732
                    ],
                    [
                        1536,
                        656
                    ],
                    [
                        1536,
                        658
                    ],
                    [
                        1536,
                        662
                    ],
                    [
                        1536,
                        664
                    ],
                    [
                        1536,
                        666
                    ],
                    [
                        1536,
                        668
                    ],
                    [
                        1536,
                        670
                    ],
                    [
                        1536,
                        672
                    ],
                    [
                        1536,
                        674
                    ],
                    [
                        1536,
                        698
                    ],
                    [
                        1536,
                        700
                    ],
                    [
                        1536,
                        702
                    ],
                    [
                        1536,
                        722
                    ],
                    [
                        1536,
                        724
                    ]
                ],
                "type": "LineString"
            },
            "properties": {
                "elevation": 1965000.0
            },
            "type": "Feature"
        },
        {
            "geometry": {
                "coordinates": [
                    [
                        684,
                        544
                    ],
                    [
                        684,
                        546
                    ],
                    [
                        684,
                        548
                    ],
                    [
                        684,
                        550
                    ],
                    [
                        684,
                        552
                    ],
                    [
                        690,
                        532
                    ],
                    [
                        690,
                        560
                    ],
                    [
                        696,
                        512
                    ],
                    [
                        696,
                        514
                    ],
                    [
                        696,
                        564
                    ],
                    [
                        702,
                        502
                    ],
                    [
                        702,
                        504
                    ],
                    [
                        708,
                        488
                    ],
                    [
                        708,
                        570
                    ],
                    [
                        714,
                        478
                    ],
                    [
                        714,
                        572
                    ],
                    [
                        720,
                        472
                    ],
                    [
                        720,
                        574
                    ],
                    [
                        726,
                        464
                    ],
                    [
                        732,
                        454
                    ],
                    [
                        738,
                        446
                    ],
                    [
                        738,
                        582
                    ],
                    [
                        744,
                        434
                    ],
                    [
                        750,
                        420
                    ],
                    [
                        750,
                        422
                    ],
                    [
                        756,
                        404
                    ],
                    [
                        756,
                        406
                    ],
                    [
                        762,
                        392
                    ],
                    [
                        762,
                        394
                    ],
                    [
                        762,
                        586
                    ],
                    [
                        768,
                        386
                    ],
                    [
                        774,
                        356
                    ],
                    [
                        774,
                        358
                    ],
                    [
                        774,
                        360
                    ],
                    [
                        774,
                        362
                    ],
                    [
                        774,
                        588
                    ],
                    [
                        780,
                        338
                    ],
                    [
                        780,
                        340
                    ],
                    [
                        780,
                        588
                    ],
                    [
                        786,
                        310
                    ],
                    [
                        786,
                        312
                    ],
                    [
                        792,
                        264
                    ],
                    [
                        792,
                        284
                    ],
                    [
                        792,
                        286
                    ],
                    [
                        792,
                        296
                    ],
                    [
                        792,
                        298
                    ],
                    [
                        798,
                        256
                    ],
                    [
                        804,
                        244
                    ],
                    [
                        804,
                        246
                    ],
                    [
                        804,
                        596
                    ],
                    [
                        810,
                        598
                    ],
                    [
                        816,
                        198
                    ],
                    [
                        816,
                        214
                    ],
                    [
                        816,
                        216
                    ],
                    [
                        816,
                        600
                    ],
                    [
                        822,
                        200
                    ],
                    [
                        828,
                        204
                    ],
                    [
                        828,
                        602
                    ],
                    [
                        834,
                        208
                    ],
                    [
                        834,
                        604
                    ],
                    [
                        840,
                        214
                    ],
                    [
                        846,
                        220
                    ],
                    [
                        846,
                        606
                    ],
                    [
                        852,
                        608
                    ],
                    [
                        858,
                        230
                    ],
                    [
                        858,
                        612
                    ],
                    [
                        864,
                        236
                    ],
                    [
                        864,
                        614
                    ],
                    [
                        870,
                        242
                    ],
                    [
                        870,
                        618
                    ],
                    [
                        876,
                        252
                    ],
                    [
                        876,
                        254
                    ],
                    [
                        876,
                        620
                    ],
                    [
                        882,
                        260
                    ],
                    [
                        882,
                        622
                    ],
                    [
                        888,
                        264
                    ],
                    [
                        888,
                        624
                    ],
                    [
                        894,
                        268
                    ],
                    [
                        894,
                        626
                    ],
                    [
                        900,
                        274
                    ],
                    [
                        900,
                        276
                    ],
                    [
                        900,
                        628
                    ],
                    [
                        906,
                        286
                    ],
                    [
                        906,
                        630
                    ],
                    [
                        912,
                        294
                    ],
                    [
                        912,
                        632
                    ],
                    [
                        918,
                        302
                    ],
                    [
                        924,
                        314
                    ],
                    [
                        924,
                        636
                    ],
                    [
                        930,
                        320
                    ],
                    [
                        930,
                        634
                    ],
                    [
                        936,
                        326
                    ],
                    [
                        942,
                        332
                    ],
                    [
                        942,
                        632
                    ],
                    [
                        954,
                        340
                    ],
                    [
                        954,
                        638
                    ],
                    [
                        960,
                        346
                    ],
                    [
                        960,
                        642
                    ],
                    [
                        966,
                        350
                    ],
                    [
                        966,
                        646
                    ],
                    [
                        972,
                        354
                    ],
                    [
                        972,
                        650
                    ],
                    [
                        978,
                        360
                    ],
                    [
                        984,
                        364
                    ],
                    [
                        984,
                        660
                    ],
                    [
                        990,
                        368
                    ],
                    [
                        990,
                        662
                    ],
                    [
                        996,
                        664
                    ],
                    [
                        1002,
                        374
                    ],
                    [
                        1002,
                        666
                    ],
                    [
                        1008,
                        378
                    ],
                    [
                        1014,
                        382
                    ],
                    [
                        1014,
                        670
                    ],
                    [
                        1020,
                        384
                    ],
                    [
                        1026,
                        386
                    ],
                    [
                        1026,
                        672
                    ],
                    [
                        1044,
                        390
                    ],
                    [
                        1044,
                        686
                    ],
                    [
                        1050,
                        392
                    ],
                    [
                        1050,
                        690
                    ],
                    [
                        1056,
                        394
                    ],
                    [
                        1068,
                        396
                    ],
                    [
                        1068,
                        704
                    ],
                    [
                        1074,
                        708
                    ],
                    [
                        1080,
                        398
                    ],
                    [
                        1080,
                        712
                    ],
                    [
                        1086,
                        398
                    ],
                    [
                        1086,
                        716
                    ],
                    [
                        1092,
                        400
                    ],
                    [
                        1092,
                        720
                    ],
                    [
                        1104,
                        402
                    ],
                    [
                        1110,
                        402
                    ],
                    [
                        1110,
                        730
                    ],
                    [
                        1116,
                        734
                    ],
                    [
                        1122,
                        404
                    ],
                    [
                        1122,
                        736
                    ],
                    [
                        1122,
                        738
                    ],
                    [
                        1128,
                        744
                    ],
                    [
                        1134,
                        748
                    ],
                    [
                        1140,
                        412
                    ],
                    [
                        1140,
                        752
                    ],
                    [
                        1146,
                        416
                    ],
                    [
                        1146,
                        758
                    ],
                    [
                        1152,
                        422
                    ],
                    [
                        1158,
                        428
                    ],
                    [
                        1158,
                        764
                    ],
                    [
                        1164,
                        434
                    ],
                    [
                        1164,
                        436
                    ],
                    [
                        1164,
                        768
                    ],
                    [
                        1176,
                        448
                    ],
                    [
                        1182,
                        452
                    ],
                    [
                        1182,
                        776
                    ],
                    [
                        1188,
                        458
                    ],
                    [
                        1188,
                        780
                    ],
                    [
                        1194,
                        462
                    ],
                    [
                        1194,
                        784
                    ],
                    [
                        1200,
                        466
                    ],
                    [
                        1200,
                        786
                    ],
                    [
                        1206,
                        782
                    ],
                    [
                        1212,
                        474
                    ],
                    [
                        1212,
                        774
                    ],
                    [
                        1218,
                        478
                    ],
                    [
                        1218,
                        770
                    ],
                    [
                        1224,
                        480
                    ],
                    [
                        1224,
                        768
                    ],
                    [
                        1230,
                        482
                    ],
                    [
                        1230,
                        768
                    ],
                    [
                        1236,
                        486
                    ],
                    [
                        1242,
                        488
                    ],
                    [
                        1242,
                        772
                    ],
                    [
                        1248,
                        490
                    ],
                    [
                        1248,
                        776
                    ],
                    [
                        1254,
                        780
                    ],
                    [
                        1260,
                        784
                    ],
                    [
                        1266,
                        496
                    ],
                    [
                        1266,
                        788
                    ],
                    [
                        1272,
                        498
                    ],
                    [
                        1278,
                        500
                    ],
                    [
                        1284,
                        500
                    ],
                    [
                        1290,
                        500
                    ],
                    [
                        1302,
                        502
                    ],
                    [
                        1308,
                        504
                    ],
                    [
                        1314,
                        506
                    ],
                    [
                        1320,
                        506
                    ],
                    [
                        1326,
                        508
                    ],
                    [
                        1338,
                        510
                    ],
                    [
                        1344,
                        512
                    ],
                    [
                        1350,
                        514
                    ],
                    [
                        1356,
                        514
                    ],
                    [
                        1362,
                        516
                    ],
                    [
                        1368,
                        516
                    ],
                    [
                        1374,
                        518
                    ],
                    [
                        1380,
                        520
                    ],
                    [
                        1386,
                        522
                    ],
                    [
                        1398,
                        524
                    ],
                    [
                        1404,
                        536
                    ],
                    [
                        1428,
                        540
                    ],
                    [
                        1440,
                        542
                    ],
                    [
                        1452,
                        546
                    ],
                    [
                        1458,
                        550
                    ],
                    [
                        1470,
                        552
                    ],
                    [
                        1476,
                        556
                    ],
                    [
                        1482,
                        562
                    ],
                    [
                        1494,
                        566
                    ],
                    [
                        1512,
                        572
                    ],
                    [
                        1524,
                        578
                    ],
                    [
                        1536,
                        584
                    ],
                    [
                        1542,
                        586
                    ],
                    [
                        1554,
                        592
                    ],
                    [
                        1560,
                        596
                    ],
                    [
                        1566,
                        602
                    ],
                    [
                        1572,
                        610
                    ],
                    [
                        1578,
                        614
                    ],
                    [
                        1584,
                        620
                    ],
                    [
                        1590,
                        624
                    ],
                    [
                        1596,
                        628
                    ],
                    [
                        1614,
                        640
                    ],
                    [
                        1614,
                        790
                    ],
                    [
                        1620,
                        642
                    ],
                    [
                        1620,
                        778
                    ],
                    [
                        1620,
                        780
                    ],
                    [
                        1626,
                        644
                    ],
                    [
                        1626,
                        766
                    ],
                    [
                        1632,
                        646
                    ],
                    [
                        1632,
                        754
                    ],
                    [
                        1638,
                        650
                    ],
                    [
                        1644,
                        652
                    ],
                    [
                        1644,
                        736
                    ],
                    [
                        1650,
                        654
                    ],
                    [
                        1650,
                        724
                    ],
                    [
                        1656,
                        704
                    ],
                    [
                        1662,
                        658
                    ],
                    [
                        1662,
                        682
                    ],
                    [
                        1662,
                        684
                    ]
                ],
                "type": "LineString"
            },
            "properties": {
                "elevation": 1954000.0
            },
            "type": "Feature"
        },
        {
            "geometry": {
                "coordinates": [
                    [
                        612,
                        580
                    ],
                    [
                        612,
                        588
                    ],
                    [
                        618,
                        574
                    ],
                    [
                        618,
                        590
                    ],
                    [
                        624,
                        562
                    ],
                    [
                        624,
                        564
                    ],
                    [
                        624,
                        594
                    ],
                    [
                        630,
                        548
                    ],
                    [
                        636,
                        540
                    ],
                    [
                        636,
                        598
                    ],
                    [
                        642,
                        530
                    ],
                    [
                        642,
                        532
                    ],
                    [
                        642,
                        600
                    ],
                    [
                        648,
                        518
                    ],
                    [
                        648,
                        520
                    ],
                    [
                        648,
                        602
                    ],
                    [
                        654,
                        504
                    ],
                    [
                        654,
                        604
                    ],
                    [
                        660,
                        496
                    ],
                    [
                        660,
                        606
                    ],
                    [
                        672,
                        478
                    ],
                    [
                        678,
                        468
                    ],
                    [
                        678,
                        610
                    ],
                    [
                        684,
                        458
                    ],
                    [
                        684,
                        610
                    ],
                    [
                        690,
                        448
                    ],
                    [
                        690,
                        450
                    ],
                    [
                        690,
                        612
                    ],
                    [
                        696,
                        440
                    ],
                    [
                        702,
                        432
                    ],
                    [
                        702,
                        614
                    ],
                    [
                        708,
                        424
                    ],
                    [
                        708,
                        616
                    ],
                    [
                        714,
                        414
                    ],
                    [
                        714,
                        416
                    ],
                    [
                        720,
                        394
                    ],
                    [
                        720,
                        618
                    ],
                    [
                        726,
                        386
                    ],
                    [
                        732,
                        376
                    ],
                    [
                        732,
                        378
                    ],
                    [
                        732,
                        620
                    ],
                    [
                        738,
                        362
                    ],
                    [
                        738,
                        364
                    ],
                    [
                        738,
                        366
                    ],
                    [
                        738,
                        622
                    ],
                    [
                        744,
                        350
                    ],
                    [
                        744,
                        624
                    ],
                    [
                        750,
                        332
                    ],
                    [
                        750,
                        626
                    ],
                    [
                        756,
                        316
                    ],
                    [
                        756,
                        318
                    ],
                    [
                        762,
                        304
                    ],
                    [
                        762,
                        628
                    ],
                    [
                        768,
                        280
                    ],
                    [
                        768,
                        628
                    ],
                    [
                        774,
                        266
                    ],
                    [
                        774,
                        268
                    ],
                    [
                        774,
                        628
                    ],
                    [
                        780,
                        250
                    ],
                    [
                        780,
                        630
                    ],
                    [
                        786,
                        242
                    ],
                    [
                        792,
                        140
                    ],
                    [
                        792,
                        142
                    ],
                    [
                        792,
                        150
                    ],
                    [
                        792,
                        198
                    ],
                    [
                        798,
                        636
                    ],
                    [
                        804,
                        142
                    ],
                    [
                        810,
                        146
                    ],
                    [
                        816,
                        150
                    ],
                    [
                        816,
                        642
                    ],
                    [
                        822,
                        154
                    ],
                    [
                        822,
                        644
                    ],
                    [
                        828,
                        160
                    ],
                    [
                        828,
                        646
                    ],
                    [
                        834,
                        164
                    ],
                    [
                        834,
                        648
                    ],
                    [
                        840,
                        168
                    ],
                    [
                        840,
                        652
                    ],
                    [
                        846,
                        172
                    ],
                    [
                        846,
                        654
                    ],
                    [
                        852,
                        180
                    ],
                    [
                        852,
                        658
                    ],
                    [
                        858,
                        186
                    ],
                    [
                        858,
                        660
                    ],
                    [
                        864,
                        194
                    ],
                    [
                        864,
                        662
                    ],
                    [
                        870,
                        200
                    ],
                    [
                        876,
                        204
                    ],
                    [
                        876,
                        666
                    ],
                    [
                        882,
                        210
                    ],
                    [
                        888,
                        218
                    ],
                    [
                        894,
                        224
                    ],
                    [
                        894,
                        226
                    ],
                    [
                        894,
                        228
                    ],
                    [
                        894,
                        672
                    ],
                    [
                        900,
                        234
                    ],
                    [
                        900,
                        674
                    ],
                    [
                        906,
                        240
                    ],
                    [
                        912,
                        244
                    ],
                    [
                        912,
                        676
                    ],
                    [
                        918,
                        678
                    ],
                    [
                        924,
                        258
                    ],
                    [
                        924,
                        260
                    ],
                    [
                        930,
                        268
                    ],
                    [
                        930,
                        270
                    ],
                    [
                        936,
                        278
                    ],
                    [
                        936,
                        280
                    ],
                    [
                        936,
                        686
                    ],
                    [
                        954,
                        294
                    ],
                    [
                        960,
                        300
                    ],
                    [
                        960,
                        696
                    ],
                    [
                        966,
                        304
                    ],
                    [
                        966,
                        700
                    ],
                    [
                        972,
                        310
                    ],
                    [
                        978,
                        314
                    ],
                    [
                        978,
                        706
                    ],
                    [
                        984,
                        318
                    ],
                    [
                        990,
                        324
                    ],
                    [
                        996,
                        328
                    ],
                    [
                        996,
                        712
                    ],
                    [
                        1002,
                        332
                    ],
                    [
                        1002,
                        716
                    ],
                    [
                        1008,
                        336
                    ],
                    [
                        1008,
                        720
                    ],
                    [
                        1014,
                        338
                    ],
                    [
                        1014,
                        724
                    ],
                    [
                        1020,
                        342
                    ],
                    [
                        1020,
                        728
                    ],
                    [
                        1026,
                        344
                    ],
                    [
                        1032,
                        346
                    ],
                    [
                        1032,
                        734
                    ],
                    [
                        1038,
                        348
                    ],
                    [
                        1038,
                        738
                    ],
                    [
                        1044,
                        350
                    ],
                    [
                        1044,
                        742
                    ],
                    [
                        1050,
                        352
                    ],
                    [
                        1050,
                        746
                    ],
                    [
                        1056,
                        752
                    ],
                    [
                        1062,
                        758
                    ],
                    [
                        1074,
                        772
                    ],
                    [
                        1080,
                        360
                    ],
                    [
                        1080,
                        778
                    ],
                    [
                        1086,
                        784
                    ],
                    [
                        1092,
                        362
                    ],
                    [
                        1092,
                        786
                    ],
                    [
                        1098,
                        362
                    ],
                    [
                        1098,
                        790
                    ],
                    [
                        1104,
                        362
                    ],
                    [
                        1134,
                        366
                    ],
                    [
                        1146,
                        370
                    ],
                    [
                        1152,
                        374
                    ],
                    [
                        1164,
                        382
                    ],
                    [
                        1170,
                        386
                    ],
                    [
                        1176,
                        394
                    ],
                    [
                        1182,
                        400
                    ],
                    [
                        1188,
                        408
                    ],
                    [
                        1194,
                        412
                    ],
                    [
                        1194,
                        414
                    ],
                    [
                        1206,
                        426
                    ],
                    [
                        1224,
                        438
                    ],
                    [
                        1230,
                        442
                    ],
                    [
                        1236,
                        446
                    ],
                    [
                        1254,
                        452
                    ],
                    [
                        1266,
                        458
                    ],
                    [
                        1278,
                        460
                    ],
                    [
                        1284,
                        460
                    ],
                    [
                        1296,
                        462
                    ],
                    [
                        1308,
                        464
                    ],
                    [
                        1314,
                        464
                    ],
                    [
                        1320,
                        466
                    ],
                    [
                        1326,
                        468
                    ],
                    [
                        1338,
                        470
                    ],
                    [
                        1350,
                        472
                    ],
                    [
                        1362,
                        474
                    ],
                    [
                        1374,
                        476
                    ],
                    [
                        1398,
                        482
                    ],
                    [
                        1404,
                        482
                    ],
                    [
                        1416,
                        484
                    ],
                    [
                        1428,
                        486
                    ],
                    [
                        1440,
                        488
                    ],
                    [
                        1446,
                        490
                    ],
                    [
                        1458,
                        492
                    ],
                    [
                        1464,
                        494
                    ],
                    [
                        1476,
                        496
                    ],
                    [
                        1482,
                        498
                    ],
                    [
                        1494,
                        504
                    ],
                    [
                        1506,
                        510
                    ],
                    [
                        1512,
                        512
                    ],
                    [
                        1524,
                        516
                    ],
                    [
                        1530,
                        518
                    ],
                    [
                        1542,
                        528
                    ],
                    [
                        1548,
                        532
                    ],
                    [
                        1554,
                        534
                    ],
                    [
                        1560,
                        538
                    ],
                    [
                        1578,
                        552
                    ],
                    [
                        1584,
                        556
                    ],
                    [
                        1590,
                        560
                    ],
                    [
                        1596,
                        562
                    ],
                    [
                        1608,
                        568
                    ],
                    [
                        1614,
                        572
                    ],
                    [
                        1620,
                        576
                    ],
                    [
                        1626,
                        580
                    ],
                    [
                        1632,
                        596
                    ],
                    [
                        1638,
                        600
                    ],
                    [
                        1644,
                        602
                    ],
                    [
                        1656,
                        606
                    ],
                    [
                        1674,
                        776
                    ],
                    [
                        1674,
                        778
                    ],
                    [
                        1680,
                        616
                    ],
                    [
                        1680,
                        764
                    ],
                    [
                        1686,
                        616
                    ],
                    [
                        1686,
                        754
                    ],
                    [
                        1692,
                        746
                    ],
                    [
                        1698,
                        740
                    ],
                    [
                        1704,
                        622
                    ],
                    [
                        1704,
                        732
                    ],
                    [
                        1710,
                        624
                    ],
                    [
                        1710,
                        720
                    ],
                    [
                        1716,
                        702
                    ],
                    [
                        1716,
                        704
                    ],
                    [
                        1716,
                        706
                    ],
                    [
                        1722,
                        680
                    ],
                    [
                        1722,
                        682
                    ],
                    [
                        1728,
                        634
                    ],
                    [
                        1728,
                        666
                    ],
                    [
                        1728,
                        668
                    ],
                    [
                        1734,
                        640
                    ],
                    [
                        1734,
                        650
                    ],
                    [
                        1734,
                        652
                    ],
                    [
                        1734,
                        654
                    ],
                    [
                        1740,
                        642
                    ],
                    [
                        1740,
                        644
                    ]
                ],
                "type": "LineString"
            },
            "properties": {
                "elevation": 1945000.0
            },
            "type": "Feature"
        },
        {
            "geometry": {
                "coordinates": [
                    [
                        420,
                        634
                    ],
                    [
                        420,
                        636
                    ],
                    [
                        426,
                        626
                    ],
                    [
                        432,
                        624
                    ],
                    [
                        438,
                        644
                    ],
                    [
                        450,
                        612
                    ],
                    [
                        450,
                        650
                    ],
                    [
                        456,
                        654
                    ],
                    [
                        462,
                        656
                    ],
                    [
                        468,
                        656
                    ],
                    [
                        474,
                        598
                    ],
                    [
                        480,
                        594
                    ],
                    [
                        480,
                        658
                    ],
                    [
                        486,
                        590
                    ],
                    [
                        486,
                        660
                    ],
                    [
                        492,
                        584
                    ],
                    [
                        492,
                        660
                    ],
                    [
                        498,
                        576
                    ],
                    [
                        498,
                        662
                    ],
                    [
                        504,
                        572
                    ],
                    [
                        510,
                        566
                    ],
                    [
                        510,
                        664
                    ],
                    [
                        516,
                        562
                    ],
                    [
                        516,
                        664
                    ],
                    [
                        522,
                        666
                    ],
                    [
                        528,
                        554
                    ],
                    [
                        528,
                        666
                    ],
                    [
                        534,
                        548
                    ],
                    [
                        534,
                        668
                    ],
                    [
                        540,
                        540
                    ],
                    [
                        546,
                        532
                    ],
                    [
                        546,
                        670
                    ],
                    [
                        552,
                        524
                    ],
                    [
                        552,
                        670
                    ],
                    [
                        558,
                        516
                    ],
                    [
                        558,
                        518
                    ],
                    [
                        558,
                        672
                    ],
                    [
                        564,
                        512
                    ],
                    [
                        564,
                        672
                    ],
                    [
                        570,
                        504
                    ],
                    [
                        570,
                        674
                    ],
                    [
                        576,
                        496
                    ],
                    [
                        576,
                        674
                    ],
                    [
                        582,
                        484
                    ],
                    [
                        582,
                        486
                    ],
                    [
                        582,
                        674
                    ],
                    [
                        588,
                        474
                    ],
                    [
                        594,
                        464
                    ],
                    [
                        594,
                        676
                    ],
                    [
                        600,
                        454
                    ],
                    [
                        600,
                        456
                    ],
                    [
                        606,
                        446
                    ],
                    [
                        612,
                        440
                    ],
                    [
                        612,
                        678
                    ],
                    [
                        618,
                        434
                    ],
                    [
                        624,
                        424
                    ],
                    [
                        624,
                        680
                    ],
                    [
                        630,
                        414
                    ],
                    [
                        630,
                        680
                    ],
                    [
                        636,
                        406
                    ],
                    [
                        636,
                        682
                    ],
                    [
                        642,
                        398
                    ],
                    [
                        642,
                        682
                    ],
                    [
                        648,
                        386
                    ],
                    [
                        648,
                        388
                    ],
                    [
                        648,
                        682
                    ],
                    [
                        654,
                        370
                    ],
                    [
                        654,
                        372
                    ],
                    [
                        660,
                        362
                    ],
                    [
                        660,
                        684
                    ],
                    [
                        666,
                        354
                    ],
                    [
                        672,
                        340
                    ],
                    [
                        672,
                        342
                    ],
                    [
                        672,
                        344
                    ],
                    [
                        678,
                        326
                    ],
                    [
                        678,
                        328
                    ],
                    [
                        678,
                        688
                    ],
                    [
                        684,
                        314
                    ],
                    [
                        684,
                        316
                    ],
                    [
                        684,
                        688
                    ],
                    [
                        690,
                        302
                    ],
                    [
                        690,
                        304
                    ],
                    [
                        690,
                        690
                    ],
                    [
                        696,
                        294
                    ],
                    [
                        696,
                        690
                    ],
                    [
                        702,
                        280
                    ],
                    [
                        702,
                        692
                    ],
                    [
                        708,
                        266
                    ],
                    [
                        708,
                        692
                    ],
                    [
                        714,
                        258
                    ],
                    [
                        720,
                        248
                    ],
                    [
                        726,
                        236
                    ],
                    [
                        726,
                        238
                    ],
                    [
                        726,
                        696
                    ],
                    [
                        732,
                        216
                    ],
                    [
                        732,
                        218
                    ],
                    [
                        732,
                        698
                    ],
                    [
                        738,
                        190
                    ],
                    [
                        738,
                        700
                    ],
                    [
                        744,
                        54
                    ],
                    [
                        744,
                        56
                    ],
                    [
                        744,
                        58
                    ],
                    [
                        744,
                        60
                    ],
                    [
                        744,
                        66
                    ],
                    [
                        744,
                        68
                    ],
                    [
                        744,
                        70
                    ],
                    [
                        744,
                        72
                    ],
                    [
                        744,
                        74
                    ],
                    [
                        744,
                        76
                    ],
                    [
                        744,
                        78
                    ],
                    [
                        744,
                        80
                    ],
                    [
                        744,
                        82
                    ],
                    [
                        744,
                        84
                    ],
                    [
                        744,
                        110
                    ],
                    [
                        744,
                        112
                    ],
                    [
                        744,
                        138
                    ],
                    [
                        744,
                        140
                    ],
                    [
                        744,
                        162
                    ],
                    [
                        744,
                        164
                    ],
                    [
                        744,
                        166
                    ],
                    [
                        750,
                        38
                    ],
                    [
                        750,
                        40
                    ],
                    [
                        750,
                        706
                    ],
                    [
                        756,
                        28
                    ],
                    [
                        762,
                        712
                    ],
                    [
                        768,
                        24
                    ],
                    [
                        768,
                        714
                    ],
                    [
                        774,
                        716
                    ],
                    [
                        780,
                        26
                    ],
                    [
                        780,
                        718
                    ],
                    [
                        786,
                        28
                    ],
                    [
                        792,
                        32
                    ],
                    [
                        792,
                        724
                    ],
                    [
                        798,
                        36
                    ],
                    [
                        798,
                        726
                    ],
                    [
                        804,
                        42
                    ],
                    [
                        822,
                        62
                    ],
                    [
                        828,
                        66
                    ],
                    [
                        828,
                        736
                    ],
                    [
                        834,
                        72
                    ],
                    [
                        834,
                        738
                    ],
                    [
                        840,
                        76
                    ],
                    [
                        840,
                        740
                    ],
                    [
                        846,
                        80
                    ],
                    [
                        852,
                        746
                    ],
                    [
                        858,
                        748
                    ],
                    [
                        864,
                        96
                    ],
                    [
                        864,
                        750
                    ],
                    [
                        870,
                        102
                    ],
                    [
                        870,
                        752
                    ],
                    [
                        876,
                        106
                    ],
                    [
                        882,
                        112
                    ],
                    [
                        882,
                        758
                    ],
                    [
                        888,
                        120
                    ],
                    [
                        888,
                        758
                    ],
                    [
                        894,
                        126
                    ],
                    [
                        894,
                        762
                    ],
                    [
                        900,
                        132
                    ],
                    [
                        900,
                        766
                    ],
                    [
                        906,
                        138
                    ],
                    [
                        906,
                        768
                    ],
                    [
                        912,
                        772
                    ],
                    [
                        918,
                        148
                    ],
                    [
                        924,
                        156
                    ],
                    [
                        924,
                        778
                    ],
                    [
                        930,
                        162
                    ],
                    [
                        930,
                        782
                    ],
                    [
                        936,
                        170
                    ],
                    [
                        942,
                        182
                    ],
                    [
                        942,
                        788
                    ],
                    [
                        948,
                        186
                    ],
                    [
                        954,
                        192
                    ],
                    [
                        960,
                        200
                    ],
                    [
                        966,
                        206
                    ],
                    [
                        972,
                        212
                    ],
                    [
                        978,
                        220
                    ],
                    [
                        978,
                        222
                    ],
                    [
                        984,
                        226
                    ],
                    [
                        990,
                        232
                    ],
                    [
                        1008,
                        242
                    ],
                    [
                        1014,
                        246
                    ],
                    [
                        1020,
                        250
                    ],
                    [
                        1032,
                        260
                    ],
                    [
                        1038,
                        264
                    ],
                    [
                        1044,
                        268
                    ],
                    [
                        1050,
                        272
                    ],
                    [
                        1056,
                        274
                    ],
                    [
                        1062,
                        276
                    ],
                    [
                        1074,
                        278
                    ],
                    [
                        1080,
                        280
                    ],
                    [
                        1116,
                        290
                    ],
                    [
                        1152,
                        294
                    ],
                    [
                        1158,
                        296
                    ],
                    [
                        1164,
                        298
                    ],
                    [
                        1170,
                        300
                    ],
                    [
                        1182,
                        306
                    ],
                    [
                        1200,
                        318
                    ],
                    [
                        1206,
                        324
                    ],
                    [
                        1212,
                        332
                    ],
                    [
                        1218,
                        338
                    ],
                    [
                        1230,
                        350
                    ],
                    [
                        1236,
                        356
                    ],
                    [
                        1248,
                        368
                    ],
                    [
                        1254,
                        374
                    ],
                    [
                        1260,
                        378
                    ],
                    [
                        1266,
                        380
                    ],
                    [
                        1278,
                        386
                    ],
                    [
                        1296,
                        390
                    ],
                    [
                        1302,
                        390
                    ],
                    [
                        1308,
                        390
                    ],
                    [
                        1326,
                        394
                    ],
                    [
                        1344,
                        396
                    ],
                    [
                        1350,
                        396
                    ],
                    [
                        1356,
                        396
                    ],
                    [
                        1362,
                        398
                    ],
                    [
                        1374,
                        400
                    ],
                    [
                        1386,
                        402
                    ],
                    [
                        1398,
                        404
                    ],
                    [
                        1410,
                        406
                    ],
                    [
                        1416,
                        408
                    ],
                    [
                        1440,
                        410
                    ],
                    [
                        1446,
                        410
                    ],
                    [
                        1452,
                        410
                    ],
                    [
                        1458,
                        410
                    ],
                    [
                        1464,
                        410
                    ],
                    [
                        1470,
                        410
                    ],
                    [
                        1488,
                        410
                    ],
                    [
                        1500,
                        410
                    ],
                    [
                        1506,
                        410
                    ],
                    [
                        1512,
                        412
                    ],
                    [
                        1518,
                        412
                    ],
                    [
                        1536,
                        414
                    ],
                    [
                        1548,
                        416
                    ],
                    [
                        1554,
                        418
                    ],
                    [
                        1560,
                        420
                    ],
                    [
                        1566,
                        422
                    ],
                    [
                        1572,
                        426
                    ],
                    [
                        1578,
                        430
                    ],
                    [
                        1584,
                        436
                    ],
                    [
                        1590,
                        456
                    ],
                    [
                        1596,
                        464
                    ],
                    [
                        1602,
                        470
                    ],
                    [
                        1608,
                        474
                    ],
                    [
                        1614,
                        478
                    ],
                    [
                        1638,
                        494
                    ],
                    [
                        1644,
                        496
                    ],
                    [
                        1650,
                        500
                    ],
                    [
                        1656,
                        502
                    ],
                    [
                        1662,
                        504
                    ],
                    [
                        1668,
                        508
                    ],
                    [
                        1674,
                        510
                    ],
                    [
                        1680,
                        512
                    ],
                    [
                        1692,
                        516
                    ],
                    [
                        1704,
                        518
                    ],
                    [
                        1710,
                        518
                    ],
                    [
                        1716,
                        520
                    ],
                    [
                        1722,
                        522
                    ],
                    [
                        1734,
                        524
                    ],
                    [
                        1746,
                        526
                    ],
                    [
                        1758,
                        530
                    ],
                    [
                        1770,
                        532
                    ],
                    [
                        1776,
                        536
                    ],
                    [
                        1776,
                        538
                    ],
                    [
                        1776,
                        542
                    ],
                    [
                        1788,
                        544
                    ],
                    [
                        1794,
                        544
                    ]
                ],
                "type": "LineString"
            },
            "properties": {
                "elevation": 1926000.0
            },
            "type": "Feature"
        },
        {
            "geometry": {
                "coordinates": [
                    [
                        258,
                        678
                    ],
                    [
                        258,
                        684
                    ],
                    [
                        264,
                        674
                    ],
                    [
                        264,
                        684
                    ],
                    [
                        270,
                        672
                    ],
                    [
                        270,
                        684
                    ],
                    [
                        276,
                        670
                    ],
                    [
                        276,
                        684
                    ],
                    [
                        282,
                        668
                    ],
                    [
                        282,
                        686
                    ],
                    [
                        288,
                        668
                    ],
                    [
                        288,
                        686
                    ],
                    [
                        294,
                        666
                    ],
                    [
                        294,
                        686
                    ],
                    [
                        300,
                        662
                    ],
                    [
                        300,
                        686
                    ],
                    [
                        306,
                        660
                    ],
                    [
                        306,
                        686
                    ],
                    [
                        312,
                        656
                    ],
                    [
                        312,
                        686
                    ],
                    [
                        318,
                        686
                    ],
                    [
                        324,
                        652
                    ],
                    [
                        324,
                        686
                    ],
                    [
                        330,
                        646
                    ],
                    [
                        330,
                        648
                    ],
                    [
                        336,
                        642
                    ],
                    [
                        336,
                        686
                    ],
                    [
                        342,
                        638
                    ],
                    [
                        342,
                        686
                    ],
                    [
                        348,
                        636
                    ],
                    [
                        348,
                        686
                    ],
                    [
                        354,
                        630
                    ],
                    [
                        354,
                        684
                    ],
                    [
                        360,
                        626
                    ],
                    [
                        360,
                        684
                    ],
                    [
                        366,
                        622
                    ],
                    [
                        366,
                        682
                    ],
                    [
                        372,
                        616
                    ],
                    [
                        372,
                        682
                    ],
                    [
                        378,
                        612
                    ],
                    [
                        378,
                        686
                    ],
                    [
                        384,
                        610
                    ],
                    [
                        384,
                        688
                    ],
                    [
                        396,
                        604
                    ],
                    [
                        396,
                        692
                    ],
                    [
                        402,
                        602
                    ],
                    [
                        402,
                        694
                    ],
                    [
                        408,
                        600
                    ],
                    [
                        408,
                        694
                    ],
                    [
                        414,
                        694
                    ],
                    [
                        420,
                        594
                    ],
                    [
                        420,
                        696
                    ],
                    [
                        426,
                        696
                    ],
                    [
                        432,
                        698
                    ],
                    [
                        438,
                        584
                    ],
                    [
                        438,
                        698
                    ],
                    [
                        444,
                        582
                    ],
                    [
                        444,
                        698
                    ],
                    [
                        450,
                        578
                    ],
                    [
                        450,
                        698
                    ],
                    [
                        456,
                        574
                    ],
                    [
                        456,
                        700
                    ],
                    [
                        462,
                        568
                    ],
                    [
                        462,
                        700
                    ],
                    [
                        468,
                        564
                    ],
                    [
                        468,
                        702
                    ],
                    [
                        474,
                        560
                    ],
                    [
                        474,
                        702
                    ],
                    [
                        480,
                        554
                    ],
                    [
                        480,
                        704
                    ],
                    [
                        486,
                        550
                    ],
                    [
                        486,
                        704
                    ],
                    [
                        492,
                        544
                    ],
                    [
                        492,
                        704
                    ],
                    [
                        498,
                        536
                    ],
                    [
                        498,
                        706
                    ],
                    [
                        504,
                        528
                    ],
                    [
                        504,
                        706
                    ],
                    [
                        510,
                        520
                    ],
                    [
                        510,
                        708
                    ],
                    [
                        516,
                        514
                    ],
                    [
                        516,
                        708
                    ],
                    [
                        522,
                        508
                    ],
                    [
                        522,
                        708
                    ],
                    [
                        528,
                        500
                    ],
                    [
                        528,
                        706
                    ],
                    [
                        534,
                        494
                    ],
                    [
                        534,
                        710
                    ],
                    [
                        540,
                        488
                    ],
                    [
                        540,
                        712
                    ],
                    [
                        546,
                        478
                    ],
                    [
                        546,
                        480
                    ],
                    [
                        546,
                        712
                    ],
                    [
                        552,
                        466
                    ],
                    [
                        552,
                        468
                    ],
                    [
                        552,
                        710
                    ],
                    [
                        552,
                        712
                    ],
                    [
                        558,
                        456
                    ],
                    [
                        558,
                        710
                    ],
                    [
                        564,
                        446
                    ],
                    [
                        564,
                        448
                    ],
                    [
                        564,
                        710
                    ],
                    [
                        564,
                        712
                    ],
                    [
                        570,
                        438
                    ],
                    [
                        570,
                        440
                    ],
                    [
                        570,
                        712
                    ],
                    [
                        576,
                        432
                    ],
                    [
                        576,
                        712
                    ],
                    [
                        582,
                        424
                    ],
                    [
                        582,
                        714
                    ],
                    [
                        588,
                        416
                    ],
                    [
                        588,
                        418
                    ],
                    [
                        588,
                        714
                    ],
                    [
                        594,
                        406
                    ],
                    [
                        594,
                        716
                    ],
                    [
                        600,
                        396
                    ],
                    [
                        600,
                        716
                    ],
                    [
                        606,
                        384
                    ],
                    [
                        606,
                        386
                    ],
                    [
                        606,
                        716
                    ],
                    [
                        612,
                        378
                    ],
                    [
                        612,
                        716
                    ],
                    [
                        618,
                        360
                    ],
                    [
                        618,
                        362
                    ],
                    [
                        618,
                        364
                    ],
                    [
                        618,
                        366
                    ],
                    [
                        618,
                        718
                    ],
                    [
                        624,
                        346
                    ],
                    [
                        624,
                        348
                    ],
                    [
                        624,
                        350
                    ],
                    [
                        624,
                        718
                    ],
                    [
                        630,
                        340
                    ],
                    [
                        630,
                        342
                    ],
                    [
                        630,
                        718
                    ],
                    [
                        636,
                        332
                    ],
                    [
                        636,
                        334
                    ],
                    [
                        636,
                        336
                    ],
                    [
                        636,
                        720
                    ],
                    [
                        642,
                        326
                    ],
                    [
                        642,
                        720
                    ],
                    [
                        648,
                        312
                    ],
                    [
                        648,
                        720
                    ],
                    [
                        654,
                        302
                    ],
                    [
                        654,
                        304
                    ],
                    [
                        654,
                        722
                    ],
                    [
                        660,
                        292
                    ],
                    [
                        666,
                        278
                    ],
                    [
                        666,
                        280
                    ],
                    [
                        666,
                        724
                    ],
                    [
                        672,
                        260
                    ],
                    [
                        672,
                        262
                    ],
                    [
                        678,
                        246
                    ],
                    [
                        678,
                        248
                    ],
                    [
                        678,
                        726
                    ],
                    [
                        684,
                        236
                    ],
                    [
                        684,
                        728
                    ],
                    [
                        690,
                        228
                    ],
                    [
                        690,
                        730
                    ],
                    [
                        696,
                        220
                    ],
                    [
                        696,
                        730
                    ],
                    [
                        702,
                        200
                    ],
                    [
                        702,
                        202
                    ],
                    [
                        702,
                        204
                    ],
                    [
                        702,
                        732
                    ],
                    [
                        708,
                        188
                    ],
                    [
                        708,
                        190
                    ],
                    [
                        708,
                        734
                    ],
                    [
                        714,
                        18
                    ],
                    [
                        714,
                        20
                    ],
                    [
                        714,
                        40
                    ],
                    [
                        714,
                        42
                    ],
                    [
                        714,
                        44
                    ],
                    [
                        714,
                        46
                    ],
                    [
                        714,
                        48
                    ],
                    [
                        714,
                        50
                    ],
                    [
                        714,
                        52
                    ],
                    [
                        714,
                        54
                    ],
                    [
                        714,
                        56
                    ],
                    [
                        714,
                        58
                    ],
                    [
                        714,
                        60
                    ],
                    [
                        714,
                        62
                    ],
                    [
                        714,
                        64
                    ],
                    [
                        714,
                        66
                    ],
                    [
                        714,
                        68
                    ],
                    [
                        714,
                        70
                    ],
                    [
                        714,
                        132
                    ],
                    [
                        714,
                        134
                    ],
                    [
                        714,
                        164
                    ],
                    [
                        714,
                        166
                    ],
                    [
                        714,
                        736
                    ],
                    [
                        720,
                        10
                    ],
                    [
                        720,
                        740
                    ],
                    [
                        726,
                        0
                    ],
                    [
                        726,
                        742
                    ],
                    [
                        732,
                        742
                    ],
                    [
                        738,
                        744
                    ],
                    [
                        744,
                        748
                    ],
                    [
                        750,
                        750
                    ],
                    [
                        756,
                        754
                    ],
                    [
                        762,
                        756
                    ],
                    [
                        768,
                        758
                    ],
                    [
                        774,
                        762
                    ],
                    [
                        780,
                        764
                    ],
                    [
                        786,
                        768
                    ],
                    [
                        792,
                        772
                    ],
                    [
                        798,
                        774
                    ],
                    [
                        804,
                        776
                    ],
                    [
                        810,
                        776
                    ],
                    [
                        816,
                        778
                    ],
                    [
                        822,
                        780
                    ],
                    [
                        828,
                        782
                    ],
                    [
                        834,
                        784
                    ],
                    [
                        840,
                        786
                    ],
                    [
                        846,
                        788
                    ]
                ],
                "type": "LineString"
            },
            "properties": {
                "elevation": 1912000.0
            },
            "type": "Feature"
        },
        {
            "geometry": {
                "coordinates": [
                    [
                        816,
                        2
                    ],
                    [
                        822,
                        8
                    ],
                    [
                        828,
                        14
                    ],
                    [
                        834,
                        20
                    ],
                    [
                        840,
                        26
                    ],
                    [
                        846,
                        30
                    ],
                    [
                        852,
                        34
                    ],
                    [
                        858,
                        42
                    ],
                    [
                        864,
                        48
                    ],
                    [
                        870,
                        54
                    ],
                    [
                        876,
                        60
                    ],
                    [
                        876,
                        62
                    ],
                    [
                        882,
                        68
                    ],
                    [
                        888,
                        74
                    ],
                    [
                        888,
                        76
                    ],
                    [
                        894,
                        80
                    ],
                    [
                        894,
                        82
                    ],
                    [
                        900,
                        84
                    ],
                    [
                        906,
                        88
                    ],
                    [
                        906,
                        90
                    ],
                    [
                        906,
                        92
                    ],
                    [
                        912,
                        92
                    ],
                    [
                        912,
                        94
                    ],
                    [
                        912,
                        96
                    ],
                    [
                        918,
                        102
                    ],
                    [
                        924,
                        108
                    ],
                    [
                        930,
                        112
                    ],
                    [
                        930,
                        114
                    ],
                    [
                        936,
                        118
                    ],
                    [
                        936,
                        120
                    ],
                    [
                        942,
                        126
                    ],
                    [
                        948,
                        130
                    ],
                    [
                        954,
                        136
                    ],
                    [
                        960,
                        144
                    ],
                    [
                        966,
                        150
                    ],
                    [
                        966,
                        152
                    ],
                    [
                        972,
                        162
                    ],
                    [
                        978,
                        170
                    ],
                    [
                        984,
                        178
                    ],
                    [
                        984,
                        180
                    ],
                    [
                        990,
                        186
                    ],
                    [
                        996,
                        190
                    ],
                    [
                        1002,
                        194
                    ],
                    [
                        1008,
                        200
                    ],
                    [
                        1014,
                        202
                    ],
                    [
                        1020,
                        206
                    ],
                    [
                        1026,
                        210
                    ],
                    [
                        1032,
                        214
                    ],
                    [
                        1038,
                        220
                    ],
                    [
                        1044,
                        224
                    ],
                    [
                        1050,
                        228
                    ],
                    [
                        1056,
                        232
                    ],
                    [
                        1062,
                        236
                    ],
                    [
                        1068,
                        238
                    ],
                    [
                        1074,
                        240
                    ],
                    [
                        1080,
                        242
                    ],
                    [
                        1086,
                        244
                    ],
                    [
                        1098,
                        246
                    ],
                    [
                        1104,
                        246
                    ],
                    [
                        1110,
                        248
                    ],
                    [
                        1116,
                        250
                    ],
                    [
                        1122,
                        252
                    ],
                    [
                        1128,
                        256
                    ],
                    [
                        1134,
                        262
                    ],
                    [
                        1140,
                        262
                    ],
                    [
                        1152,
                        260
                    ],
                    [
                        1158,
                        262
                    ],
                    [
                        1164,
                        262
                    ],
                    [
                        1170,
                        262
                    ],
                    [
                        1176,
                        264
                    ],
                    [
                        1182,
                        268
                    ],
                    [
                        1188,
                        272
                    ],
                    [
                        1194,
                        274
                    ],
                    [
                        1200,
                        280
                    ],
                    [
                        1206,
                        284
                    ],
                    [
                        1212,
                        288
                    ],
                    [
                        1218,
                        290
                    ],
                    [
                        1224,
                        296
                    ],
                    [
                        1230,
                        300
                    ],
                    [
                        1236,
                        304
                    ],
                    [
                        1242,
                        308
                    ],
                    [
                        1242,
                        310
                    ],
                    [
                        1248,
                        314
                    ],
                    [
                        1248,
                        316
                    ],
                    [
                        1254,
                        326
                    ],
                    [
                        1254,
                        328
                    ],
                    [
                        1260,
                        332
                    ],
                    [
                        1260,
                        334
                    ],
                    [
                        1266,
                        338
                    ],
                    [
                        1266,
                        340
                    ],
                    [
                        1272,
                        344
                    ],
                    [
                        1278,
                        348
                    ],
                    [
                        1284,
                        350
                    ],
                    [
                        1290,
                        352
                    ],
                    [
                        1296,
                        354
                    ],
                    [
                        1302,
                        356
                    ],
                    [
                        1308,
                        356
                    ],
                    [
                        1314,
                        356
                    ],
                    [
                        1320,
                        356
                    ],
                    [
                        1326,
                        358
                    ],
                    [
                        1332,
                        358
                    ],
                    [
                        1338,
                        358
                    ],
                    [
                        1344,
                        358
                    ],
                    [
                        1350,
                        358
                    ],
                    [
                        1356,
                        358
                    ],
                    [
                        1362,
                        358
                    ],
                    [
                        1368,
                        360
                    ],
                    [
                        1380,
                        362
                    ],
                    [
                        1386,
                        362
                    ],
                    [
                        1392,
                        364
                    ],
                    [
                        1404,
                        366
                    ],
                    [
                        1410,
                        368
                    ],
                    [
                        1416,
                        368
                    ],
                    [
                        1422,
                        370
                    ],
                    [
                        1428,
                        372
                    ],
                    [
                        1434,
                        372
                    ],
                    [
                        1440,
                        372
                    ],
                    [
                        1452,
                        374
                    ],
                    [
                        1458,
                        374
                    ],
                    [
                        1470,
                        372
                    ],
                    [
                        1476,
                        372
                    ],
                    [
                        1482,
                        372
                    ],
                    [
                        1488,
                        372
                    ],
                    [
                        1494,
                        372
                    ],
                    [
                        1500,
                        372
                    ],
                    [
                        1506,
                        372
                    ],
                    [
                        1512,
                        372
                    ],
                    [
                        1524,
                        372
                    ],
                    [
                        1530,
                        372
                    ],
                    [
                        1536,
                        372
                    ],
                    [
                        1548,
                        374
                    ],
                    [
                        1554,
                        374
                    ],
                    [
                        1560,
                        374
                    ],
                    [
                        1566,
                        376
                    ],
                    [
                        1572,
                        378
                    ],
                    [
                        1578,
                        380
                    ],
                    [
                        1584,
                        382
                    ],
                    [
                        1590,
                        386
                    ],
                    [
                        1596,
                        394
                    ],
                    [
                        1602,
                        398
                    ],
                    [
                        1608,
                        402
                    ],
                    [
                        1614,
                        408
                    ],
                    [
                        1620,
                        416
                    ],
                    [
                        1620,
                        418
                    ],
                    [
                        1620,
                        420
                    ],
                    [
                        1626,
                        426
                    ],
                    [
                        1626,
                        428
                    ],
                    [
                        1626,
                        430
                    ],
                    [
                        1632,
                        440
                    ],
                    [
                        1638,
                        448
                    ],
                    [
                        1644,
                        452
                    ],
                    [
                        1644,
                        454
                    ],
                    [
                        1650,
                        458
                    ],
                    [
                        1656,
                        460
                    ],
                    [
                        1662,
                        464
                    ],
                    [
                        1668,
                        468
                    ],
                    [
                        1674,
                        470
                    ],
                    [
                        1680,
                        472
                    ],
                    [
                        1686,
                        474
                    ],
                    [
                        1692,
                        476
                    ],
                    [
                        1698,
                        476
                    ],
                    [
                        1704,
                        476
                    ],
                    [
                        1710,
                        476
                    ],
                    [
                        1716,
                        476
                    ],
                    [
                        1734,
                        478
                    ],
                    [
                        1740,
                        478
                    ],
                    [
                        1746,
                        478
                    ],
                    [
                        1752,
                        478
                    ],
                    [
                        1758,
                        480
                    ],
                    [
                        1764,
                        482
                    ],
                    [
                        1776,
                        484
                    ],
                    [
                        1782,
                        484
                    ],
                    [
                        1788,
                        486
                    ],
                    [
                        1794,
                        486
                    ]
                ],
                "type": "LineString"
            },
            "properties": {
                "elevation": 1912000.0
            },
            "type": "Feature"
        },
        {
            "geometry": {
                "coordinates": [
                    [
                        0,
                        760
                    ],
                    [
                        12,
                        752
                    ],
                    [
                        18,
                        746
                    ],
                    [
                        30,
                        736
                    ],
                    [
                        36,
                        728
                    ],
                    [
                        54,
                        718
                    ],
                    [
                        60,
                        716
                    ],
                    [
                        66,
                        716
                    ],
                    [
                        72,
                        712
                    ],
                    [
                        72,
                        730
                    ],
                    [
                        78,
                        726
                    ],
                    [
                        84,
                        726
                    ],
                    [
                        96,
                        720
                    ],
                    [
                        102,
                        718
                    ],
                    [
                        108,
                        696
                    ],
                    [
                        108,
                        702
                    ],
                    [
                        108,
                        710
                    ],
                    [
                        120,
                        688
                    ],
                    [
                        126,
                        684
                    ],
                    [
                        144,
                        680
                    ],
                    [
                        150,
                        680
                    ],
                    [
                        156,
                        680
                    ],
                    [
                        162,
                        680
                    ],
                    [
                        174,
                        678
                    ],
                    [
                        180,
                        676
                    ],
                    [
                        186,
                        674
                    ],
                    [
                        204,
                        666
                    ],
                    [
                        216,
                        660
                    ],
                    [
                        222,
                        656
                    ],
                    [
                        228,
                        652
                    ],
                    [
                        234,
                        650
                    ],
                    [
                        240,
                        648
                    ],
                    [
                        246,
                        648
                    ],
                    [
                        252,
                        650
                    ],
                    [
                        258,
                        650
                    ],
                    [
                        264,
                        648
                    ],
                    [
                        270,
                        646
                    ],
                    [
                        282,
                        640
                    ],
                    [
                        288,
                        638
                    ],
                    [
                        294,
                        636
                    ],
                    [
                        300,
                        634
                    ],
                    [
                        306,
                        630
                    ],
                    [
                        318,
                        622
                    ],
                    [
                        324,
                        618
                    ],
                    [
                        330,
                        614
                    ],
                    [
                        336,
                        610
                    ],
                    [
                        342,
                        604
                    ],
                    [
                        360,
                        592
                    ],
                    [
                        372,
                        586
                    ],
                    [
                        378,
                        584
                    ],
                    [
                        384,
                        582
                    ],
                    [
                        390,
                        580
                    ],
                    [
                        402,
                        574
                    ],
                    [
                        414,
                        566
                    ],
                    [
                        420,
                        562
                    ],
                    [
                        426,
                        558
                    ],
                    [
                        432,
                        554
                    ],
                    [
                        444,
                        544
                    ],
                    [
                        450,
                        538
                    ],
                    [
                        456,
                        532
                    ],
                    [
                        462,
                        528
                    ],
                    [
                        468,
                        520
                    ],
                    [
                        474,
                        514
                    ],
                    [
                        480,
                        504
                    ],
                    [
                        486,
                        496
                    ],
                    [
                        492,
                        488
                    ],
                    [
                        498,
                        484
                    ],
                    [
                        510,
                        476
                    ],
                    [
                        516,
                        468
                    ],
                    [
                        522,
                        460
                    ],
                    [
                        528,
                        446
                    ],
                    [
                        528,
                        448
                    ],
                    [
                        534,
                        434
                    ],
                    [
                        540,
                        426
                    ],
                    [
                        546,
                        420
                    ],
                    [
                        552,
                        414
                    ],
                    [
                        558,
                        406
                    ],
                    [
                        564,
                        392
                    ],
                    [
                        570,
                        382
                    ],
                    [
                        576,
                        372
                    ],
                    [
                        582,
                        362
                    ],
                    [
                        588,
                        348
                    ],
                    [
                        588,
                        350
                    ],
                    [
                        594,
                        334
                    ],
                    [
                        600,
                        322
                    ],
                    [
                        606,
                        312
                    ],
                    [
                        612,
                        304
                    ],
                    [
                        618,
                        298
                    ],
                    [
                        624,
                        290
                    ],
                    [
                        630,
                        278
                    ],
                    [
                        636,
                        260
                    ],
                    [
                        636,
                        262
                    ],
                    [
                        642,
                        230
                    ],
                    [
                        654,
                        218
                    ],
                    [
                        660,
                        212
                    ],
                    [
                        666,
                        202
                    ],
                    [
                        672,
                        6
                    ],
                    [
                        672,
                        8
                    ],
                    [
                        672,
                        22
                    ],
                    [
                        672,
                        24
                    ],
                    [
                        672,
                        190
                    ],
                    [
                        678,
                        48
                    ],
                    [
                        678,
                        50
                    ],
                    [
                        678,
                        166
                    ],
                    [
                        678,
                        168
                    ],
                    [
                        684,
                        74
                    ],
                    [
                        684,
                        76
                    ],
                    [
                        684,
                        146
                    ],
                    [
                        684,
                        148
                    ]
                ],
                "type": "LineString"
            },
            "properties": {
                "elevation": 1902000.0
            },
            "type": "Feature"
        },
        {
            "geometry": {
                "coordinates": [
                    [
                        864,
                        4
                    ],
                    [
                        870,
                        10
                    ],
                    [
                        876,
                        16
                    ],
                    [
                        882,
                        24
                    ],
                    [
                        882,
                        26
                    ],
                    [
                        888,
                        34
                    ],
                    [
                        894,
                        38
                    ],
                    [
                        900,
                        42
                    ],
                    [
                        906,
                        50
                    ],
                    [
                        918,
                        58
                    ],
                    [
                        924,
                        62
                    ],
                    [
                        930,
                        68
                    ],
                    [
                        936,
                        72
                    ],
                    [
                        948,
                        84
                    ],
                    [
                        954,
                        90
                    ],
                    [
                        960,
                        98
                    ],
                    [
                        966,
                        104
                    ],
                    [
                        972,
                        110
                    ],
                    [
                        978,
                        116
                    ],
                    [
                        984,
                        122
                    ],
                    [
                        990,
                        128
                    ],
                    [
                        990,
                        130
                    ],
                    [
                        996,
                        136
                    ],
                    [
                        1002,
                        146
                    ],
                    [
                        1008,
                        150
                    ],
                    [
                        1014,
                        156
                    ],
                    [
                        1020,
                        162
                    ],
                    [
                        1026,
                        164
                    ],
                    [
                        1038,
                        176
                    ],
                    [
                        1044,
                        180
                    ],
                    [
                        1050,
                        184
                    ],
                    [
                        1068,
                        196
                    ],
                    [
                        1074,
                        200
                    ],
                    [
                        1086,
                        206
                    ],
                    [
                        1092,
                        208
                    ],
                    [
                        1098,
                        210
                    ],
                    [
                        1104,
                        212
                    ],
                    [
                        1116,
                        218
                    ],
                    [
                        1122,
                        218
                    ],
                    [
                        1122,
                        220
                    ],
                    [
                        1128,
                        220
                    ],
                    [
                        1134,
                        222
                    ],
                    [
                        1140,
                        230
                    ],
                    [
                        1146,
                        234
                    ],
                    [
                        1152,
                        234
                    ],
                    [
                        1158,
                        232
                    ],
                    [
                        1200,
                        240
                    ],
                    [
                        1206,
                        244
                    ],
                    [
                        1212,
                        248
                    ],
                    [
                        1218,
                        250
                    ],
                    [
                        1224,
                        252
                    ],
                    [
                        1230,
                        256
                    ],
                    [
                        1236,
                        260
                    ],
                    [
                        1242,
                        266
                    ],
                    [
                        1248,
                        270
                    ],
                    [
                        1254,
                        282
                    ],
                    [
                        1254,
                        284
                    ],
                    [
                        1260,
                        294
                    ],
                    [
                        1266,
                        300
                    ],
                    [
                        1266,
                        302
                    ],
                    [
                        1272,
                        308
                    ],
                    [
                        1278,
                        314
                    ],
                    [
                        1290,
                        320
                    ],
                    [
                        1296,
                        320
                    ],
                    [
                        1314,
                        320
                    ],
                    [
                        1320,
                        320
                    ],
                    [
                        1326,
                        320
                    ],
                    [
                        1332,
                        320
                    ],
                    [
                        1338,
                        320
                    ],
                    [
                        1350,
                        318
                    ],
                    [
                        1356,
                        318
                    ],
                    [
                        1368,
                        320
                    ],
                    [
                        1386,
                        324
                    ],
                    [
                        1392,
                        326
                    ],
                    [
                        1404,
                        328
                    ],
                    [
                        1416,
                        330
                    ],
                    [
                        1422,
                        332
                    ],
                    [
                        1440,
                        336
                    ],
                    [
                        1458,
                        338
                    ],
                    [
                        1464,
                        338
                    ],
                    [
                        1470,
                        338
                    ],
                    [
                        1476,
                        338
                    ],
                    [
                        1500,
                        336
                    ],
                    [
                        1512,
                        334
                    ],
                    [
                        1518,
                        334
                    ],
                    [
                        1524,
                        334
                    ],
                    [
                        1530,
                        334
                    ],
                    [
                        1542,
                        336
                    ],
                    [
                        1548,
                        336
                    ],
                    [
                        1554,
                        338
                    ],
                    [
                        1560,
                        340
                    ],
                    [
                        1578,
                        344
                    ],
                    [
                        1584,
                        348
                    ],
                    [
                        1596,
                        354
                    ],
                    [
                        1602,
                        358
                    ],
                    [
                        1614,
                        362
                    ],
                    [
                        1620,
                        366
                    ],
                    [
                        1626,
                        372
                    ],
                    [
                        1632,
                        376
                    ],
                    [
                        1638,
                        380
                    ],
                    [
                        1644,
                        386
                    ],
                    [
                        1650,
                        390
                    ],
                    [
                        1656,
                        396
                    ],
                    [
                        1662,
                        402
                    ],
                    [
                        1668,
                        410
                    ],
                    [
                        1668,
                        412
                    ],
                    [
                        1668,
                        422
                    ],
                    [
                        1668,
                        424
                    ],
                    [
                        1674,
                        430
                    ],
                    [
                        1680,
                        438
                    ],
                    [
                        1686,
                        442
                    ],
                    [
                        1692,
                        442
                    ],
                    [
                        1698,
                        444
                    ],
                    [
                        1704,
                        446
                    ],
                    [
                        1710,
                        448
                    ],
                    [
                        1716,
                        448
                    ],
                    [
                        1722,
                        448
                    ],
                    [
                        1728,
                        446
                    ],
                    [
                        1734,
                        446
                    ],
                    [
                        1752,
                        444
                    ],
                    [
                        1758,
                        446
                    ],
                    [
                        1764,
                        446
                    ],
                    [
                        1770,
                        446
                    ],
                    [
                        1776,
                        448
                    ]
                ],
                "type": "LineString"
            },
            "properties": {
                "elevation": 1902000.0
            },
            "type": "Feature"
        },
        {
            "geometry": {
                "coordinates": [
                    [
                        0,
                        716
                    ],
                    [
                        6,
                        710
                    ],
                    [
                        12,
                        704
                    ],
                    [
                        24,
                        694
                    ],
                    [
                        30,
                        690
                    ],
                    [
                        36,
                        684
                    ],
                    [
                        42,
                        678
                    ],
                    [
                        48,
                        672
                    ],
                    [
                        54,
                        666
                    ],
                    [
                        60,
                        662
                    ],
                    [
                        66,
                        658
                    ],
                    [
                        72,
                        654
                    ],
                    [
                        78,
                        652
                    ],
                    [
                        84,
                        648
                    ],
                    [
                        90,
                        646
                    ],
                    [
                        96,
                        648
                    ],
                    [
                        102,
                        652
                    ],
                    [
                        108,
                        654
                    ],
                    [
                        114,
                        654
                    ],
                    [
                        120,
                        654
                    ],
                    [
                        126,
                        654
                    ],
                    [
                        138,
                        652
                    ],
                    [
                        144,
                        652
                    ],
                    [
                        156,
                        650
                    ],
                    [
                        162,
                        648
                    ],
                    [
                        168,
                        646
                    ],
                    [
                        180,
                        640
                    ],
                    [
                        186,
                        638
                    ],
                    [
                        198,
                        632
                    ],
                    [
                        210,
                        626
                    ],
                    [
                        228,
                        622
                    ],
                    [
                        252,
                        620
                    ],
                    [
                        258,
                        620
                    ],
                    [
                        270,
                        616
                    ],
                    [
                        276,
                        614
                    ],
                    [
                        282,
                        610
                    ],
                    [
                        288,
                        606
                    ],
                    [
                        294,
                        602
                    ],
                    [
                        300,
                        600
                    ],
                    [
                        306,
                        594
                    ],
                    [
                        318,
                        582
                    ],
                    [
                        342,
                        568
                    ],
                    [
                        354,
                        562
                    ],
                    [
                        366,
                        556
                    ],
                    [
                        372,
                        552
                    ],
                    [
                        378,
                        550
                    ],
                    [
                        384,
                        546
                    ],
                    [
                        390,
                        542
                    ],
                    [
                        396,
                        538
                    ],
                    [
                        402,
                        534
                    ],
                    [
                        408,
                        528
                    ],
                    [
                        420,
                        518
                    ],
                    [
                        426,
                        514
                    ],
                    [
                        432,
                        508
                    ],
                    [
                        438,
                        504
                    ],
                    [
                        444,
                        498
                    ],
                    [
                        450,
                        490
                    ],
                    [
                        456,
                        482
                    ],
                    [
                        462,
                        474
                    ],
                    [
                        468,
                        466
                    ],
                    [
                        474,
                        460
                    ],
                    [
                        486,
                        448
                    ],
                    [
                        492,
                        442
                    ],
                    [
                        504,
                        424
                    ],
                    [
                        504,
                        426
                    ],
                    [
                        510,
                        412
                    ],
                    [
                        522,
                        398
                    ],
                    [
                        528,
                        392
                    ],
                    [
                        534,
                        386
                    ],
                    [
                        540,
                        368
                    ],
                    [
                        546,
                        356
                    ],
                    [
                        552,
                        346
                    ],
                    [
                        558,
                        336
                    ],
                    [
                        564,
                        322
                    ],
                    [
                        570,
                        306
                    ],
                    [
                        576,
                        296
                    ],
                    [
                        582,
                        286
                    ],
                    [
                        588,
                        280
                    ],
                    [
                        594,
                        270
                    ],
                    [
                        600,
                        258
                    ],
                    [
                        606,
                        246
                    ],
                    [
                        612,
                        234
                    ],
                    [
                        618,
                        226
                    ],
                    [
                        624,
                        214
                    ],
                    [
                        630,
                        204
                    ],
                    [
                        636,
                        22
                    ],
                    [
                        636,
                        194
                    ],
                    [
                        636,
                        196
                    ],
                    [
                        642,
                        34
                    ],
                    [
                        642,
                        36
                    ],
                    [
                        642,
                        38
                    ],
                    [
                        642,
                        176
                    ],
                    [
                        642,
                        178
                    ],
                    [
                        642,
                        180
                    ],
                    [
                        648,
                        64
                    ],
                    [
                        648,
                        66
                    ],
                    [
                        648,
                        68
                    ],
                    [
                        648,
                        142
                    ],
                    [
                        648,
                        144
                    ],
                    [
                        654,
                        90
                    ],
                    [
                        654,
                        92
                    ],
                    [
                        654,
                        126
                    ],
                    [
                        654,
                        128
                    ],
                    [
                        654,
                        130
                    ]
                ],
                "type": "LineString"
            },
            "properties": {
                "elevation": 1897000.0
            },
            "type": "Feature"
        },
        {
            "geometry": {
                "coordinates": [
                    [
                        906,
                        8
                    ],
                    [
                        918,
                        18
                    ],
                    [
                        924,
                        22
                    ],
                    [
                        930,
                        28
                    ],
                    [
                        936,
                        30
                    ],
                    [
                        942,
                        34
                    ],
                    [
                        948,
                        38
                    ],
                    [
                        954,
                        42
                    ],
                    [
                        960,
                        48
                    ],
                    [
                        966,
                        54
                    ],
                    [
                        972,
                        60
                    ],
                    [
                        978,
                        66
                    ],
                    [
                        984,
                        76
                    ],
                    [
                        990,
                        80
                    ],
                    [
                        996,
                        84
                    ],
                    [
                        1002,
                        90
                    ],
                    [
                        1008,
                        96
                    ],
                    [
                        1014,
                        102
                    ],
                    [
                        1020,
                        112
                    ],
                    [
                        1026,
                        118
                    ],
                    [
                        1032,
                        126
                    ],
                    [
                        1038,
                        132
                    ],
                    [
                        1044,
                        136
                    ],
                    [
                        1050,
                        140
                    ],
                    [
                        1056,
                        146
                    ],
                    [
                        1062,
                        150
                    ],
                    [
                        1068,
                        154
                    ],
                    [
                        1074,
                        160
                    ],
                    [
                        1080,
                        164
                    ],
                    [
                        1086,
                        168
                    ],
                    [
                        1092,
                        172
                    ],
                    [
                        1098,
                        174
                    ],
                    [
                        1104,
                        176
                    ],
                    [
                        1110,
                        178
                    ],
                    [
                        1128,
                        186
                    ],
                    [
                        1140,
                        192
                    ],
                    [
                        1146,
                        198
                    ],
                    [
                        1152,
                        204
                    ],
                    [
                        1164,
                        210
                    ],
                    [
                        1170,
                        210
                    ],
                    [
                        1176,
                        208
                    ],
                    [
                        1182,
                        206
                    ],
                    [
                        1188,
                        204
                    ],
                    [
                        1194,
                        208
                    ],
                    [
                        1200,
                        210
                    ],
                    [
                        1206,
                        212
                    ],
                    [
                        1218,
                        214
                    ],
                    [
                        1224,
                        214
                    ],
                    [
                        1230,
                        216
                    ],
                    [
                        1236,
                        222
                    ],
                    [
                        1242,
                        224
                    ],
                    [
                        1248,
                        228
                    ],
                    [
                        1254,
                        238
                    ],
                    [
                        1254,
                        240
                    ],
                    [
                        1260,
                        250
                    ],
                    [
                        1266,
                        258
                    ],
                    [
                        1266,
                        260
                    ],
                    [
                        1272,
                        278
                    ],
                    [
                        1278,
                        282
                    ],
                    [
                        1290,
                        290
                    ],
                    [
                        1296,
                        288
                    ],
                    [
                        1302,
                        286
                    ],
                    [
                        1308,
                        284
                    ],
                    [
                        1314,
                        282
                    ],
                    [
                        1326,
                        286
                    ],
                    [
                        1338,
                        284
                    ],
                    [
                        1344,
                        284
                    ],
                    [
                        1356,
                        284
                    ],
                    [
                        1374,
                        286
                    ],
                    [
                        1380,
                        286
                    ],
                    [
                        1386,
                        286
                    ],
                    [
                        1392,
                        288
                    ],
                    [
                        1398,
                        290
                    ],
                    [
                        1404,
                        294
                    ],
                    [
                        1416,
                        294
                    ],
                    [
                        1422,
                        294
                    ],
                    [
                        1434,
                        302
                    ],
                    [
                        1446,
                        302
                    ],
                    [
                        1458,
                        304
                    ],
                    [
                        1464,
                        306
                    ],
                    [
                        1476,
                        306
                    ],
                    [
                        1494,
                        302
                    ],
                    [
                        1500,
                        300
                    ],
                    [
                        1506,
                        298
                    ],
                    [
                        1512,
                        298
                    ],
                    [
                        1518,
                        298
                    ],
                    [
                        1524,
                        298
                    ],
                    [
                        1530,
                        300
                    ],
                    [
                        1536,
                        300
                    ],
                    [
                        1548,
                        302
                    ],
                    [
                        1554,
                        304
                    ],
                    [
                        1560,
                        306
                    ],
                    [
                        1566,
                        308
                    ],
                    [
                        1572,
                        308
                    ],
                    [
                        1584,
                        310
                    ],
                    [
                        1590,
                        314
                    ],
                    [
                        1602,
                        320
                    ],
                    [
                        1620,
                        332
                    ],
                    [
                        1620,
                        334
                    ],
                    [
                        1626,
                        338
                    ],
                    [
                        1632,
                        344
                    ],
                    [
                        1638,
                        350
                    ],
                    [
                        1644,
                        354
                    ],
                    [
                        1656,
                        360
                    ],
                    [
                        1662,
                        366
                    ],
                    [
                        1668,
                        368
                    ],
                    [
                        1674,
                        372
                    ],
                    [
                        1680,
                        386
                    ],
                    [
                        1686,
                        390
                    ],
                    [
                        1692,
                        398
                    ],
                    [
                        1692,
                        400
                    ],
                    [
                        1698,
                        408
                    ],
                    [
                        1704,
                        410
                    ],
                    [
                        1710,
                        410
                    ],
                    [
                        1716,
                        408
                    ],
                    [
                        1728,
                        404
                    ],
                    [
                        1734,
                        402
                    ],
                    [
                        1746,
                        398
                    ],
                    [
                        1764,
                        410
                    ],
                    [
                        1770,
                        412
                    ],
                    [
                        1788,
                        416
                    ],
                    [
                        1794,
                        420
                    ]
                ],
                "type": "LineString"
            },
            "properties": {
                "elevation": 1897000.0
            },
            "type": "Feature"
        },
        {
            "geometry": {
                "coordinates": [
                    [
                        12,
                        660
                    ],
                    [
                        18,
                        650
                    ],
                    [
                        24,
                        642
                    ],
                    [
                        30,
                        634
                    ],
                    [
                        36,
                        628
                    ],
                    [
                        48,
                        624
                    ],
                    [
                        66,
                        620
                    ],
                    [
                        78,
                        622
                    ],
                    [
                        84,
                        624
                    ],
                    [
                        102,
                        626
                    ],
                    [
                        108,
                        626
                    ],
                    [
                        114,
                        626
                    ],
                    [
                        120,
                        626
                    ],
                    [
                        126,
                        626
                    ],
                    [
                        138,
                        624
                    ],
                    [
                        168,
                        614
                    ],
                    [
                        174,
                        612
                    ],
                    [
                        192,
                        606
                    ],
                    [
                        210,
                        598
                    ],
                    [
                        216,
                        596
                    ],
                    [
                        222,
                        594
                    ],
                    [
                        228,
                        594
                    ],
                    [
                        234,
                        594
                    ],
                    [
                        240,
                        592
                    ],
                    [
                        252,
                        588
                    ],
                    [
                        270,
                        576
                    ],
                    [
                        282,
                        566
                    ],
                    [
                        288,
                        562
                    ],
                    [
                        294,
                        556
                    ],
                    [
                        318,
                        540
                    ],
                    [
                        324,
                        538
                    ],
                    [
                        336,
                        532
                    ],
                    [
                        342,
                        528
                    ],
                    [
                        360,
                        518
                    ],
                    [
                        366,
                        514
                    ],
                    [
                        372,
                        510
                    ],
                    [
                        384,
                        502
                    ],
                    [
                        390,
                        498
                    ],
                    [
                        396,
                        494
                    ],
                    [
                        402,
                        490
                    ],
                    [
                        408,
                        484
                    ],
                    [
                        414,
                        480
                    ],
                    [
                        426,
                        470
                    ],
                    [
                        432,
                        462
                    ],
                    [
                        438,
                        452
                    ],
                    [
                        444,
                        442
                    ],
                    [
                        450,
                        434
                    ],
                    [
                        456,
                        430
                    ],
                    [
                        462,
                        424
                    ],
                    [
                        468,
                        418
                    ],
                    [
                        474,
                        410
                    ],
                    [
                        480,
                        398
                    ],
                    [
                        480,
                        400
                    ],
                    [
                        486,
                        392
                    ],
                    [
                        492,
                        384
                    ],
                    [
                        492,
                        386
                    ],
                    [
                        498,
                        374
                    ],
                    [
                        504,
                        368
                    ],
                    [
                        510,
                        358
                    ],
                    [
                        510,
                        360
                    ],
                    [
                        516,
                        344
                    ],
                    [
                        522,
                        330
                    ],
                    [
                        522,
                        332
                    ],
                    [
                        528,
                        314
                    ],
                    [
                        534,
                        302
                    ],
                    [
                        534,
                        304
                    ],
                    [
                        540,
                        290
                    ],
                    [
                        546,
                        278
                    ],
                    [
                        552,
                        270
                    ],
                    [
                        558,
                        262
                    ],
                    [
                        558,
                        264
                    ],
                    [
                        564,
                        250
                    ],
                    [
                        570,
                        242
                    ],
                    [
                        576,
                        236
                    ],
                    [
                        588,
                        226
                    ],
                    [
                        594,
                        8
                    ],
                    [
                        594,
                        10
                    ],
                    [
                        594,
                        12
                    ],
                    [
                        594,
                        14
                    ],
                    [
                        594,
                        16
                    ],
                    [
                        594,
                        18
                    ],
                    [
                        594,
                        20
                    ],
                    [
                        594,
                        216
                    ],
                    [
                        600,
                        26
                    ],
                    [
                        600,
                        202
                    ],
                    [
                        606,
                        38
                    ],
                    [
                        606,
                        40
                    ],
                    [
                        606,
                        190
                    ],
                    [
                        606,
                        192
                    ],
                    [
                        612,
                        50
                    ],
                    [
                        612,
                        52
                    ],
                    [
                        612,
                        150
                    ],
                    [
                        612,
                        152
                    ],
                    [
                        612,
                        154
                    ],
                    [
                        612,
                        156
                    ],
                    [
                        612,
                        158
                    ],
                    [
                        612,
                        160
                    ],
                    [
                        612,
                        162
                    ],
                    [
                        612,
                        164
                    ],
                    [
                        612,
                        166
                    ],
                    [
                        618,
                        72
                    ],
                    [
                        618,
                        74
                    ],
                    [
                        618,
                        132
                    ],
                    [
                        618,
                        134
                    ],
                    [
                        624,
                        100
                    ],
                    [
                        624,
                        102
                    ],
                    [
                        624,
                        104
                    ],
                    [
                        624,
                        106
                    ],
                    [
                        624,
                        108
                    ]
                ],
                "type": "LineString"
            },
            "properties": {
                "elevation": 1890000.0
            },
            "type": "Feature"
        },
        {
            "geometry": {
                "coordinates": [
                    [
                        954,
                        2
                    ],
                    [
                        966,
                        10
                    ],
                    [
                        978,
                        16
                    ],
                    [
                        984,
                        22
                    ],
                    [
                        990,
                        30
                    ],
                    [
                        996,
                        36
                    ],
                    [
                        1002,
                        40
                    ],
                    [
                        1008,
                        48
                    ],
                    [
                        1014,
                        54
                    ],
                    [
                        1020,
                        58
                    ],
                    [
                        1026,
                        64
                    ],
                    [
                        1032,
                        72
                    ],
                    [
                        1038,
                        80
                    ],
                    [
                        1044,
                        90
                    ],
                    [
                        1050,
                        98
                    ],
                    [
                        1050,
                        100
                    ],
                    [
                        1056,
                        102
                    ],
                    [
                        1056,
                        104
                    ],
                    [
                        1062,
                        106
                    ],
                    [
                        1062,
                        108
                    ],
                    [
                        1068,
                        114
                    ],
                    [
                        1074,
                        118
                    ],
                    [
                        1080,
                        122
                    ],
                    [
                        1086,
                        124
                    ],
                    [
                        1092,
                        130
                    ],
                    [
                        1098,
                        136
                    ],
                    [
                        1104,
                        140
                    ],
                    [
                        1110,
                        142
                    ],
                    [
                        1122,
                        146
                    ],
                    [
                        1128,
                        148
                    ],
                    [
                        1134,
                        152
                    ],
                    [
                        1140,
                        158
                    ],
                    [
                        1158,
                        170
                    ],
                    [
                        1164,
                        174
                    ],
                    [
                        1170,
                        178
                    ],
                    [
                        1176,
                        180
                    ],
                    [
                        1182,
                        180
                    ],
                    [
                        1188,
                        180
                    ],
                    [
                        1194,
                        180
                    ],
                    [
                        1200,
                        180
                    ],
                    [
                        1218,
                        182
                    ],
                    [
                        1230,
                        186
                    ],
                    [
                        1248,
                        190
                    ],
                    [
                        1254,
                        210
                    ],
                    [
                        1260,
                        216
                    ],
                    [
                        1266,
                        224
                    ],
                    [
                        1272,
                        238
                    ],
                    [
                        1272,
                        240
                    ],
                    [
                        1278,
                        246
                    ],
                    [
                        1284,
                        252
                    ],
                    [
                        1296,
                        258
                    ],
                    [
                        1302,
                        256
                    ],
                    [
                        1308,
                        254
                    ],
                    [
                        1326,
                        248
                    ],
                    [
                        1332,
                        254
                    ],
                    [
                        1338,
                        256
                    ],
                    [
                        1344,
                        256
                    ],
                    [
                        1350,
                        254
                    ],
                    [
                        1356,
                        252
                    ],
                    [
                        1380,
                        250
                    ],
                    [
                        1386,
                        250
                    ],
                    [
                        1392,
                        254
                    ],
                    [
                        1404,
                        256
                    ],
                    [
                        1410,
                        266
                    ],
                    [
                        1416,
                        270
                    ],
                    [
                        1422,
                        272
                    ],
                    [
                        1434,
                        276
                    ],
                    [
                        1440,
                        276
                    ],
                    [
                        1446,
                        278
                    ],
                    [
                        1452,
                        278
                    ],
                    [
                        1458,
                        278
                    ],
                    [
                        1464,
                        280
                    ],
                    [
                        1476,
                        278
                    ],
                    [
                        1482,
                        280
                    ],
                    [
                        1488,
                        278
                    ],
                    [
                        1494,
                        276
                    ],
                    [
                        1500,
                        276
                    ],
                    [
                        1506,
                        274
                    ],
                    [
                        1524,
                        276
                    ],
                    [
                        1530,
                        278
                    ],
                    [
                        1536,
                        280
                    ],
                    [
                        1560,
                        284
                    ],
                    [
                        1566,
                        282
                    ],
                    [
                        1584,
                        280
                    ],
                    [
                        1590,
                        280
                    ],
                    [
                        1602,
                        284
                    ],
                    [
                        1608,
                        290
                    ],
                    [
                        1614,
                        296
                    ],
                    [
                        1620,
                        302
                    ],
                    [
                        1626,
                        306
                    ],
                    [
                        1632,
                        310
                    ],
                    [
                        1644,
                        330
                    ],
                    [
                        1644,
                        332
                    ],
                    [
                        1650,
                        334
                    ],
                    [
                        1656,
                        336
                    ],
                    [
                        1668,
                        338
                    ],
                    [
                        1674,
                        338
                    ],
                    [
                        1680,
                        344
                    ],
                    [
                        1680,
                        346
                    ],
                    [
                        1680,
                        348
                    ],
                    [
                        1686,
                        364
                    ],
                    [
                        1692,
                        368
                    ],
                    [
                        1698,
                        374
                    ],
                    [
                        1704,
                        380
                    ],
                    [
                        1734,
                        376
                    ],
                    [
                        1740,
                        372
                    ],
                    [
                        1746,
                        370
                    ],
                    [
                        1758,
                        370
                    ],
                    [
                        1764,
                        372
                    ],
                    [
                        1770,
                        374
                    ],
                    [
                        1782,
                        376
                    ],
                    [
                        1788,
                        378
                    ],
                    [
                        1794,
                        380
                    ],
                    [
                        1800,
                        384
                    ]
                ],
                "type": "LineString"
            },
            "properties": {
                "elevation": 1890000.0
            },
            "type": "Feature"
        },
        {
            "geometry": {
                "coordinates": [
                    [
                        0,
                        620
                    ],
                    [
                        6,
                        614
                    ],
                    [
                        12,
                        608
                    ],
                    [
                        18,
                        600
                    ],
                    [
                        30,
                        590
                    ],
                    [
                        36,
                        588
                    ],
                    [
                        42,
                        586
                    ],
                    [
                        48,
                        584
                    ],
                    [
                        60,
                        586
                    ],
                    [
                        66,
                        590
                    ],
                    [
                        72,
                        594
                    ],
                    [
                        84,
                        600
                    ],
                    [
                        90,
                        602
                    ],
                    [
                        102,
                        602
                    ],
                    [
                        108,
                        600
                    ],
                    [
                        126,
                        598
                    ],
                    [
                        132,
                        598
                    ],
                    [
                        138,
                        596
                    ],
                    [
                        144,
                        594
                    ],
                    [
                        150,
                        590
                    ],
                    [
                        162,
                        584
                    ],
                    [
                        168,
                        582
                    ],
                    [
                        174,
                        582
                    ],
                    [
                        180,
                        580
                    ],
                    [
                        186,
                        576
                    ],
                    [
                        198,
                        570
                    ],
                    [
                        204,
                        568
                    ],
                    [
                        210,
                        566
                    ],
                    [
                        228,
                        564
                    ],
                    [
                        240,
                        558
                    ],
                    [
                        264,
                        538
                    ],
                    [
                        270,
                        532
                    ],
                    [
                        276,
                        526
                    ],
                    [
                        282,
                        520
                    ],
                    [
                        288,
                        516
                    ],
                    [
                        294,
                        512
                    ],
                    [
                        300,
                        510
                    ],
                    [
                        318,
                        500
                    ],
                    [
                        324,
                        496
                    ],
                    [
                        348,
                        482
                    ],
                    [
                        360,
                        476
                    ],
                    [
                        366,
                        472
                    ],
                    [
                        372,
                        468
                    ],
                    [
                        378,
                        464
                    ],
                    [
                        384,
                        460
                    ],
                    [
                        390,
                        456
                    ],
                    [
                        396,
                        448
                    ],
                    [
                        408,
                        436
                    ],
                    [
                        408,
                        438
                    ],
                    [
                        414,
                        430
                    ],
                    [
                        420,
                        422
                    ],
                    [
                        426,
                        416
                    ],
                    [
                        432,
                        406
                    ],
                    [
                        432,
                        408
                    ],
                    [
                        438,
                        398
                    ],
                    [
                        444,
                        392
                    ],
                    [
                        450,
                        384
                    ],
                    [
                        450,
                        386
                    ],
                    [
                        456,
                        376
                    ],
                    [
                        462,
                        370
                    ],
                    [
                        468,
                        362
                    ],
                    [
                        474,
                        354
                    ],
                    [
                        480,
                        346
                    ],
                    [
                        480,
                        348
                    ],
                    [
                        486,
                        324
                    ],
                    [
                        486,
                        326
                    ],
                    [
                        486,
                        328
                    ],
                    [
                        486,
                        330
                    ],
                    [
                        486,
                        332
                    ],
                    [
                        492,
                        310
                    ],
                    [
                        498,
                        292
                    ],
                    [
                        498,
                        294
                    ],
                    [
                        504,
                        282
                    ],
                    [
                        510,
                        272
                    ],
                    [
                        516,
                        262
                    ],
                    [
                        522,
                        254
                    ],
                    [
                        528,
                        248
                    ],
                    [
                        534,
                        240
                    ],
                    [
                        540,
                        230
                    ],
                    [
                        546,
                        222
                    ],
                    [
                        558,
                        208
                    ],
                    [
                        564,
                        0
                    ],
                    [
                        564,
                        2
                    ],
                    [
                        564,
                        4
                    ],
                    [
                        564,
                        6
                    ],
                    [
                        564,
                        8
                    ],
                    [
                        564,
                        10
                    ],
                    [
                        564,
                        12
                    ],
                    [
                        564,
                        14
                    ],
                    [
                        564,
                        16
                    ],
                    [
                        564,
                        18
                    ],
                    [
                        564,
                        32
                    ],
                    [
                        564,
                        34
                    ],
                    [
                        564,
                        188
                    ],
                    [
                        564,
                        190
                    ],
                    [
                        564,
                        192
                    ],
                    [
                        570,
                        42
                    ],
                    [
                        570,
                        178
                    ],
                    [
                        576,
                        54
                    ],
                    [
                        576,
                        56
                    ],
                    [
                        576,
                        168
                    ],
                    [
                        582,
                        64
                    ],
                    [
                        582,
                        132
                    ],
                    [
                        582,
                        134
                    ],
                    [
                        588,
                        120
                    ],
                    [
                        588,
                        122
                    ],
                    [
                        594,
                        72
                    ],
                    [
                        594,
                        74
                    ],
                    [
                        594,
                        76
                    ],
                    [
                        594,
                        78
                    ],
                    [
                        594,
                        80
                    ],
                    [
                        594,
                        86
                    ],
                    [
                        594,
                        88
                    ]
                ],
                "type": "LineString"
            },
            "properties": {
                "elevation": 1885000.0
            },
            "type": "Feature"
        },
        {
            "geometry": {
                "coordinates": [
                    [
                        1014,
                        4
                    ],
                    [
                        1020,
                        8
                    ],
                    [
                        1026,
                        14
                    ],
                    [
                        1032,
                        20
                    ],
                    [
                        1032,
                        22
                    ],
                    [
                        1038,
                        28
                    ],
                    [
                        1044,
                        32
                    ],
                    [
                        1050,
                        36
                    ],
                    [
                        1050,
                        38
                    ],
                    [
                        1056,
                        44
                    ],
                    [
                        1062,
                        52
                    ],
                    [
                        1062,
                        54
                    ],
                    [
                        1068,
                        68
                    ],
                    [
                        1074,
                        76
                    ],
                    [
                        1080,
                        82
                    ],
                    [
                        1086,
                        86
                    ],
                    [
                        1092,
                        90
                    ],
                    [
                        1098,
                        96
                    ],
                    [
                        1104,
                        104
                    ],
                    [
                        1110,
                        110
                    ],
                    [
                        1116,
                        114
                    ],
                    [
                        1122,
                        116
                    ],
                    [
                        1128,
                        116
                    ],
                    [
                        1140,
                        122
                    ],
                    [
                        1146,
                        126
                    ],
                    [
                        1152,
                        128
                    ],
                    [
                        1158,
                        132
                    ],
                    [
                        1164,
                        136
                    ],
                    [
                        1182,
                        148
                    ],
                    [
                        1188,
                        150
                    ],
                    [
                        1194,
                        150
                    ],
                    [
                        1200,
                        150
                    ],
                    [
                        1206,
                        150
                    ],
                    [
                        1212,
                        150
                    ],
                    [
                        1218,
                        150
                    ],
                    [
                        1224,
                        152
                    ],
                    [
                        1230,
                        152
                    ],
                    [
                        1236,
                        154
                    ],
                    [
                        1242,
                        158
                    ],
                    [
                        1254,
                        170
                    ],
                    [
                        1260,
                        176
                    ],
                    [
                        1260,
                        178
                    ],
                    [
                        1266,
                        196
                    ],
                    [
                        1266,
                        198
                    ],
                    [
                        1272,
                        208
                    ],
                    [
                        1284,
                        218
                    ],
                    [
                        1290,
                        226
                    ],
                    [
                        1296,
                        228
                    ],
                    [
                        1302,
                        224
                    ],
                    [
                        1326,
                        218
                    ],
                    [
                        1332,
                        220
                    ],
                    [
                        1338,
                        222
                    ],
                    [
                        1344,
                        224
                    ],
                    [
                        1392,
                        220
                    ],
                    [
                        1398,
                        222
                    ],
                    [
                        1404,
                        228
                    ],
                    [
                        1410,
                        232
                    ],
                    [
                        1416,
                        234
                    ],
                    [
                        1434,
                        254
                    ],
                    [
                        1440,
                        256
                    ],
                    [
                        1446,
                        258
                    ],
                    [
                        1458,
                        258
                    ],
                    [
                        1470,
                        260
                    ],
                    [
                        1488,
                        262
                    ],
                    [
                        1494,
                        260
                    ],
                    [
                        1500,
                        258
                    ],
                    [
                        1506,
                        258
                    ],
                    [
                        1512,
                        258
                    ],
                    [
                        1518,
                        254
                    ],
                    [
                        1524,
                        258
                    ],
                    [
                        1530,
                        262
                    ],
                    [
                        1542,
                        264
                    ],
                    [
                        1548,
                        264
                    ],
                    [
                        1560,
                        264
                    ],
                    [
                        1566,
                        260
                    ],
                    [
                        1572,
                        256
                    ],
                    [
                        1578,
                        258
                    ],
                    [
                        1584,
                        260
                    ],
                    [
                        1590,
                        262
                    ],
                    [
                        1596,
                        264
                    ],
                    [
                        1602,
                        262
                    ],
                    [
                        1608,
                        268
                    ],
                    [
                        1614,
                        272
                    ],
                    [
                        1620,
                        276
                    ],
                    [
                        1632,
                        284
                    ],
                    [
                        1638,
                        292
                    ],
                    [
                        1644,
                        304
                    ],
                    [
                        1650,
                        310
                    ],
                    [
                        1662,
                        316
                    ],
                    [
                        1668,
                        316
                    ],
                    [
                        1674,
                        314
                    ],
                    [
                        1686,
                        316
                    ],
                    [
                        1692,
                        320
                    ],
                    [
                        1692,
                        322
                    ],
                    [
                        1698,
                        330
                    ],
                    [
                        1704,
                        338
                    ],
                    [
                        1710,
                        350
                    ],
                    [
                        1722,
                        352
                    ],
                    [
                        1728,
                        352
                    ],
                    [
                        1734,
                        350
                    ],
                    [
                        1740,
                        350
                    ],
                    [
                        1752,
                        348
                    ],
                    [
                        1764,
                        348
                    ],
                    [
                        1770,
                        350
                    ],
                    [
                        1776,
                        352
                    ],
                    [
                        1782,
                        352
                    ],
                    [
                        1794,
                        354
                    ],
                    [
                        1800,
                        352
                    ]
                ],
                "type": "LineString"
            },
            "properties": {
                "elevation": 1885000.0
            },
            "type": "Feature"
        },
        {
            "geometry": {
                "coordinates": [
                    [
                        0,
                        572
                    ],
                    [
                        6,
                        570
                    ],
                    [
                        12,
                        568
                    ],
                    [
                        24,
                        564
                    ],
                    [
                        30,
                        562
                    ],
                    [
                        36,
                        560
                    ],
                    [
                        48,
                        556
                    ],
                    [
                        54,
                        556
                    ],
                    [
                        60,
                        562
                    ],
                    [
                        66,
                        568
                    ],
                    [
                        72,
                        574
                    ],
                    [
                        78,
                        576
                    ],
                    [
                        84,
                        578
                    ],
                    [
                        96,
                        578
                    ],
                    [
                        108,
                        576
                    ],
                    [
                        114,
                        576
                    ],
                    [
                        120,
                        574
                    ],
                    [
                        126,
                        572
                    ],
                    [
                        132,
                        570
                    ],
                    [
                        138,
                        566
                    ],
                    [
                        144,
                        562
                    ],
                    [
                        150,
                        558
                    ],
                    [
                        156,
                        558
                    ],
                    [
                        162,
                        558
                    ],
                    [
                        168,
                        558
                    ],
                    [
                        174,
                        554
                    ],
                    [
                        180,
                        550
                    ],
                    [
                        186,
                        546
                    ],
                    [
                        192,
                        542
                    ],
                    [
                        198,
                        538
                    ],
                    [
                        204,
                        536
                    ],
                    [
                        210,
                        538
                    ],
                    [
                        216,
                        536
                    ],
                    [
                        222,
                        530
                    ],
                    [
                        222,
                        532
                    ],
                    [
                        228,
                        528
                    ],
                    [
                        234,
                        522
                    ],
                    [
                        234,
                        524
                    ],
                    [
                        240,
                        518
                    ],
                    [
                        246,
                        510
                    ],
                    [
                        252,
                        500
                    ],
                    [
                        252,
                        502
                    ],
                    [
                        258,
                        494
                    ],
                    [
                        264,
                        488
                    ],
                    [
                        270,
                        484
                    ],
                    [
                        276,
                        480
                    ],
                    [
                        282,
                        478
                    ],
                    [
                        294,
                        472
                    ],
                    [
                        306,
                        468
                    ],
                    [
                        312,
                        464
                    ],
                    [
                        318,
                        460
                    ],
                    [
                        324,
                        458
                    ],
                    [
                        330,
                        454
                    ],
                    [
                        336,
                        450
                    ],
                    [
                        342,
                        446
                    ],
                    [
                        348,
                        442
                    ],
                    [
                        354,
                        440
                    ],
                    [
                        360,
                        434
                    ],
                    [
                        366,
                        430
                    ],
                    [
                        372,
                        424
                    ],
                    [
                        378,
                        418
                    ],
                    [
                        384,
                        412
                    ],
                    [
                        390,
                        404
                    ],
                    [
                        396,
                        400
                    ],
                    [
                        402,
                        392
                    ],
                    [
                        408,
                        386
                    ],
                    [
                        414,
                        374
                    ],
                    [
                        414,
                        376
                    ],
                    [
                        420,
                        366
                    ],
                    [
                        426,
                        358
                    ],
                    [
                        426,
                        360
                    ],
                    [
                        432,
                        352
                    ],
                    [
                        438,
                        344
                    ],
                    [
                        444,
                        336
                    ],
                    [
                        450,
                        332
                    ],
                    [
                        456,
                        318
                    ],
                    [
                        462,
                        296
                    ],
                    [
                        462,
                        298
                    ],
                    [
                        462,
                        300
                    ],
                    [
                        468,
                        276
                    ],
                    [
                        468,
                        278
                    ],
                    [
                        474,
                        264
                    ],
                    [
                        474,
                        266
                    ],
                    [
                        480,
                        256
                    ],
                    [
                        486,
                        244
                    ],
                    [
                        486,
                        246
                    ],
                    [
                        492,
                        236
                    ],
                    [
                        492,
                        238
                    ],
                    [
                        498,
                        230
                    ],
                    [
                        504,
                        224
                    ],
                    [
                        510,
                        216
                    ],
                    [
                        516,
                        208
                    ],
                    [
                        522,
                        198
                    ],
                    [
                        528,
                        192
                    ],
                    [
                        534,
                        16
                    ],
                    [
                        534,
                        18
                    ],
                    [
                        534,
                        40
                    ],
                    [
                        534,
                        174
                    ],
                    [
                        534,
                        176
                    ],
                    [
                        540,
                        46
                    ],
                    [
                        546,
                        52
                    ],
                    [
                        546,
                        132
                    ],
                    [
                        546,
                        134
                    ],
                    [
                        546,
                        136
                    ],
                    [
                        546,
                        142
                    ],
                    [
                        546,
                        144
                    ],
                    [
                        552,
                        56
                    ],
                    [
                        552,
                        58
                    ],
                    [
                        552,
                        60
                    ],
                    [
                        552,
                        68
                    ],
                    [
                        552,
                        120
                    ],
                    [
                        552,
                        122
                    ],
                    [
                        558,
                        74
                    ],
                    [
                        558,
                        106
                    ],
                    [
                        564,
                        80
                    ],
                    [
                        564,
                        82
                    ],
                    [
                        564,
                        94
                    ]
                ],
                "type": "LineString"
            },
            "properties": {
                "elevation": 1879000.0
            },
            "type": "Feature"
        },
        {
            "geometry": {
                "coordinates": [
                    [
                        1056,
                        0
                    ],
                    [
                        1062,
                        4
                    ],
                    [
                        1068,
                        8
                    ],
                    [
                        1074,
                        12
                    ],
                    [
                        1080,
                        18
                    ],
                    [
                        1080,
                        20
                    ],
                    [
                        1086,
                        30
                    ],
                    [
                        1086,
                        32
                    ],
                    [
                        1092,
                        46
                    ],
                    [
                        1098,
                        54
                    ],
                    [
                        1104,
                        60
                    ],
                    [
                        1110,
                        66
                    ],
                    [
                        1116,
                        70
                    ],
                    [
                        1122,
                        74
                    ],
                    [
                        1128,
                        78
                    ],
                    [
                        1134,
                        82
                    ],
                    [
                        1140,
                        84
                    ],
                    [
                        1146,
                        88
                    ],
                    [
                        1152,
                        94
                    ],
                    [
                        1158,
                        96
                    ],
                    [
                        1164,
                        102
                    ],
                    [
                        1170,
                        104
                    ],
                    [
                        1176,
                        106
                    ],
                    [
                        1182,
                        110
                    ],
                    [
                        1188,
                        112
                    ],
                    [
                        1194,
                        114
                    ],
                    [
                        1200,
                        116
                    ],
                    [
                        1212,
                        118
                    ],
                    [
                        1218,
                        120
                    ],
                    [
                        1224,
                        120
                    ],
                    [
                        1230,
                        122
                    ],
                    [
                        1236,
                        124
                    ],
                    [
                        1248,
                        128
                    ],
                    [
                        1260,
                        136
                    ],
                    [
                        1260,
                        138
                    ],
                    [
                        1266,
                        148
                    ],
                    [
                        1272,
                        166
                    ],
                    [
                        1278,
                        176
                    ],
                    [
                        1284,
                        184
                    ],
                    [
                        1290,
                        192
                    ],
                    [
                        1296,
                        194
                    ],
                    [
                        1302,
                        194
                    ],
                    [
                        1308,
                        192
                    ],
                    [
                        1314,
                        190
                    ],
                    [
                        1320,
                        192
                    ],
                    [
                        1326,
                        192
                    ],
                    [
                        1332,
                        192
                    ],
                    [
                        1338,
                        192
                    ],
                    [
                        1344,
                        190
                    ],
                    [
                        1350,
                        186
                    ],
                    [
                        1356,
                        186
                    ],
                    [
                        1362,
                        188
                    ],
                    [
                        1368,
                        188
                    ],
                    [
                        1374,
                        188
                    ],
                    [
                        1392,
                        182
                    ],
                    [
                        1404,
                        198
                    ],
                    [
                        1404,
                        200
                    ],
                    [
                        1410,
                        202
                    ],
                    [
                        1416,
                        206
                    ],
                    [
                        1428,
                        212
                    ],
                    [
                        1428,
                        214
                    ],
                    [
                        1434,
                        224
                    ],
                    [
                        1440,
                        232
                    ],
                    [
                        1446,
                        236
                    ],
                    [
                        1452,
                        240
                    ],
                    [
                        1458,
                        242
                    ],
                    [
                        1464,
                        244
                    ],
                    [
                        1476,
                        246
                    ],
                    [
                        1482,
                        246
                    ],
                    [
                        1488,
                        244
                    ],
                    [
                        1494,
                        242
                    ],
                    [
                        1500,
                        242
                    ],
                    [
                        1506,
                        242
                    ],
                    [
                        1518,
                        242
                    ],
                    [
                        1524,
                        242
                    ],
                    [
                        1530,
                        244
                    ],
                    [
                        1536,
                        244
                    ],
                    [
                        1542,
                        246
                    ],
                    [
                        1548,
                        248
                    ],
                    [
                        1554,
                        248
                    ],
                    [
                        1560,
                        246
                    ],
                    [
                        1566,
                        244
                    ],
                    [
                        1572,
                        244
                    ],
                    [
                        1578,
                        242
                    ],
                    [
                        1584,
                        244
                    ],
                    [
                        1584,
                        246
                    ],
                    [
                        1584,
                        248
                    ],
                    [
                        1590,
                        248
                    ],
                    [
                        1590,
                        250
                    ],
                    [
                        1596,
                        248
                    ],
                    [
                        1602,
                        250
                    ],
                    [
                        1608,
                        254
                    ],
                    [
                        1620,
                        262
                    ],
                    [
                        1626,
                        268
                    ],
                    [
                        1632,
                        270
                    ],
                    [
                        1638,
                        270
                    ],
                    [
                        1644,
                        272
                    ],
                    [
                        1650,
                        274
                    ],
                    [
                        1656,
                        276
                    ],
                    [
                        1662,
                        290
                    ],
                    [
                        1662,
                        292
                    ],
                    [
                        1668,
                        296
                    ],
                    [
                        1674,
                        298
                    ],
                    [
                        1680,
                        296
                    ],
                    [
                        1692,
                        296
                    ],
                    [
                        1698,
                        298
                    ],
                    [
                        1704,
                        302
                    ],
                    [
                        1710,
                        308
                    ],
                    [
                        1716,
                        312
                    ],
                    [
                        1722,
                        322
                    ],
                    [
                        1728,
                        324
                    ],
                    [
                        1734,
                        322
                    ],
                    [
                        1740,
                        320
                    ],
                    [
                        1746,
                        320
                    ],
                    [
                        1752,
                        318
                    ],
                    [
                        1770,
                        318
                    ],
                    [
                        1782,
                        322
                    ],
                    [
                        1788,
                        324
                    ],
                    [
                        1800,
                        326
                    ]
                ],
                "type": "LineString"
            },
            "properties": {
                "elevation": 1879000.0
            },
            "type": "Feature"
        },
        {
            "geometry": {
                "coordinates": [
                    [
                        0,
                        788
                    ],
                    [
                        6,
                        786
                    ],
                    [
                        18,
                        778
                    ],
                    [
                        30,
                        768
                    ],
                    [
                        36,
                        768
                    ],
                    [
                        42,
                        766
                    ],
                    [
                        48,
                        754
                    ],
                    [
                        54,
                        752
                    ],
                    [
                        72,
                        756
                    ],
                    [
                        84,
                        760
                    ],
                    [
                        108,
                        754
                    ],
                    [
                        114,
                        754
                    ],
                    [
                        126,
                        754
                    ],
                    [
                        132,
                        752
                    ],
                    [
                        138,
                        750
                    ],
                    [
                        144,
                        750
                    ],
                    [
                        150,
                        750
                    ],
                    [
                        156,
                        750
                    ],
                    [
                        162,
                        750
                    ],
                    [
                        168,
                        750
                    ],
                    [
                        174,
                        748
                    ],
                    [
                        192,
                        746
                    ],
                    [
                        204,
                        744
                    ],
                    [
                        210,
                        742
                    ],
                    [
                        222,
                        742
                    ],
                    [
                        228,
                        742
                    ],
                    [
                        234,
                        742
                    ],
                    [
                        240,
                        740
                    ],
                    [
                        246,
                        738
                    ],
                    [
                        252,
                        736
                    ],
                    [
                        258,
                        736
                    ],
                    [
                        264,
                        736
                    ],
                    [
                        276,
                        734
                    ],
                    [
                        282,
                        734
                    ],
                    [
                        288,
                        734
                    ],
                    [
                        294,
                        734
                    ],
                    [
                        306,
                        732
                    ],
                    [
                        312,
                        732
                    ],
                    [
                        336,
                        732
                    ],
                    [
                        360,
                        734
                    ],
                    [
                        366,
                        734
                    ],
                    [
                        372,
                        734
                    ],
                    [
                        384,
                        736
                    ],
                    [
                        390,
                        736
                    ],
                    [
                        396,
                        736
                    ],
                    [
                        402,
                        736
                    ],
                    [
                        414,
                        738
                    ],
                    [
                        432,
                        740
                    ],
                    [
                        438,
                        740
                    ],
                    [
                        450,
                        742
                    ],
                    [
                        456,
                        744
                    ],
                    [
                        462,
                        744
                    ],
                    [
                        468,
                        744
                    ],
                    [
                        486,
                        746
                    ],
                    [
                        492,
                        746
                    ],
                    [
                        498,
                        746
                    ],
                    [
                        528,
                        748
                    ],
                    [
                        540,
                        750
                    ],
                    [
                        546,
                        750
                    ],
                    [
                        570,
                        752
                    ],
                    [
                        576,
                        752
                    ],
                    [
                        600,
                        754
                    ],
                    [
                        606,
                        754
                    ],
                    [
                        612,
                        754
                    ],
                    [
                        618,
                        754
                    ],
                    [
                        630,
                        756
                    ],
                    [
                        636,
                        756
                    ],
                    [
                        642,
                        758
                    ],
                    [
                        648,
                        760
                    ],
                    [
                        654,
                        760
                    ],
                    [
                        660,
                        762
                    ],
                    [
                        678,
                        766
                    ],
                    [
                        684,
                        768
                    ],
                    [
                        690,
                        770
                    ],
                    [
                        696,
                        772
                    ],
                    [
                        702,
                        774
                    ],
                    [
                        708,
                        776
                    ],
                    [
                        714,
                        780
                    ],
                    [
                        732,
                        786
                    ],
                    [
                        738,
                        788
                    ],
                    [
                        744,
                        790
                    ]
                ],
                "type": "LineString"
            },
            "properties": {
                "elevation": 1879000.0
            },
            "type": "Feature"
        },
        {
            "geometry": {
                "coordinates": [
                    [
                        6,
                        544
                    ],
                    [
                        18,
                        542
                    ],
                    [
                        30,
                        538
                    ],
                    [
                        54,
                        538
                    ],
                    [
                        60,
                        542
                    ],
                    [
                        66,
                        546
                    ],
                    [
                        72,
                        550
                    ],
                    [
                        78,
                        550
                    ],
                    [
                        84,
                        552
                    ],
                    [
                        90,
                        554
                    ],
                    [
                        96,
                        554
                    ],
                    [
                        102,
                        552
                    ],
                    [
                        108,
                        552
                    ],
                    [
                        114,
                        550
                    ],
                    [
                        120,
                        546
                    ],
                    [
                        138,
                        536
                    ],
                    [
                        144,
                        534
                    ],
                    [
                        156,
                        530
                    ],
                    [
                        162,
                        528
                    ],
                    [
                        174,
                        520
                    ],
                    [
                        186,
                        514
                    ],
                    [
                        192,
                        512
                    ],
                    [
                        198,
                        508
                    ],
                    [
                        204,
                        504
                    ],
                    [
                        210,
                        498
                    ],
                    [
                        216,
                        492
                    ],
                    [
                        222,
                        484
                    ],
                    [
                        228,
                        474
                    ],
                    [
                        234,
                        468
                    ],
                    [
                        240,
                        462
                    ],
                    [
                        246,
                        458
                    ],
                    [
                        252,
                        454
                    ],
                    [
                        258,
                        450
                    ],
                    [
                        264,
                        446
                    ],
                    [
                        282,
                        438
                    ],
                    [
                        288,
                        436
                    ],
                    [
                        294,
                        434
                    ],
                    [
                        300,
                        432
                    ],
                    [
                        318,
                        422
                    ],
                    [
                        324,
                        418
                    ],
                    [
                        336,
                        410
                    ],
                    [
                        348,
                        400
                    ],
                    [
                        360,
                        386
                    ],
                    [
                        366,
                        380
                    ],
                    [
                        372,
                        374
                    ],
                    [
                        384,
                        360
                    ],
                    [
                        390,
                        350
                    ],
                    [
                        396,
                        342
                    ],
                    [
                        402,
                        332
                    ],
                    [
                        408,
                        326
                    ],
                    [
                        414,
                        318
                    ],
                    [
                        420,
                        312
                    ],
                    [
                        426,
                        300
                    ],
                    [
                        426,
                        302
                    ],
                    [
                        432,
                        274
                    ],
                    [
                        438,
                        258
                    ],
                    [
                        444,
                        246
                    ],
                    [
                        444,
                        248
                    ],
                    [
                        450,
                        238
                    ],
                    [
                        456,
                        228
                    ],
                    [
                        462,
                        220
                    ],
                    [
                        468,
                        214
                    ],
                    [
                        480,
                        202
                    ],
                    [
                        486,
                        194
                    ],
                    [
                        492,
                        186
                    ],
                    [
                        498,
                        18
                    ],
                    [
                        498,
                        20
                    ],
                    [
                        498,
                        44
                    ],
                    [
                        498,
                        46
                    ],
                    [
                        498,
                        176
                    ],
                    [
                        504,
                        10
                    ],
                    [
                        504,
                        48
                    ],
                    [
                        504,
                        162
                    ],
                    [
                        510,
                        0
                    ],
                    [
                        510,
                        2
                    ],
                    [
                        510,
                        48
                    ],
                    [
                        510,
                        50
                    ],
                    [
                        510,
                        150
                    ],
                    [
                        516,
                        56
                    ],
                    [
                        516,
                        120
                    ],
                    [
                        516,
                        122
                    ],
                    [
                        516,
                        136
                    ],
                    [
                        516,
                        138
                    ],
                    [
                        522,
                        62
                    ],
                    [
                        522,
                        104
                    ],
                    [
                        528,
                        74
                    ],
                    [
                        534,
                        88
                    ],
                    [
                        534,
                        90
                    ],
                    [
                        534,
                        92
                    ]
                ],
                "type": "LineString"
            },
            "properties": {
                "elevation": 1873000.0
            },
            "type": "Feature"
        },
        {
            "geometry": {
                "coordinates": [
                    [
                        1110,
                        0
                    ],
                    [
                        1116,
                        18
                    ],
                    [
                        1116,
                        20
                    ],
                    [
                        1122,
                        30
                    ],
                    [
                        1128,
                        36
                    ],
                    [
                        1134,
                        44
                    ],
                    [
                        1140,
                        46
                    ],
                    [
                        1146,
                        52
                    ],
                    [
                        1152,
                        56
                    ],
                    [
                        1158,
                        60
                    ],
                    [
                        1164,
                        62
                    ],
                    [
                        1176,
                        68
                    ],
                    [
                        1182,
                        72
                    ],
                    [
                        1188,
                        74
                    ],
                    [
                        1194,
                        76
                    ],
                    [
                        1224,
                        86
                    ],
                    [
                        1230,
                        88
                    ],
                    [
                        1236,
                        90
                    ],
                    [
                        1242,
                        92
                    ],
                    [
                        1254,
                        94
                    ],
                    [
                        1260,
                        96
                    ],
                    [
                        1266,
                        98
                    ],
                    [
                        1272,
                        100
                    ],
                    [
                        1278,
                        104
                    ],
                    [
                        1278,
                        106
                    ],
                    [
                        1278,
                        108
                    ],
                    [
                        1278,
                        110
                    ],
                    [
                        1278,
                        112
                    ],
                    [
                        1284,
                        130
                    ],
                    [
                        1284,
                        132
                    ],
                    [
                        1290,
                        146
                    ],
                    [
                        1290,
                        148
                    ],
                    [
                        1296,
                        156
                    ],
                    [
                        1302,
                        162
                    ],
                    [
                        1308,
                        162
                    ],
                    [
                        1320,
                        162
                    ],
                    [
                        1326,
                        160
                    ],
                    [
                        1332,
                        158
                    ],
                    [
                        1338,
                        156
                    ],
                    [
                        1350,
                        152
                    ],
                    [
                        1356,
                        156
                    ],
                    [
                        1368,
                        158
                    ],
                    [
                        1374,
                        158
                    ],
                    [
                        1380,
                        156
                    ],
                    [
                        1386,
                        152
                    ],
                    [
                        1392,
                        148
                    ],
                    [
                        1398,
                        150
                    ],
                    [
                        1404,
                        154
                    ],
                    [
                        1410,
                        158
                    ],
                    [
                        1416,
                        168
                    ],
                    [
                        1422,
                        178
                    ],
                    [
                        1446,
                        192
                    ],
                    [
                        1452,
                        202
                    ],
                    [
                        1458,
                        208
                    ],
                    [
                        1458,
                        210
                    ],
                    [
                        1464,
                        214
                    ],
                    [
                        1470,
                        216
                    ],
                    [
                        1476,
                        218
                    ],
                    [
                        1488,
                        216
                    ],
                    [
                        1500,
                        222
                    ],
                    [
                        1506,
                        224
                    ],
                    [
                        1512,
                        224
                    ],
                    [
                        1524,
                        224
                    ],
                    [
                        1542,
                        226
                    ],
                    [
                        1548,
                        228
                    ],
                    [
                        1548,
                        230
                    ],
                    [
                        1554,
                        230
                    ],
                    [
                        1560,
                        230
                    ],
                    [
                        1566,
                        230
                    ],
                    [
                        1572,
                        230
                    ],
                    [
                        1584,
                        226
                    ],
                    [
                        1590,
                        224
                    ],
                    [
                        1596,
                        226
                    ],
                    [
                        1602,
                        228
                    ],
                    [
                        1608,
                        232
                    ],
                    [
                        1614,
                        242
                    ],
                    [
                        1620,
                        248
                    ],
                    [
                        1650,
                        260
                    ],
                    [
                        1656,
                        262
                    ],
                    [
                        1662,
                        266
                    ],
                    [
                        1668,
                        270
                    ],
                    [
                        1680,
                        274
                    ],
                    [
                        1692,
                        276
                    ],
                    [
                        1698,
                        276
                    ],
                    [
                        1710,
                        278
                    ],
                    [
                        1716,
                        280
                    ],
                    [
                        1722,
                        288
                    ],
                    [
                        1728,
                        292
                    ],
                    [
                        1746,
                        292
                    ],
                    [
                        1764,
                        290
                    ],
                    [
                        1770,
                        290
                    ],
                    [
                        1782,
                        292
                    ],
                    [
                        1788,
                        294
                    ]
                ],
                "type": "LineString"
            },
            "properties": {
                "elevation": 1873000.0
            },
            "type": "Feature"
        },
        {
            "geometry": {
                "coordinates": [
                    [
                        222,
                        790
                    ],
                    [
                        234,
                        788
                    ],
                    [
                        240,
                        784
                    ],
                    [
                        246,
                        782
                    ],
                    [
                        246,
                        784
                    ],
                    [
                        252,
                        782
                    ],
                    [
                        252,
                        784
                    ],
                    [
                        276,
                        782
                    ],
                    [
                        294,
                        782
                    ],
                    [
                        300,
                        782
                    ],
                    [
                        312,
                        780
                    ],
                    [
                        318,
                        778
                    ],
                    [
                        324,
                        778
                    ],
                    [
                        330,
                        778
                    ],
                    [
                        336,
                        778
                    ],
                    [
                        342,
                        778
                    ],
                    [
                        348,
                        778
                    ],
                    [
                        366,
                        778
                    ],
                    [
                        372,
                        778
                    ],
                    [
                        378,
                        778
                    ],
                    [
                        408,
                        780
                    ],
                    [
                        426,
                        782
                    ],
                    [
                        432,
                        782
                    ],
                    [
                        450,
                        782
                    ],
                    [
                        468,
                        784
                    ],
                    [
                        474,
                        784
                    ],
                    [
                        480,
                        784
                    ],
                    [
                        486,
                        784
                    ],
                    [
                        498,
                        786
                    ],
                    [
                        504,
                        786
                    ],
                    [
                        510,
                        786
                    ],
                    [
                        516,
                        786
                    ],
                    [
                        522,
                        786
                    ],
                    [
                        540,
                        788
                    ],
                    [
                        546,
                        788
                    ],
                    [
                        552,
                        788
                    ],
                    [
                        588,
                        790
                    ],
                    [
                        594,
                        790
                    ],
                    [
                        600,
                        790
                    ],
                    [
                        606,
                        790
                    ],
                    [
                        612,
                        790
                    ]
                ],
                "type": "LineString"
            },
            "properties": {
                "elevation": 1873000.0
            },
            "type": "Feature"
        },
        {
            "geometry": {
                "coordinates": [
                    [
                        96,
                        690
                    ],
                    [
                        96,
                        696
                    ]
                ],
                "type": "LineString"
            },
            "properties": {
                "elevation": 1876000.0
            },
            "type": "Feature"
        },
        {
            "geometry": {
                "coordinates": [
                    [
                        30,
                        746
                    ],
                    [
                        30,
                        752
                    ]
                ],
                "type": "LineString"
            },
            "properties": {
                "elevation": 1876000.0
            },
            "type": "Feature"
        },
        {
            "geometry": {
                "coordinates": [
                    [
                        6,
                        526
                    ],
                    [
                        18,
                        520
                    ],
                    [
                        36,
                        518
                    ],
                    [
                        42,
                        516
                    ],
                    [
                        54,
                        520
                    ],
                    [
                        60,
                        524
                    ],
                    [
                        66,
                        526
                    ],
                    [
                        84,
                        528
                    ],
                    [
                        102,
                        530
                    ],
                    [
                        114,
                        518
                    ],
                    [
                        120,
                        516
                    ],
                    [
                        132,
                        512
                    ],
                    [
                        150,
                        502
                    ],
                    [
                        156,
                        500
                    ],
                    [
                        162,
                        498
                    ],
                    [
                        174,
                        486
                    ],
                    [
                        180,
                        480
                    ],
                    [
                        186,
                        474
                    ],
                    [
                        192,
                        464
                    ],
                    [
                        198,
                        454
                    ],
                    [
                        204,
                        448
                    ],
                    [
                        210,
                        442
                    ],
                    [
                        216,
                        438
                    ],
                    [
                        228,
                        432
                    ],
                    [
                        234,
                        428
                    ],
                    [
                        240,
                        422
                    ],
                    [
                        246,
                        418
                    ],
                    [
                        252,
                        414
                    ],
                    [
                        258,
                        412
                    ],
                    [
                        264,
                        410
                    ],
                    [
                        276,
                        404
                    ],
                    [
                        282,
                        402
                    ],
                    [
                        294,
                        396
                    ],
                    [
                        312,
                        384
                    ],
                    [
                        318,
                        380
                    ],
                    [
                        324,
                        376
                    ],
                    [
                        330,
                        368
                    ],
                    [
                        336,
                        362
                    ],
                    [
                        354,
                        344
                    ],
                    [
                        360,
                        332
                    ],
                    [
                        366,
                        324
                    ],
                    [
                        372,
                        316
                    ],
                    [
                        378,
                        306
                    ],
                    [
                        384,
                        300
                    ],
                    [
                        390,
                        294
                    ],
                    [
                        396,
                        268
                    ],
                    [
                        396,
                        270
                    ],
                    [
                        402,
                        252
                    ],
                    [
                        402,
                        254
                    ],
                    [
                        408,
                        242
                    ],
                    [
                        414,
                        228
                    ],
                    [
                        420,
                        220
                    ],
                    [
                        426,
                        212
                    ],
                    [
                        432,
                        204
                    ],
                    [
                        438,
                        196
                    ],
                    [
                        444,
                        188
                    ],
                    [
                        450,
                        184
                    ],
                    [
                        456,
                        178
                    ],
                    [
                        462,
                        170
                    ],
                    [
                        468,
                        30
                    ],
                    [
                        468,
                        32
                    ],
                    [
                        468,
                        52
                    ],
                    [
                        468,
                        158
                    ],
                    [
                        474,
                        4
                    ],
                    [
                        474,
                        6
                    ],
                    [
                        474,
                        8
                    ],
                    [
                        474,
                        148
                    ],
                    [
                        480,
                        58
                    ],
                    [
                        480,
                        134
                    ],
                    [
                        486,
                        64
                    ],
                    [
                        486,
                        106
                    ],
                    [
                        486,
                        108
                    ],
                    [
                        492,
                        96
                    ],
                    [
                        498,
                        80
                    ],
                    [
                        498,
                        82
                    ],
                    [
                        498,
                        84
                    ],
                    [
                        498,
                        86
                    ],
                    [
                        498,
                        88
                    ],
                    [
                        498,
                        90
                    ]
                ],
                "type": "LineString"
            },
            "properties": {
                "elevation": 1869000.0
            },
            "type": "Feature"
        },
        {
            "geometry": {
                "coordinates": [
                    [
                        1146,
                        6
                    ],
                    [
                        1152,
                        12
                    ],
                    [
                        1164,
                        22
                    ],
                    [
                        1170,
                        28
                    ],
                    [
                        1182,
                        32
                    ],
                    [
                        1188,
                        34
                    ],
                    [
                        1194,
                        38
                    ],
                    [
                        1206,
                        44
                    ],
                    [
                        1212,
                        46
                    ],
                    [
                        1218,
                        48
                    ],
                    [
                        1224,
                        50
                    ],
                    [
                        1230,
                        52
                    ],
                    [
                        1236,
                        54
                    ],
                    [
                        1248,
                        56
                    ],
                    [
                        1272,
                        58
                    ],
                    [
                        1278,
                        62
                    ],
                    [
                        1290,
                        72
                    ],
                    [
                        1296,
                        82
                    ],
                    [
                        1296,
                        84
                    ],
                    [
                        1296,
                        86
                    ],
                    [
                        1296,
                        88
                    ],
                    [
                        1296,
                        90
                    ],
                    [
                        1296,
                        92
                    ],
                    [
                        1302,
                        108
                    ],
                    [
                        1302,
                        110
                    ],
                    [
                        1308,
                        122
                    ],
                    [
                        1308,
                        124
                    ],
                    [
                        1326,
                        132
                    ],
                    [
                        1332,
                        130
                    ],
                    [
                        1338,
                        128
                    ],
                    [
                        1344,
                        126
                    ],
                    [
                        1350,
                        124
                    ],
                    [
                        1368,
                        130
                    ],
                    [
                        1374,
                        128
                    ],
                    [
                        1380,
                        124
                    ],
                    [
                        1386,
                        120
                    ],
                    [
                        1392,
                        116
                    ],
                    [
                        1398,
                        114
                    ],
                    [
                        1404,
                        112
                    ],
                    [
                        1410,
                        114
                    ],
                    [
                        1416,
                        122
                    ],
                    [
                        1416,
                        124
                    ],
                    [
                        1422,
                        132
                    ],
                    [
                        1428,
                        138
                    ],
                    [
                        1434,
                        146
                    ],
                    [
                        1434,
                        148
                    ],
                    [
                        1440,
                        154
                    ],
                    [
                        1446,
                        158
                    ],
                    [
                        1452,
                        162
                    ],
                    [
                        1464,
                        164
                    ],
                    [
                        1470,
                        172
                    ],
                    [
                        1470,
                        174
                    ],
                    [
                        1476,
                        180
                    ],
                    [
                        1494,
                        190
                    ],
                    [
                        1506,
                        194
                    ],
                    [
                        1512,
                        196
                    ],
                    [
                        1518,
                        198
                    ],
                    [
                        1530,
                        200
                    ],
                    [
                        1542,
                        204
                    ],
                    [
                        1548,
                        204
                    ],
                    [
                        1572,
                        198
                    ],
                    [
                        1578,
                        194
                    ],
                    [
                        1584,
                        194
                    ],
                    [
                        1590,
                        198
                    ],
                    [
                        1608,
                        208
                    ],
                    [
                        1620,
                        214
                    ],
                    [
                        1626,
                        218
                    ],
                    [
                        1632,
                        224
                    ],
                    [
                        1650,
                        232
                    ],
                    [
                        1656,
                        236
                    ],
                    [
                        1662,
                        238
                    ],
                    [
                        1668,
                        240
                    ],
                    [
                        1686,
                        244
                    ],
                    [
                        1698,
                        248
                    ],
                    [
                        1704,
                        252
                    ],
                    [
                        1716,
                        258
                    ],
                    [
                        1722,
                        260
                    ],
                    [
                        1746,
                        260
                    ],
                    [
                        1752,
                        264
                    ],
                    [
                        1758,
                        266
                    ],
                    [
                        1764,
                        266
                    ],
                    [
                        1770,
                        266
                    ],
                    [
                        1782,
                        264
                    ],
                    [
                        1794,
                        262
                    ],
                    [
                        1800,
                        262
                    ]
                ],
                "type": "LineString"
            },
            "properties": {
                "elevation": 1869000.0
            },
            "type": "Feature"
        },
        {
            "geometry": {
                "coordinates": [
                    [
                        0,
                        504
                    ],
                    [
                        6,
                        500
                    ],
                    [
                        12,
                        500
                    ],
                    [
                        18,
                        500
                    ],
                    [
                        30,
                        496
                    ],
                    [
                        42,
                        498
                    ],
                    [
                        48,
                        502
                    ],
                    [
                        54,
                        504
                    ],
                    [
                        60,
                        504
                    ],
                    [
                        66,
                        504
                    ],
                    [
                        84,
                        502
                    ],
                    [
                        90,
                        500
                    ],
                    [
                        96,
                        496
                    ],
                    [
                        102,
                        492
                    ],
                    [
                        108,
                        490
                    ],
                    [
                        114,
                        490
                    ],
                    [
                        120,
                        484
                    ],
                    [
                        120,
                        486
                    ],
                    [
                        132,
                        476
                    ],
                    [
                        138,
                        472
                    ],
                    [
                        144,
                        470
                    ],
                    [
                        156,
                        454
                    ],
                    [
                        162,
                        444
                    ],
                    [
                        162,
                        446
                    ],
                    [
                        168,
                        436
                    ],
                    [
                        174,
                        426
                    ],
                    [
                        180,
                        418
                    ],
                    [
                        186,
                        414
                    ],
                    [
                        192,
                        410
                    ],
                    [
                        204,
                        406
                    ],
                    [
                        216,
                        400
                    ],
                    [
                        222,
                        396
                    ],
                    [
                        228,
                        392
                    ],
                    [
                        234,
                        388
                    ],
                    [
                        240,
                        384
                    ],
                    [
                        246,
                        382
                    ],
                    [
                        258,
                        374
                    ],
                    [
                        264,
                        372
                    ],
                    [
                        276,
                        366
                    ],
                    [
                        288,
                        360
                    ],
                    [
                        294,
                        356
                    ],
                    [
                        300,
                        352
                    ],
                    [
                        306,
                        344
                    ],
                    [
                        318,
                        332
                    ],
                    [
                        324,
                        324
                    ],
                    [
                        330,
                        312
                    ],
                    [
                        330,
                        314
                    ],
                    [
                        336,
                        302
                    ],
                    [
                        342,
                        294
                    ],
                    [
                        348,
                        286
                    ],
                    [
                        360,
                        270
                    ],
                    [
                        360,
                        272
                    ],
                    [
                        360,
                        274
                    ],
                    [
                        360,
                        276
                    ],
                    [
                        366,
                        248
                    ],
                    [
                        366,
                        250
                    ],
                    [
                        372,
                        232
                    ],
                    [
                        372,
                        234
                    ],
                    [
                        378,
                        222
                    ],
                    [
                        384,
                        206
                    ],
                    [
                        384,
                        208
                    ],
                    [
                        390,
                        198
                    ],
                    [
                        396,
                        190
                    ],
                    [
                        402,
                        184
                    ],
                    [
                        408,
                        176
                    ],
                    [
                        414,
                        170
                    ],
                    [
                        432,
                        38
                    ],
                    [
                        432,
                        40
                    ],
                    [
                        432,
                        42
                    ],
                    [
                        432,
                        44
                    ],
                    [
                        432,
                        46
                    ],
                    [
                        432,
                        56
                    ],
                    [
                        432,
                        156
                    ],
                    [
                        438,
                        16
                    ],
                    [
                        438,
                        18
                    ],
                    [
                        438,
                        62
                    ],
                    [
                        438,
                        146
                    ],
                    [
                        444,
                        10
                    ],
                    [
                        444,
                        66
                    ],
                    [
                        444,
                        132
                    ],
                    [
                        444,
                        134
                    ],
                    [
                        450,
                        72
                    ],
                    [
                        450,
                        120
                    ],
                    [
                        456,
                        74
                    ],
                    [
                        456,
                        114
                    ],
                    [
                        462,
                        82
                    ],
                    [
                        462,
                        100
                    ]
                ],
                "type": "LineString"
            },
            "properties": {
                "elevation": 1863000.0
            },
            "type": "Feature"
        },
        {
            "geometry": {
                "coordinates": [
                    [
                        1206,
                        0
                    ],
                    [
                        1212,
                        6
                    ],
                    [
                        1218,
                        10
                    ],
                    [
                        1224,
                        12
                    ],
                    [
                        1230,
                        16
                    ],
                    [
                        1254,
                        20
                    ],
                    [
                        1260,
                        18
                    ],
                    [
                        1266,
                        18
                    ],
                    [
                        1272,
                        20
                    ],
                    [
                        1284,
                        28
                    ],
                    [
                        1290,
                        40
                    ],
                    [
                        1290,
                        42
                    ],
                    [
                        1302,
                        52
                    ],
                    [
                        1308,
                        58
                    ],
                    [
                        1314,
                        72
                    ],
                    [
                        1320,
                        92
                    ],
                    [
                        1320,
                        94
                    ],
                    [
                        1326,
                        100
                    ],
                    [
                        1332,
                        98
                    ],
                    [
                        1338,
                        100
                    ],
                    [
                        1350,
                        100
                    ],
                    [
                        1356,
                        102
                    ],
                    [
                        1362,
                        104
                    ],
                    [
                        1368,
                        98
                    ],
                    [
                        1386,
                        90
                    ],
                    [
                        1416,
                        92
                    ],
                    [
                        1422,
                        96
                    ],
                    [
                        1428,
                        100
                    ],
                    [
                        1434,
                        106
                    ],
                    [
                        1434,
                        108
                    ],
                    [
                        1440,
                        116
                    ],
                    [
                        1458,
                        134
                    ],
                    [
                        1464,
                        138
                    ],
                    [
                        1476,
                        142
                    ],
                    [
                        1482,
                        148
                    ],
                    [
                        1500,
                        158
                    ],
                    [
                        1506,
                        160
                    ],
                    [
                        1512,
                        162
                    ],
                    [
                        1518,
                        162
                    ],
                    [
                        1524,
                        164
                    ],
                    [
                        1530,
                        166
                    ],
                    [
                        1536,
                        166
                    ],
                    [
                        1542,
                        168
                    ],
                    [
                        1548,
                        170
                    ],
                    [
                        1554,
                        170
                    ],
                    [
                        1560,
                        170
                    ],
                    [
                        1566,
                        170
                    ],
                    [
                        1572,
                        168
                    ],
                    [
                        1584,
                        166
                    ],
                    [
                        1590,
                        170
                    ],
                    [
                        1596,
                        176
                    ],
                    [
                        1608,
                        184
                    ],
                    [
                        1614,
                        186
                    ],
                    [
                        1632,
                        190
                    ],
                    [
                        1638,
                        192
                    ],
                    [
                        1656,
                        198
                    ],
                    [
                        1662,
                        200
                    ],
                    [
                        1674,
                        206
                    ],
                    [
                        1686,
                        210
                    ],
                    [
                        1692,
                        212
                    ],
                    [
                        1698,
                        214
                    ],
                    [
                        1704,
                        216
                    ],
                    [
                        1710,
                        218
                    ],
                    [
                        1728,
                        224
                    ],
                    [
                        1740,
                        226
                    ],
                    [
                        1746,
                        228
                    ],
                    [
                        1752,
                        230
                    ],
                    [
                        1758,
                        230
                    ],
                    [
                        1776,
                        230
                    ],
                    [
                        1782,
                        228
                    ]
                ],
                "type": "LineString"
            },
            "properties": {
                "elevation": 1863000.0
            },
            "type": "Feature"
        },
        {
            "geometry": {
                "coordinates": [
                    [
                        12,
                        480
                    ],
                    [
                        18,
                        478
                    ],
                    [
                        24,
                        476
                    ],
                    [
                        30,
                        476
                    ],
                    [
                        36,
                        478
                    ],
                    [
                        42,
                        478
                    ],
                    [
                        48,
                        478
                    ],
                    [
                        54,
                        478
                    ],
                    [
                        66,
                        476
                    ],
                    [
                        72,
                        474
                    ],
                    [
                        78,
                        468
                    ],
                    [
                        84,
                        464
                    ],
                    [
                        90,
                        462
                    ],
                    [
                        96,
                        460
                    ],
                    [
                        102,
                        456
                    ],
                    [
                        114,
                        450
                    ],
                    [
                        120,
                        444
                    ],
                    [
                        120,
                        446
                    ],
                    [
                        126,
                        440
                    ],
                    [
                        126,
                        442
                    ],
                    [
                        132,
                        434
                    ],
                    [
                        132,
                        436
                    ],
                    [
                        138,
                        428
                    ],
                    [
                        150,
                        410
                    ],
                    [
                        156,
                        396
                    ],
                    [
                        168,
                        388
                    ],
                    [
                        180,
                        382
                    ],
                    [
                        186,
                        380
                    ],
                    [
                        192,
                        376
                    ],
                    [
                        198,
                        372
                    ],
                    [
                        204,
                        368
                    ],
                    [
                        210,
                        364
                    ],
                    [
                        216,
                        362
                    ],
                    [
                        222,
                        358
                    ],
                    [
                        228,
                        354
                    ],
                    [
                        234,
                        350
                    ],
                    [
                        240,
                        348
                    ],
                    [
                        246,
                        342
                    ],
                    [
                        252,
                        340
                    ],
                    [
                        258,
                        336
                    ],
                    [
                        264,
                        332
                    ],
                    [
                        270,
                        328
                    ],
                    [
                        276,
                        322
                    ],
                    [
                        282,
                        316
                    ],
                    [
                        288,
                        312
                    ],
                    [
                        294,
                        306
                    ],
                    [
                        300,
                        294
                    ],
                    [
                        306,
                        288
                    ],
                    [
                        312,
                        276
                    ],
                    [
                        318,
                        264
                    ],
                    [
                        330,
                        252
                    ],
                    [
                        330,
                        254
                    ],
                    [
                        336,
                        228
                    ],
                    [
                        336,
                        230
                    ],
                    [
                        336,
                        232
                    ],
                    [
                        342,
                        212
                    ],
                    [
                        342,
                        214
                    ],
                    [
                        348,
                        200
                    ],
                    [
                        348,
                        202
                    ],
                    [
                        354,
                        186
                    ],
                    [
                        354,
                        188
                    ],
                    [
                        360,
                        180
                    ],
                    [
                        366,
                        174
                    ],
                    [
                        372,
                        166
                    ],
                    [
                        378,
                        156
                    ],
                    [
                        384,
                        152
                    ],
                    [
                        396,
                        148
                    ],
                    [
                        402,
                        38
                    ],
                    [
                        402,
                        40
                    ],
                    [
                        402,
                        42
                    ],
                    [
                        402,
                        58
                    ],
                    [
                        402,
                        144
                    ],
                    [
                        408,
                        18
                    ],
                    [
                        408,
                        20
                    ],
                    [
                        408,
                        72
                    ],
                    [
                        408,
                        132
                    ],
                    [
                        408,
                        134
                    ],
                    [
                        414,
                        8
                    ],
                    [
                        414,
                        78
                    ],
                    [
                        414,
                        122
                    ],
                    [
                        414,
                        124
                    ],
                    [
                        420,
                        0
                    ],
                    [
                        420,
                        82
                    ],
                    [
                        420,
                        114
                    ],
                    [
                        426,
                        88
                    ],
                    [
                        426,
                        108
                    ],
                    [
                        432,
                        96
                    ],
                    [
                        432,
                        98
                    ],
                    [
                        432,
                        100
                    ]
                ],
                "type": "LineString"
            },
            "properties": {
                "elevation": 1855000.0
            },
            "type": "Feature"
        },
        {
            "geometry": {
                "coordinates": [
                    [
                        1326,
                        2
                    ],
                    [
                        1326,
                        4
                    ],
                    [
                        1332,
                        12
                    ],
                    [
                        1338,
                        20
                    ],
                    [
                        1338,
                        22
                    ],
                    [
                        1344,
                        32
                    ],
                    [
                        1350,
                        40
                    ],
                    [
                        1350,
                        42
                    ],
                    [
                        1356,
                        44
                    ],
                    [
                        1362,
                        42
                    ],
                    [
                        1368,
                        36
                    ],
                    [
                        1374,
                        36
                    ],
                    [
                        1380,
                        34
                    ],
                    [
                        1386,
                        32
                    ],
                    [
                        1404,
                        30
                    ],
                    [
                        1410,
                        34
                    ],
                    [
                        1416,
                        40
                    ],
                    [
                        1422,
                        42
                    ],
                    [
                        1428,
                        46
                    ],
                    [
                        1434,
                        50
                    ],
                    [
                        1440,
                        56
                    ],
                    [
                        1440,
                        58
                    ],
                    [
                        1446,
                        62
                    ],
                    [
                        1464,
                        64
                    ],
                    [
                        1470,
                        68
                    ],
                    [
                        1476,
                        72
                    ],
                    [
                        1482,
                        76
                    ],
                    [
                        1488,
                        78
                    ],
                    [
                        1494,
                        80
                    ],
                    [
                        1500,
                        84
                    ],
                    [
                        1506,
                        86
                    ],
                    [
                        1512,
                        88
                    ],
                    [
                        1518,
                        90
                    ],
                    [
                        1524,
                        92
                    ],
                    [
                        1530,
                        94
                    ],
                    [
                        1536,
                        96
                    ],
                    [
                        1542,
                        100
                    ],
                    [
                        1548,
                        102
                    ],
                    [
                        1554,
                        102
                    ],
                    [
                        1560,
                        104
                    ],
                    [
                        1566,
                        106
                    ],
                    [
                        1572,
                        106
                    ],
                    [
                        1578,
                        106
                    ],
                    [
                        1584,
                        106
                    ],
                    [
                        1590,
                        108
                    ],
                    [
                        1596,
                        110
                    ],
                    [
                        1602,
                        114
                    ],
                    [
                        1608,
                        118
                    ],
                    [
                        1620,
                        120
                    ],
                    [
                        1626,
                        122
                    ],
                    [
                        1632,
                        124
                    ],
                    [
                        1638,
                        124
                    ],
                    [
                        1644,
                        126
                    ],
                    [
                        1650,
                        128
                    ],
                    [
                        1656,
                        130
                    ],
                    [
                        1674,
                        134
                    ],
                    [
                        1680,
                        136
                    ],
                    [
                        1686,
                        138
                    ],
                    [
                        1692,
                        140
                    ],
                    [
                        1698,
                        142
                    ],
                    [
                        1704,
                        144
                    ],
                    [
                        1710,
                        146
                    ],
                    [
                        1716,
                        148
                    ],
                    [
                        1722,
                        150
                    ],
                    [
                        1728,
                        152
                    ],
                    [
                        1734,
                        154
                    ],
                    [
                        1740,
                        156
                    ],
                    [
                        1746,
                        156
                    ],
                    [
                        1752,
                        156
                    ],
                    [
                        1758,
                        158
                    ],
                    [
                        1764,
                        158
                    ],
                    [
                        1770,
                        158
                    ],
                    [
                        1794,
                        158
                    ],
                    [
                        1800,
                        158
                    ]
                ],
                "type": "LineString"
            },
            "properties": {
                "elevation": 1855000.0
            },
            "type": "Feature"
        },
        {
            "geometry": {
                "coordinates": [
                    [
                        1296,
                        0
                    ],
                    [
                        1296,
                        2
                    ],
                    [
                        1302,
                        12
                    ],
                    [
                        1308,
                        24
                    ],
                    [
                        1314,
                        32
                    ],
                    [
                        1320,
                        40
                    ],
                    [
                        1326,
                        50
                    ],
                    [
                        1326,
                        52
                    ],
                    [
                        1332,
                        60
                    ],
                    [
                        1332,
                        62
                    ],
                    [
                        1338,
                        70
                    ],
                    [
                        1344,
                        74
                    ],
                    [
                        1350,
                        78
                    ],
                    [
                        1362,
                        76
                    ],
                    [
                        1368,
                        72
                    ],
                    [
                        1380,
                        64
                    ],
                    [
                        1386,
                        62
                    ],
                    [
                        1392,
                        60
                    ],
                    [
                        1416,
                        62
                    ],
                    [
                        1422,
                        70
                    ],
                    [
                        1428,
                        82
                    ],
                    [
                        1440,
                        90
                    ],
                    [
                        1458,
                        92
                    ],
                    [
                        1464,
                        100
                    ],
                    [
                        1470,
                        104
                    ],
                    [
                        1476,
                        108
                    ],
                    [
                        1482,
                        114
                    ],
                    [
                        1488,
                        118
                    ],
                    [
                        1494,
                        120
                    ],
                    [
                        1500,
                        120
                    ],
                    [
                        1518,
                        126
                    ],
                    [
                        1536,
                        136
                    ],
                    [
                        1542,
                        136
                    ],
                    [
                        1548,
                        136
                    ],
                    [
                        1554,
                        136
                    ],
                    [
                        1560,
                        138
                    ],
                    [
                        1572,
                        140
                    ],
                    [
                        1590,
                        142
                    ],
                    [
                        1596,
                        146
                    ],
                    [
                        1602,
                        150
                    ],
                    [
                        1608,
                        152
                    ],
                    [
                        1620,
                        154
                    ],
                    [
                        1626,
                        156
                    ],
                    [
                        1632,
                        158
                    ],
                    [
                        1638,
                        160
                    ],
                    [
                        1650,
                        162
                    ],
                    [
                        1656,
                        164
                    ],
                    [
                        1662,
                        166
                    ],
                    [
                        1680,
                        172
                    ],
                    [
                        1692,
                        178
                    ],
                    [
                        1704,
                        180
                    ],
                    [
                        1722,
                        186
                    ],
                    [
                        1728,
                        188
                    ],
                    [
                        1746,
                        192
                    ],
                    [
                        1758,
                        194
                    ],
                    [
                        1764,
                        194
                    ],
                    [
                        1770,
                        194
                    ],
                    [
                        1776,
                        194
                    ],
                    [
                        1794,
                        192
                    ],
                    [
                        1800,
                        192
                    ]
                ],
                "type": "LineString"
            },
            "properties": {
                "elevation": 1855000.0
            },
            "type": "Feature"
        },
        {
            "geometry": {
                "coordinates": [
                    [
                        0,
                        460
                    ],
                    [
                        6,
                        458
                    ],
                    [
                        12,
                        456
                    ],
                    [
                        18,
                        456
                    ],
                    [
                        24,
                        456
                    ],
                    [
                        30,
                        456
                    ],
                    [
                        36,
                        452
                    ],
                    [
                        42,
                        450
                    ],
                    [
                        48,
                        448
                    ],
                    [
                        54,
                        444
                    ],
                    [
                        60,
                        440
                    ],
                    [
                        66,
                        436
                    ],
                    [
                        72,
                        434
                    ],
                    [
                        78,
                        432
                    ],
                    [
                        84,
                        428
                    ],
                    [
                        90,
                        424
                    ],
                    [
                        96,
                        422
                    ],
                    [
                        102,
                        418
                    ],
                    [
                        108,
                        412
                    ],
                    [
                        114,
                        408
                    ],
                    [
                        120,
                        404
                    ],
                    [
                        126,
                        396
                    ],
                    [
                        132,
                        386
                    ],
                    [
                        138,
                        378
                    ],
                    [
                        144,
                        372
                    ],
                    [
                        150,
                        366
                    ],
                    [
                        156,
                        360
                    ],
                    [
                        156,
                        362
                    ],
                    [
                        162,
                        356
                    ],
                    [
                        168,
                        352
                    ],
                    [
                        174,
                        348
                    ],
                    [
                        180,
                        344
                    ],
                    [
                        186,
                        340
                    ],
                    [
                        192,
                        336
                    ],
                    [
                        198,
                        332
                    ],
                    [
                        204,
                        330
                    ],
                    [
                        210,
                        324
                    ],
                    [
                        216,
                        320
                    ],
                    [
                        222,
                        316
                    ],
                    [
                        228,
                        312
                    ],
                    [
                        228,
                        314
                    ],
                    [
                        234,
                        310
                    ],
                    [
                        240,
                        306
                    ],
                    [
                        246,
                        304
                    ],
                    [
                        252,
                        298
                    ],
                    [
                        258,
                        294
                    ],
                    [
                        264,
                        288
                    ],
                    [
                        264,
                        290
                    ],
                    [
                        270,
                        278
                    ],
                    [
                        270,
                        280
                    ],
                    [
                        276,
                        266
                    ],
                    [
                        282,
                        256
                    ],
                    [
                        288,
                        248
                    ],
                    [
                        294,
                        242
                    ],
                    [
                        300,
                        238
                    ],
                    [
                        306,
                        210
                    ],
                    [
                        306,
                        212
                    ],
                    [
                        306,
                        214
                    ],
                    [
                        306,
                        216
                    ],
                    [
                        306,
                        218
                    ],
                    [
                        306,
                        220
                    ],
                    [
                        306,
                        222
                    ],
                    [
                        306,
                        224
                    ],
                    [
                        306,
                        226
                    ],
                    [
                        306,
                        228
                    ],
                    [
                        312,
                        196
                    ],
                    [
                        312,
                        198
                    ],
                    [
                        312,
                        200
                    ],
                    [
                        318,
                        182
                    ],
                    [
                        324,
                        170
                    ],
                    [
                        324,
                        172
                    ],
                    [
                        330,
                        162
                    ],
                    [
                        336,
                        154
                    ],
                    [
                        336,
                        156
                    ],
                    [
                        342,
                        148
                    ],
                    [
                        348,
                        142
                    ],
                    [
                        354,
                        136
                    ],
                    [
                        360,
                        130
                    ],
                    [
                        372,
                        24
                    ],
                    [
                        372,
                        26
                    ],
                    [
                        372,
                        44
                    ],
                    [
                        372,
                        46
                    ],
                    [
                        372,
                        48
                    ],
                    [
                        372,
                        50
                    ],
                    [
                        372,
                        52
                    ],
                    [
                        372,
                        54
                    ],
                    [
                        372,
                        56
                    ],
                    [
                        372,
                        126
                    ],
                    [
                        378,
                        14
                    ],
                    [
                        378,
                        70
                    ],
                    [
                        378,
                        72
                    ],
                    [
                        378,
                        74
                    ],
                    [
                        378,
                        76
                    ],
                    [
                        378,
                        126
                    ],
                    [
                        384,
                        4
                    ],
                    [
                        384,
                        6
                    ],
                    [
                        384,
                        86
                    ],
                    [
                        384,
                        88
                    ],
                    [
                        384,
                        114
                    ],
                    [
                        390,
                        92
                    ],
                    [
                        390,
                        94
                    ],
                    [
                        390,
                        106
                    ],
                    [
                        396,
                        100
                    ]
                ],
                "type": "LineString"
            },
            "properties": {
                "elevation": 1853000.0
            },
            "type": "Feature"
        },
        {
            "geometry": {
                "coordinates": [
                    [
                        0,
                        432
                    ],
                    [
                        6,
                        430
                    ],
                    [
                        12,
                        428
                    ],
                    [
                        36,
                        418
                    ],
                    [
                        42,
                        412
                    ],
                    [
                        48,
                        408
                    ],
                    [
                        60,
                        404
                    ],
                    [
                        72,
                        396
                    ],
                    [
                        78,
                        394
                    ],
                    [
                        84,
                        390
                    ],
                    [
                        90,
                        386
                    ],
                    [
                        96,
                        382
                    ],
                    [
                        108,
                        370
                    ],
                    [
                        114,
                        362
                    ],
                    [
                        120,
                        356
                    ],
                    [
                        126,
                        346
                    ],
                    [
                        126,
                        348
                    ],
                    [
                        132,
                        340
                    ],
                    [
                        132,
                        342
                    ],
                    [
                        138,
                        332
                    ],
                    [
                        144,
                        328
                    ],
                    [
                        144,
                        330
                    ],
                    [
                        150,
                        322
                    ],
                    [
                        150,
                        324
                    ],
                    [
                        156,
                        318
                    ],
                    [
                        162,
                        312
                    ],
                    [
                        168,
                        308
                    ],
                    [
                        186,
                        296
                    ],
                    [
                        192,
                        290
                    ],
                    [
                        204,
                        284
                    ],
                    [
                        240,
                        264
                    ],
                    [
                        246,
                        248
                    ],
                    [
                        252,
                        240
                    ],
                    [
                        258,
                        230
                    ],
                    [
                        264,
                        224
                    ],
                    [
                        270,
                        220
                    ],
                    [
                        282,
                        192
                    ],
                    [
                        282,
                        194
                    ],
                    [
                        288,
                        164
                    ],
                    [
                        288,
                        166
                    ],
                    [
                        294,
                        150
                    ],
                    [
                        300,
                        142
                    ],
                    [
                        306,
                        134
                    ],
                    [
                        312,
                        128
                    ],
                    [
                        318,
                        122
                    ],
                    [
                        342,
                        10
                    ],
                    [
                        342,
                        12
                    ],
                    [
                        342,
                        50
                    ],
                    [
                        342,
                        52
                    ],
                    [
                        342,
                        54
                    ],
                    [
                        342,
                        56
                    ],
                    [
                        342,
                        58
                    ],
                    [
                        342,
                        60
                    ],
                    [
                        342,
                        62
                    ],
                    [
                        342,
                        110
                    ],
                    [
                        348,
                        76
                    ],
                    [
                        348,
                        78
                    ],
                    [
                        348,
                        108
                    ],
                    [
                        354,
                        92
                    ],
                    [
                        354,
                        104
                    ]
                ],
                "type": "LineString"
            },
            "properties": {
                "elevation": 1853000.0
            },
            "type": "Feature"
        },
        {
            "geometry": {
                "coordinates": [
                    [
                        0,
                        276
                    ],
                    [
                        6,
                        270
                    ],
                    [
                        12,
                        268
                    ],
                    [
                        18,
                        262
                    ],
                    [
                        24,
                        258
                    ],
                    [
                        30,
                        252
                    ],
                    [
                        36,
                        244
                    ],
                    [
                        42,
                        238
                    ],
                    [
                        48,
                        230
                    ],
                    [
                        54,
                        222
                    ],
                    [
                        60,
                        216
                    ],
                    [
                        66,
                        208
                    ],
                    [
                        72,
                        202
                    ],
                    [
                        78,
                        194
                    ],
                    [
                        84,
                        188
                    ],
                    [
                        90,
                        184
                    ],
                    [
                        96,
                        180
                    ],
                    [
                        102,
                        178
                    ],
                    [
                        114,
                        176
                    ],
                    [
                        120,
                        174
                    ],
                    [
                        126,
                        174
                    ],
                    [
                        138,
                        164
                    ],
                    [
                        144,
                        156
                    ],
                    [
                        150,
                        150
                    ],
                    [
                        156,
                        120
                    ],
                    [
                        156,
                        122
                    ],
                    [
                        156,
                        132
                    ],
                    [
                        156,
                        134
                    ],
                    [
                        156,
                        136
                    ],
                    [
                        156,
                        138
                    ],
                    [
                        156,
                        140
                    ],
                    [
                        156,
                        142
                    ],
                    [
                        162,
                        102
                    ],
                    [
                        162,
                        104
                    ],
                    [
                        162,
                        108
                    ],
                    [
                        162,
                        110
                    ],
                    [
                        168,
                        92
                    ],
                    [
                        168,
                        94
                    ],
                    [
                        168,
                        96
                    ],
                    [
                        168,
                        98
                    ],
                    [
                        168,
                        100
                    ],
                    [
                        174,
                        80
                    ],
                    [
                        174,
                        82
                    ],
                    [
                        174,
                        84
                    ],
                    [
                        174,
                        86
                    ],
                    [
                        174,
                        88
                    ],
                    [
                        174,
                        90
                    ],
                    [
                        180,
                        70
                    ],
                    [
                        180,
                        72
                    ],
                    [
                        186,
                        60
                    ],
                    [
                        186,
                        62
                    ],
                    [
                        192,
                        52
                    ],
                    [
                        198,
                        46
                    ],
                    [
                        204,
                        42
                    ],
                    [
                        210,
                        34
                    ],
                    [
                        210,
                        36
                    ],
                    [
                        216,
                        0
                    ],
                    [
                        216,
                        2
                    ],
                    [
                        216,
                        4
                    ],
                    [
                        216,
                        6
                    ],
                    [
                        216,
                        8
                    ],
                    [
                        216,
                        10
                    ],
                    [
                        216,
                        12
                    ],
                    [
                        216,
                        16
                    ],
                    [
                        216,
                        18
                    ],
                    [
                        216,
                        20
                    ],
                    [
                        216,
                        22
                    ],
                    [
                        216,
                        32
                    ]
                ],
                "type": "LineString"
            },
            "properties": {
                "elevation": 1850000.0
            },
            "type": "Feature"
        },
        {
            "geometry": {
                "coordinates": [
                    [
                        0,
                        396
                    ],
                    [
                        6,
                        392
                    ],
                    [
                        12,
                        388
                    ],
                    [
                        18,
                        386
                    ],
                    [
                        30,
                        380
                    ],
                    [
                        48,
                        372
                    ],
                    [
                        54,
                        368
                    ],
                    [
                        78,
                        350
                    ],
                    [
                        90,
                        340
                    ],
                    [
                        96,
                        332
                    ],
                    [
                        102,
                        324
                    ],
                    [
                        108,
                        316
                    ],
                    [
                        114,
                        306
                    ],
                    [
                        120,
                        298
                    ],
                    [
                        126,
                        294
                    ],
                    [
                        132,
                        290
                    ],
                    [
                        132,
                        292
                    ],
                    [
                        138,
                        284
                    ],
                    [
                        138,
                        286
                    ],
                    [
                        144,
                        280
                    ],
                    [
                        150,
                        274
                    ],
                    [
                        150,
                        276
                    ],
                    [
                        156,
                        270
                    ],
                    [
                        162,
                        264
                    ],
                    [
                        174,
                        258
                    ],
                    [
                        198,
                        250
                    ],
                    [
                        204,
                        248
                    ],
                    [
                        216,
                        230
                    ],
                    [
                        216,
                        232
                    ],
                    [
                        222,
                        222
                    ],
                    [
                        228,
                        214
                    ],
                    [
                        234,
                        208
                    ],
                    [
                        240,
                        204
                    ],
                    [
                        246,
                        200
                    ],
                    [
                        252,
                        156
                    ],
                    [
                        252,
                        170
                    ],
                    [
                        252,
                        172
                    ],
                    [
                        252,
                        182
                    ],
                    [
                        252,
                        184
                    ],
                    [
                        252,
                        186
                    ],
                    [
                        252,
                        188
                    ],
                    [
                        252,
                        190
                    ],
                    [
                        252,
                        192
                    ],
                    [
                        258,
                        148
                    ],
                    [
                        264,
                        132
                    ],
                    [
                        264,
                        134
                    ],
                    [
                        270,
                        124
                    ],
                    [
                        270,
                        126
                    ],
                    [
                        276,
                        118
                    ],
                    [
                        282,
                        110
                    ],
                    [
                        294,
                        98
                    ],
                    [
                        300,
                        94
                    ],
                    [
                        306,
                        94
                    ],
                    [
                        312,
                        4
                    ],
                    [
                        312,
                        6
                    ],
                    [
                        312,
                        44
                    ],
                    [
                        312,
                        46
                    ],
                    [
                        312,
                        94
                    ],
                    [
                        318,
                        58
                    ],
                    [
                        318,
                        60
                    ]
                ],
                "type": "LineString"
            },
            "properties": {
                "elevation": 1850000.0
            },
            "type": "Feature"
        },
        {
            "geometry": {
                "coordinates": [
                    [
                        0,
                        356
                    ],
                    [
                        12,
                        350
                    ],
                    [
                        24,
                        344
                    ],
                    [
                        30,
                        340
                    ],
                    [
                        36,
                        338
                    ],
                    [
                        42,
                        334
                    ],
                    [
                        60,
                        320
                    ],
                    [
                        66,
                        312
                    ],
                    [
                        72,
                        306
                    ],
                    [
                        78,
                        300
                    ],
                    [
                        84,
                        292
                    ],
                    [
                        90,
                        284
                    ],
                    [
                        96,
                        276
                    ],
                    [
                        102,
                        270
                    ],
                    [
                        108,
                        264
                    ],
                    [
                        120,
                        254
                    ],
                    [
                        126,
                        248
                    ],
                    [
                        144,
                        236
                    ],
                    [
                        150,
                        234
                    ],
                    [
                        156,
                        232
                    ],
                    [
                        162,
                        230
                    ],
                    [
                        168,
                        228
                    ],
                    [
                        180,
                        224
                    ],
                    [
                        186,
                        222
                    ],
                    [
                        192,
                        212
                    ],
                    [
                        192,
                        214
                    ],
                    [
                        198,
                        204
                    ],
                    [
                        210,
                        192
                    ],
                    [
                        216,
                        184
                    ],
                    [
                        222,
                        134
                    ],
                    [
                        222,
                        136
                    ],
                    [
                        222,
                        172
                    ],
                    [
                        228,
                        124
                    ],
                    [
                        234,
                        116
                    ],
                    [
                        240,
                        106
                    ],
                    [
                        246,
                        102
                    ],
                    [
                        252,
                        92
                    ],
                    [
                        258,
                        84
                    ],
                    [
                        276,
                        72
                    ],
                    [
                        282,
                        2
                    ],
                    [
                        282,
                        36
                    ],
                    [
                        288,
                        62
                    ],
                    [
                        288,
                        64
                    ],
                    [
                        288,
                        66
                    ]
                ],
                "type": "LineString"
            },
            "properties": {
                "elevation": 1850000.0
            },
            "type": "Feature"
        },
        {
            "geometry": {
                "coordinates": [
                    [
                        0,
                        316
                    ],
                    [
                        6,
                        314
                    ],
                    [
                        18,
                        306
                    ],
                    [
                        24,
                        302
                    ],
                    [
                        36,
                        294
                    ],
                    [
                        42,
                        288
                    ],
                    [
                        54,
                        276
                    ],
                    [
                        60,
                        268
                    ],
                    [
                        66,
                        262
                    ],
                    [
                        72,
                        254
                    ],
                    [
                        78,
                        248
                    ],
                    [
                        84,
                        242
                    ],
                    [
                        90,
                        236
                    ],
                    [
                        96,
                        230
                    ],
                    [
                        102,
                        224
                    ],
                    [
                        114,
                        212
                    ],
                    [
                        120,
                        208
                    ],
                    [
                        126,
                        206
                    ],
                    [
                        132,
                        204
                    ],
                    [
                        150,
                        200
                    ],
                    [
                        162,
                        194
                    ],
                    [
                        180,
                        172
                    ],
                    [
                        186,
                        142
                    ],
                    [
                        186,
                        144
                    ],
                    [
                        186,
                        146
                    ],
                    [
                        186,
                        164
                    ],
                    [
                        186,
                        166
                    ],
                    [
                        192,
                        116
                    ],
                    [
                        192,
                        118
                    ],
                    [
                        192,
                        120
                    ],
                    [
                        198,
                        102
                    ],
                    [
                        204,
                        94
                    ],
                    [
                        210,
                        88
                    ],
                    [
                        216,
                        82
                    ],
                    [
                        222,
                        72
                    ],
                    [
                        222,
                        74
                    ],
                    [
                        240,
                        58
                    ],
                    [
                        246,
                        52
                    ],
                    [
                        252,
                        0
                    ],
                    [
                        252,
                        42
                    ]
                ],
                "type": "LineString"
            },
            "properties": {
                "elevation": 1850000.0
            },
            "type": "Feature"
        }
    ],
    "type": "FeatureCollection"
}
