{
 "features": [
  {
   "geometry": {
    "coordinates": [
     [
      0.0,
      0.0
     ],
     [
      0.0,
      13.285957930642411
     ],
     [
      29.982944855031267,
      13.285957930642411
     ],
     [
      29.982944855031267,
      0.0
     ],
     [
      0.0,
      0.0
     ]
    ],
    "type": "LineString"
   },
   "properties": {
    "elevation": 0.0
   },
   "type": "Feature"
  },
  {
   "geometry": {
    "coordinates": [
     [
      0.0,
      0.0
     ],
     [
      0.0,
      13.285957930642411
     ],
     [
      29.982944855031267,
      13.285957930642411
     ],
     [
      29.982944855031267,
      0.0
     ],
     [
      0.0,
      0.0
     ]
    ],
    "type": "LineString"
   },
   "properties": {
    "elevation": 10.0
   },
   "type": "Feature"
  },
  {
   "geometry": {
    "coordinates": [
     [
      8.357021034678795,
      2.370665150653781
     ],
     [
      8.357021034678795,
      2.370665150653781
     ]
    ],
    "type": "LineString"
   },
   "properties": {
    "elevation": 10.0
   },
   "type": "Feature"
  },
  {
   "geometry": {
    "coordinates": [
     [
      0.0,
      0.0
     ],
     [
      0.0,
      13.285957930642411
     ],
     [
      29.982944855031267,
      13.285957930642411
     ],
     [
      29.982944855031267,
      0.0
     ],
     [
      0.0,
      0.0
     ]
    ],
    "type": "LineString"
   },
   "properties": {
    "elevation": 20.0
   },
   "type": "Feature"
  },
  {
   "geometry": {
    "coordinates": [
     [
      8.357021034678795,
      2.370665150653781
     ],
     [
      8.357021034678795,
      2.370665150653781
     ]
    ],
    "type": "LineString"
   },
   "properties": {
    "elevation": 20.0
   },
   "type": "Feature"
  },
  {
   "geometry": {
    "coordinates": [
     [
      4.417282546901649,
      2.2683342808413873
     ],
     [
      4.417282546901649,
      2.2683342808413873
     ]
    ],
    "type": "LineString"
   },
   "properties": {
    "elevation": 20.0
   },
   "type": "Feature"
  },
  {
   "geometry": {
    "coordinates": [
     [
      0.0,
      0.0
     ],
     [
      0.0,
      13.285957930642411
     ],
     [
      29.982944855031267,
      13.285957930642411
     ],
     [
      29.982944855031267,
      0.0
     ],
     [
      0.0,
      0.0
     ]
    ],
    "type": "LineString"
   },
   "properties": {
    "elevation": 30.0
   },
   "type": "Feature"
  },
  {
   "geometry": {
    "coordinates": [
     [
      22.836839113132463,
      12.910744741330301
     ],
     [
      22.836839113132463,
      12.910744741330301
     ]
    ],
    "type": "LineString"
   },
   "properties": {
    "elevation": 30.0
   },
   "type": "Feature"
  },
  {
   "geometry": {
    "coordinates": [
     [
      8.357021034678795,
      2.370665150653781
     ],
     [
      8.357021034678795,
      2.370665150653781
     ]
    ],
    "type": "LineString"
   },
   "properties": {
    "elevation": 30.0
   },
   "type": "Feature"
  },
  {
   "geometry": {
    "coordinates": [
     [
      4.417282546901649,
      2.2683342808413873
     ],
     [
      4.417282546901649,
      2.2683342808413873
     ]
    ],
    "type": "LineString"
   },
   "properties": {
    "elevation": 30.0
   },
   "type": "Feature"
  },
  {
   "geometry": {
    "coordinates": [
     [
      0.0,
      0.0
     ],
     [
      0.0,
      13.285957930642411
     ],
     [
      29.982944855031267,
      13.285957930642411
     ],
     [
      29.982944855031267,
      0.0
     ],
     [
      0.0,
      0.0
     ]
    ],
    "type": "LineString"
   },
   "properties": {
    "elevation": 40.0
   },
   "type": "Feature"
  },
  {
   "geometry": {
    "coordinates": [
     [
      22.836839113132463,
      12.910744741330301
     ],
     [
      22.836839113132463,
      12.910744741330301
     ]
    ],
    "type": "LineString"
   },
   "properties": {
    "elevation": 40.0
   },
   "type": "Feature"
  },
  {
   "geometry": {
    "coordinates": [
     [
      26.350198976691303,
      3.0187606594656056
     ],
     [
      26.350198976691303,
      3.0187606594656056
     ]
    ],
    "type": "LineString"
   },
   "properties": {
    "elevation": 40.0
   },
   "type": "Feature"
  },
  {
   "geometry": {
    "coordinates": [
     [
      8.357021034678795,
      2.370665150653781
     ],
     [
      8.357021034678795,
      2.370665150653781
     ]
    ],
    "type": "LineString"
   },
   "properties": {
    "elevation": 40.0
   },
   "type": "Feature"
  },
  {
   "geometry": {
    "coordinates": [
     [
      4.417282546901649,
      2.2683342808413873
     ],
     [
      4.417282546901649,
      2.2683342808413873
     ]
    ],
    "type": "LineString"
   },
   "properties": {
    "elevation": 40.0
   },
   "type": "Feature"
  },
  {
   "geometry": {
    "coordinates": [
     [
      0.0,
      0.0
     ],
     [
      0.0,
      13.285957930642411
     ],
     [
      29.982944855031267,
      13.285957930642411
     ],
     [
      29.982944855031267,
      0.0
     ],
     [
      0.0,
      0.0
     ]
    ],
    "type": "LineString"
   },
   "properties": {
    "elevation": 50.0
   },
   "type": "Feature"
  },
  {
   "geometry": {
    "coordinates": [
     [
      22.836839113132463,
      12.910744741330301
     ],
     [
      22.836839113132463,
      12.910744741330301
     ]
    ],
    "type": "LineString"
   },
   "properties": {
    "elevation": 50.0
   },
   "type": "Feature"
  },
  {
   "geometry": {
    "coordinates": [
     [
      26.350198976691303,
      3.0187606594656056
     ],
     [
      26.350198976691303,
      3.0187606594656056
     ]
    ],
    "type": "LineString"
   },
   "properties": {
    "elevation": 50.0
   },
   "type": "Feature"
  },
  {
   "geometry": {
    "coordinates": [
     [
      8.357021034678795,
      2.370665150653781
     ],
     [
      8.357021034678795,
      2.370665150653781
     ]
    ],
    "type": "LineString"
   },
   "properties": {
    "elevation": 50.0
   },
   "type": "Feature"
  },
  {
   "geometry": {
    "coordinates": [
     [
      8.101193860147811,
      2.2853894258101195
     ],
     [
      8.101193860147811,
      2.2853894258101195
     ]
    ],
    "type": "LineString"
   },
   "properties": {
    "elevation": 50.0
   },
   "type": "Feature"
  },
  {
   "geometry": {
    "coordinates": [
     [
      4.417282546901649,
      2.2683342808413873
     ],
     [
      4.417282546901649,
      2.2683342808413873
     ]
    ],
    "type": "LineString"
   },
   "properties": {
    "elevation": 50.0
   },
   "type": "Feature"
  },
  {
   "geometry": {
    "coordinates": [
     [
      0.0,
      0.0
     ],
     [
      0.0,
      13.285957930642411
     ],
     [
      29.982944855031267,
      13.285957930642411
     ],
     [
      29.982944855031267,
      0.0
     ],
     [
      0.0,
      0.0
     ]
    ],
    "type": "LineString"
   },
   "properties": {
    "elevation": 60.0
   },
   "type": "Feature"
  },
  {
   "geometry": {
    "coordinates": [
     [
      22.836839113132463,
      12.910744741330301
     ],
     [
      22.836839113132463,
      12.910744741330301
     ]
    ],
    "type": "LineString"
   },
   "properties": {
    "elevation": 60.0
   },
   "type": "Feature"
  },
  {
   "geometry": {
    "coordinates": [
     [
      26.350198976691303,
      3.0187606594656056
     ],
     [
      26.350198976691303,
      3.0187606594656056
     ]
    ],
    "type": "LineString"
   },
   "properties": {
    "elevation": 60.0
   },
   "type": "Feature"
  },
  {
   "geometry": {
    "coordinates": [
     [
      8.357021034678795,
      2.370665150653781
     ],
     [
      8.357021034678795,
      2.370665150653781
     ]
    ],
    "type": "LineString"
   },
   "properties": {
    "elevation": 60.0
   },
   "type": "Feature"
  },
  {
   "geometry": {
    "coordinates": [
     [
      8.101193860147811,
      2.2853894258101195
     ],
     [
      8.101193860147811,
      2.2853894258101195
     ]
    ],
    "type": "LineString"
   },
   "properties": {
    "elevation": 60.0
   },
   "type": "Feature"
  },
  {
   "geometry": {
    "coordinates": [
     [
      4.417282546901649,
      2.2683342808413873
     ],
     [
      4.417282546901649,
      2.2683342808413873
     ]
    ],
    "type": "LineString"
   },
   "properties": {
    "elevation": 60.0
   },
   "type": "Feature"
  },
  {
   "geometry": {
    "coordinates": [
     [
      24.934621944286526,
      2.183058555997726
     ],
     [
      24.934621944286526,
      2.183058555997726
     ]
    ],
    "type": "LineString"
   },
   "properties": {
    "elevation": 60.0
   },
   "type": "Feature"
  },
  {
   "geometry": {
    "coordinates": [
     [
      0.0,
      0.0
     ],
     [
      0.0,
      13.285957930642411
     ],
     [
      29.982944855031267,
      13.285957930642411
     ],
     [
      29.982944855031267,
      0.0
     ],
     [
      0.0,
      0.0
     ]
    ],
    "type": "LineString"
   },
   "properties": {
    "elevation": 70.0
   },
   "type": "Feature"
  },
  {
   "geometry": {
    "coordinates": [
     [
      22.836839113132463,
      12.910744741330301
     ],
     [
      22.836839113132463,
      12.910744741330301
     ]
    ],
    "type": "LineString"
   },
   "properties": {
    "elevation": 70.0
   },
   "type": "Feature"
  },
  {
   "geometry": {
    "coordinates": [
     [
      29.880613985218876,
      12.296759522455941
     ],
     [
      29.880613985218876,
      12.296759522455941
     ]
    ],
    "type": "LineString"
   },
   "properties": {
    "elevation": 70.0
   },
   "type": "Feature"
  },
  {
   "geometry": {
    "coordinates": [
     [
      26.350198976691303,
      3.0187606594656056
     ],
     [
      26.350198976691303,
      3.0187606594656056
     ]
    ],
    "type": "LineString"
   },
   "properties": {
    "elevation": 70.0
   },
   "type": "Feature"
  },
  {
   "geometry": {
    "coordinates": [
     [
      8.357021034678795,
      2.370665150653781
     ],
     [
      8.357021034678795,
      2.370665150653781
     ]
    ],
    "type": "LineString"
   },
   "properties": {
    "elevation": 70.0
   },
   "type": "Feature"
  },
  {
   "geometry": {
    "coordinates": [
     [
      8.101193860147811,
      2.2853894258101195
     ],
     [
      8.101193860147811,
      2.2853894258101195
     ]
    ],
    "type": "LineString"
   },
   "properties": {
    "elevation": 70.0
   },
   "type": "Feature"
  },
  {
   "geometry": {
    "coordinates": [
     [
      4.417282546901649,
      2.2683342808413873
     ],
     [
      4.417282546901649,
      2.2683342808413873
     ]
    ],
    "type": "LineString"
   },
   "properties": {
    "elevation": 70.0
   },
   "type": "Feature"
  },
  {
   "geometry": {
    "coordinates": [
     [
      24.934621944286526,
      2.183058555997726
     ],
     [
      24.934621944286526,
      2.183058555997726
     ]
    ],
    "type": "LineString"
   },
   "properties": {
    "elevation": 70.0
   },
   "type": "Feature"
  },
  {
   "geometry": {
    "coordinates": [
     [
      0.0,
      0.0
     ],
     [
      0.0,
      13.285957930642411
     ],
     [
      29.982944855031267,
      13.285957930642411
     ],
     [
      29.982944855031267,
      0.0
     ],
     [
      0.0,
      0.0
     ]
    ],
    "type": "LineString"
   },
   "properties": {
    "elevation": 80.0
   },
   "type": "Feature"
  },
  {
   "geometry": {
    "coordinates": [
     [
      22.836839113132463,
      12.910744741330301
     ],
     [
      22.836839113132463,
      12.910744741330301
     ]
    ],
    "type": "LineString"
   },
   "properties": {
    "elevation": 80.0
   },
   "type": "Feature"
  },
  {
   "geometry": {
    "coordinates": [
     [
      29.880613985218876,
      12.296759522455941
     ],
     [
      29.880613985218876,
      12.296759522455941
     ]
    ],
    "type": "LineString"
   },
   "properties": {
    "elevation": 80.0
   },
   "type": "Feature"
  },
  {
   "geometry": {
    "coordinates": [
     [
      26.350198976691303,
      3.0187606594656056
     ],
     [
      26.350198976691303,
      3.0187606594656056
     ]
    ],
    "type": "LineString"
   },
   "properties": {
    "elevation": 80.0
   },
   "type": "Feature"
  },
  {
   "geometry": {
    "coordinates": [
     [
      8.357021034678795,
      2.370665150653781
     ],
     [
      8.357021034678795,
      2.370665150653781
     ]
    ],
    "type": "LineString"
   },
   "properties": {
    "elevation": 80.0
   },
   "type": "Feature"
  },
  {
   "geometry": {
    "coordinates": [
     [
      8.101193860147811,
      2.2853894258101195
     ],
     [
      8.101193860147811,
      2.2853894258101195
     ]
    ],
    "type": "LineString"
   },
   "properties": {
    "elevation": 80.0
   },
   "type": "Feature"
  },
  {
   "geometry": {
    "coordinates": [
     [
      4.417282546901649,
      2.2683342808413873
     ],
     [
      4.417282546901649,
      2.2683342808413873
     ]
    ],
    "type": "LineString"
   },
   "properties": {
    "elevation": 80.0
   },
   "type": "Feature"
  },
  {
   "geometry": {
    "coordinates": [
     [
      4.434337691870381,
      2.2342239909039225
     ],
     [
      4.434337691870381,
      2.2342239909039225
     ]
    ],
    "type": "LineString"
   },
   "properties": {
    "elevation": 80.0
   },
   "type": "Feature"
  },
  {
   "geometry": {
    "coordinates": [
     [
      24.934621944286526,
      2.183058555997726
     ],
     [
      24.934621944286526,
      2.183058555997726
     ]
    ],
    "type": "LineString"
   },
   "properties": {
    "elevation": 80.0
   },
   "type": "Feature"
  },
  {
   "geometry": {
    "coordinates": [
     [
      0.0,
      0.0
     ],
     [
      0.0,
      13.285957930642411
     ],
     [
      29.982944855031267,
      13.285957930642411
     ],
     [
      29.982944855031267,
      0.0
     ],
     [
      0.0,
      0.0
     ]
    ],
    "type": "LineString"
   },
   "properties": {
    "elevation": 90.0
   },
   "type": "Feature"
  },
  {
   "geometry": {
    "coordinates": [
     [
      22.836839113132463,
      12.910744741330301
     ],
     [
      22.836839113132463,
      12.910744741330301
     ]
    ],
    "type": "LineString"
   },
   "properties": {
    "elevation": 90.0
   },
   "type": "Feature"
  },
  {
   "geometry": {
    "coordinates": [
     [
      29.880613985218876,
      12.296759522455941
     ],
     [
      29.880613985218876,
      12.296759522455941
     ]
    ],
    "type": "LineString"
   },
   "properties": {
    "elevation": 90.0
   },
   "type": "Feature"
  },
  {
   "geometry": {
    "coordinates": [
     [
      6.480955088118249,
      8.08413871517908
     ],
     [
      6.480955088118249,
      8.08413871517908
     ]
    ],
    "type": "LineString"
   },
   "properties": {
    "elevation": 90.0
   },
   "type": "Feature"
  },
  {
   "geometry": {
    "coordinates": [
     [
      26.350198976691303,
      3.0187606594656056
     ],
     [
      26.350198976691303,
      3.0187606594656056
     ]
    ],
    "type": "LineString"
   },
   "properties": {
    "elevation": 90.0
   },
   "type": "Feature"
  },
  {
   "geometry": {
    "coordinates": [
     [
      8.357021034678795,
      2.370665150653781
     ],
     [
      8.357021034678795,
      2.370665150653781
     ]
    ],
    "type": "LineString"
   },
   "properties": {
    "elevation": 90.0
   },
   "type": "Feature"
  },
  {
   "geometry": {
    "coordinates": [
     [
      8.101193860147811,
      2.2853894258101195
     ],
     [
      8.101193860147811,
      2.2853894258101195
     ]
    ],
    "type": "LineString"
   },
   "properties": {
    "elevation": 90.0
   },
   "type": "Feature"
  },
  {
   "geometry": {
    "coordinates": [
     [
      4.417282546901649,
      2.2683342808413873
     ],
     [
      4.417282546901649,
      2.2683342808413873
     ]
    ],
    "type": "LineString"
   },
   "properties": {
    "elevation": 90.0
   },
   "type": "Feature"
  },
  {
   "geometry": {
    "coordinates": [
     [
      4.434337691870381,
      2.2342239909039225
     ],
     [
      4.434337691870381,
      2.2342239909039225
     ]
    ],
    "type": "LineString"
   },
   "properties": {
    "elevation": 90.0
   },
   "type": "Feature"
  },
  {
   "geometry": {
    "coordinates": [
     [
      24.934621944286526,
      2.183058555997726
     ],
     [
      24.934621944286526,
      2.183058555997726
     ]
    ],
    "type": "LineString"
   },
   "properties": {
    "elevation": 90.0
   },
   "type": "Feature"
  },
  {
   "geometry": {
    "coordinates": [
     [
      0.0,
      0.0
     ],
     [
      0.0,
      13.285957930642411
     ],
     [
      29.982944855031267,
      13.285957930642411
     ],
     [
      29.982944855031267,
      0.0
     ],
     [
      0.0,
      0.0
     ]
    ],
    "type": "LineString"
   },
   "properties": {
    "elevation": 100.0
   },
   "type": "Feature"
  },
  {
   "geometry": {
    "coordinates": [
     [
      22.7515633882888,
      13.183627060830018
     ],
     [
      22.7515633882888,
      13.183627060830018
     ]
    ],
    "type": "LineString"
   },
   "properties": {
    "elevation": 100.0
   },
   "type": "Feature"
  },
  {
   "geometry": {
    "coordinates": [
     [
      22.836839113132463,
      12.910744741330301
     ],
     [
      22.836839113132463,
      12.910744741330301
     ]
    ],
    "type": "LineString"
   },
   "properties": {
    "elevation": 100.0
   },
   "type": "Feature"
  },
  {
   "geometry": {
    "coordinates": [
     [
      29.880613985218876,
      12.296759522455941
     ],
     [
      29.880613985218876,
      12.296759522455941
     ]
    ],
    "type": "LineString"
   },
   "properties": {
    "elevation": 100.0
   },
   "type": "Feature"
  },
  {
   "geometry": {
    "coordinates": [
     [
      6.480955088118249,
      8.08413871517908
     ],
     [
      6.480955088118249,
      8.08413871517908
     ]
    ],
    "type": "LineString"
   },
   "properties": {
    "elevation": 100.0
   },
   "type": "Feature"
  },
  {
   "geometry": {
    "coordinates": [
     [
      26.350198976691303,
      3.0187606594656056
     ],
     [
      26.350198976691303,
      3.0187606594656056
     ]
    ],
    "type": "LineString"
   },
   "properties": {
    "elevation": 100.0
   },
   "type": "Feature"
  },
  {
   "geometry": {
    "coordinates": [
     [
      8.357021034678795,
      2.370665150653781
     ],
     [
      8.357021034678795,
      2.370665150653781
     ]
    ],
    "type": "LineString"
   },
   "properties": {
    "elevation": 100.0
   },
   "type": "Feature"
  },
  {
   "geometry": {
    "coordinates": [
     [
      8.101193860147811,
      2.2853894258101195
     ],
     [
      8.101193860147811,
      2.2853894258101195
     ]
    ],
    "type": "LineString"
   },
   "properties": {
    "elevation": 100.0
   },
   "type": "Feature"
  },
  {
   "geometry": {
    "coordinates": [
     [
      4.417282546901649,
      2.2683342808413873
     ],
     [
      4.417282546901649,
      2.2683342808413873
     ]
    ],
    "type": "LineString"
   },
   "properties": {
    "elevation": 100.0
   },
   "type": "Feature"
  },
  {
   "geometry": {
    "coordinates": [
     [
      4.434337691870381,
      2.2342239909039225
     ],
     [
      4.434337691870381,
      2.2342239909039225
     ]
    ],
    "type": "LineString"
   },
   "properties": {
    "elevation": 100.0
   },
   "type": "Feature"
  },
  {
   "geometry": {
    "coordinates": [
     [
      24.934621944286526,
      2.183058555997726
     ],
     [
      24.934621944286526,
      2.183058555997726
     ]
    ],
    "type": "LineString"
   },
   "properties": {
    "elevation": 100.0
   },
   "type": "Feature"
  },
  {
   "geometry": {
    "coordinates": [
     [
      0.0,
      0.0
     ],
     [
      0.0,
      13.285957930642411
     ],
     [
      29.982944855031267,
      13.285957930642411
     ],
     [
      29.982944855031267,
      0.0
     ],
     [
      0.0,
      0.0
     ]
    ],
    "type": "LineString"
   },
   "properties": {
    "elevation": 110.0
   },
   "type": "Feature"
  },
  {
   "geometry": {
    "coordinates": [
     [
      22.7515633882888,
      13.183627060830018
     ],
     [
      22.7515633882888,
      13.183627060830018
     ]
    ],
    "type": "LineString"
   },
   "properties": {
    "elevation": 110.0
   },
   "type": "Feature"
  },
  {
   "geometry": {
    "coordinates": [
     [
      22.836839113132463,
      12.910744741330301
     ],
     [
      22.836839113132463,
      12.910744741330301
     ]
    ],
    "type": "LineString"
   },
   "properties": {
    "elevation": 110.0
   },
   "type": "Feature"
  },
  {
   "geometry": {
    "coordinates": [
     [
      29.880613985218876,
      12.296759522455941
     ],
     [
      29.880613985218876,
      12.296759522455941
     ]
    ],
    "type": "LineString"
   },
   "properties": {
    "elevation": 110.0
   },
   "type": "Feature"
  },
  {
   "geometry": {
    "coordinates": [
     [
      6.480955088118249,
      8.08413871517908
     ],
     [
      6.480955088118249,
      8.08413871517908
     ]
    ],
    "type": "LineString"
   },
   "properties": {
    "elevation": 110.0
   },
   "type": "Feature"
  },
  {
   "geometry": {
    "coordinates": [
     [
      26.33314383172257,
      3.0017055144968734
     ],
     [
      26.33314383172257,
      3.05287094940307
     ],
     [
      26.33314383172257,
      3.0017055144968734
     ]
    ],
    "type": "LineString"
   },
   "properties": {
    "elevation": 110.0
   },
   "type": "Feature"
  },
  {
   "geometry": {
    "coordinates": [
     [
      26.350198976691303,
      3.0187606594656056
     ],
     [
      26.350198976691303,
      3.0187606594656056
     ]
    ],
    "type": "LineString"
   },
   "properties": {
    "elevation": 110.0
   },
   "type": "Feature"
  },
  {
   "geometry": {
    "coordinates": [
     [
      8.357021034678795,
      2.370665150653781
     ],
     [
      8.357021034678795,
      2.370665150653781
     ]
    ],
    "type": "LineString"
   },
   "properties": {
    "elevation": 110.0
   },
   "type": "Feature"
  },
  {
   "geometry": {
    "coordinates": [
     [
      8.101193860147811,
      2.2853894258101195
     ],
     [
      8.101193860147811,
      2.2853894258101195
     ]
    ],
    "type": "LineString"
   },
   "properties": {
    "elevation": 110.0
   },
   "type": "Feature"
  },
  {
   "geometry": {
    "coordinates": [
     [
      4.417282546901649,
      2.2683342808413873
     ],
     [
      4.417282546901649,
      2.2683342808413873
     ]
    ],
    "type": "LineString"
   },
   "properties": {
    "elevation": 110.0
   },
   "type": "Feature"
  },
  {
   "geometry": {
    "coordinates": [
     [
      4.434337691870381,
      2.2342239909039225
     ],
     [
      4.434337691870381,
      2.2342239909039225
     ]
    ],
    "type": "LineString"
   },
   "properties": {
    "elevation": 110.0
   },
   "type": "Feature"
  },
  {
   "geometry": {
    "coordinates": [
     [
      24.934621944286526,
      2.183058555997726
     ],
     [
      24.934621944286526,
      2.183058555997726
     ]
    ],
    "type": "LineString"
   },
   "properties": {
    "elevation": 110.0
   },
   "type": "Feature"
  },
  {
   "geometry": {
    "coordinates": [
     [
      0.0,
      0.0
     ],
     [
      0.0,
      13.285957930642411
     ],
     [
      29.982944855031267,
      13.285957930642411
     ],
     [
      29.982944855031267,
      0.0
     ],
     [
      0.0,
      0.0
     ]
    ],
    "type": "LineString"
   },
   "properties": {
    "elevation": 120.0
   },
   "type": "Feature"
  },
  {
   "geometry": {
    "coordinates": [
     [
      22.7515633882888,
      13.183627060830018
     ],
     [
      22.7515633882888,
      13.183627060830018
     ]
    ],
    "type": "LineString"
   },
   "properties": {
    "elevation": 120.0
   },
   "type": "Feature"
  },
  {
   "geometry": {
    "coordinates": [
     [
      22.836839113132463,
      12.910744741330301
     ],
     [
      22.836839113132463,
      12.910744741330301
     ]
    ],
    "type": "LineString"
   },
   "properties": {
    "elevation": 120.0
   },
   "type": "Feature"
  },
  {
   "geometry": {
    "coordinates": [
     [
      29.880613985218876,
      12.296759522455941
     ],
     [
      29.880613985218876,
      12.296759522455941
     ]
    ],
    "type": "LineString"
   },
   "properties": {
    "elevation": 120.0
   },
   "type": "Feature"
  },
  {
   "geometry": {
    "coordinates": [
     [
      6.480955088118249,
      8.08413871517908
     ],
     [
      6.480955088118249,
      8.08413871517908
     ]
    ],
    "type": "LineString"
   },
   "properties": {
    "elevation": 120.0
   },
   "type": "Feature"
  },
  {
   "geometry": {
    "coordinates": [
     [
      26.33314383172257,
      3.0017055144968734
     ],
     [
      26.33314383172257,
      3.05287094940307
     ],
     [
      26.33314383172257,
      3.0017055144968734
     ]
    ],
    "type": "LineString"
   },
   "properties": {
    "elevation": 120.0
   },
   "type": "Feature"
  },
  {
   "geometry": {
    "coordinates": [
     [
      26.350198976691303,
      3.0187606594656056
     ],
     [
      26.350198976691303,
      3.0187606594656056
     ]
    ],
    "type": "LineString"
   },
   "properties": {
    "elevation": 120.0
   },
   "type": "Feature"
  },
  {
   "geometry": {
    "coordinates": [
     [
      8.357021034678795,
      2.370665150653781
     ],
     [
      8.357021034678795,
      2.370665150653781
     ]
    ],
    "type": "LineString"
   },
   "properties": {
    "elevation": 120.0
   },
   "type": "Feature"
  },
  {
   "geometry": {
    "coordinates": [
     [
      8.101193860147811,
      2.2853894258101195
     ],
     [
      8.101193860147811,
      2.2853894258101195
     ]
    ],
    "type": "LineString"
   },
   "properties": {
    "elevation": 120.0
   },
   "type": "Feature"
  },
  {
   "geometry": {
    "coordinates": [
     [
      4.417282546901649,
      2.2683342808413873
     ],
     [
      4.417282546901649,
      2.2683342808413873
     ]
    ],
    "type": "LineString"
   },
   "properties": {
    "elevation": 120.0
   },
   "type": "Feature"
  },
  {
   "geometry": {
    "coordinates": [
     [
      24.88345650938033,
      2.2342239909039225
     ],
     [
      24.815235929505402,
      2.2342239909039225
     ],
     [
      24.88345650938033,
      2.2342239909039225
     ]
    ],
    "type": "LineString"
   },
   "properties": {
    "elevation": 120.0
   },
   "type": "Feature"
  },
  {
   "geometry": {
    "coordinates": [
     [
      4.434337691870381,
      2.2342239909039225
     ],
     [
      4.434337691870381,
      2.2342239909039225
     ]
    ],
    "type": "LineString"
   },
   "properties": {
    "elevation": 120.0
   },
   "type": "Feature"
  },
  {
   "geometry": {
    "coordinates": [
     [
      24.934621944286526,
      2.183058555997726
     ],
     [
      24.934621944286526,
      2.183058555997726
     ]
    ],
    "type": "LineString"
   },
   "properties": {
    "elevation": 120.0
   },
   "type": "Feature"
  },
  {
   "geometry": {
    "coordinates": [
     [
      0.0,
      0.0
     ],
     [
      0.0,
      13.285957930642411
     ],
     [
      29.982944855031267,
      13.285957930642411
     ],
     [
      29.982944855031267,
      0.0
     ],
     [
      0.0,
      0.0
     ]
    ],
    "type": "LineString"
   },
   "properties": {
    "elevation": 130.0
   },
   "type": "Feature"
  },
  {
   "geometry": {
    "coordinates": [
     [
      22.7515633882888,
      13.183627060830018
     ],
     [
      22.7515633882888,
      13.183627060830018
     ]
    ],
    "type": "LineString"
   },
   "properties": {
    "elevation": 130.0
   },
   "type": "Feature"
  },
  {
   "geometry": {
    "coordinates": [
     [
      22.836839113132463,
      12.910744741330301
     ],
     [
      22.836839113132463,
      12.910744741330301
     ]
    ],
    "type": "LineString"
   },
   "properties": {
    "elevation": 130.0
   },
   "type": "Feature"
  },
  {
   "geometry": {
    "coordinates": [
     [
      29.880613985218876,
      12.296759522455941
     ],
     [
      29.880613985218876,
      12.296759522455941
     ]
    ],
    "type": "LineString"
   },
   "properties": {
    "elevation": 130.0
   },
   "type": "Feature"
  },
  {
   "geometry": {
    "coordinates": [
     [
      2.6435474701534964,
      12.05798749289369
     ],
     [
      2.7288231949971573,
      12.05798749289369
     ],
     [
      2.7288231949971573,
      12.109152927799887
     ],
     [
      2.694712905059693,
      12.143263217737351
     ],
     [
      2.6264923251847643,
      12.126208072768618
     ],
     [
      2.6264923251847643,
      12.092097782831154
     ],
     [
      2.6435474701534964,
      12.05798749289369
     ]
    ],
    "type": "LineString"
   },
   "properties": {
    "elevation": 130.0
   },
   "type": "Feature"
  },
  {
   "geometry": {
    "coordinates": [
     [
      6.480955088118249,
      8.08413871517908
     ],
     [
      6.480955088118249,
      8.08413871517908
     ]
    ],
    "type": "LineString"
   },
   "properties": {
    "elevation": 130.0
   },
   "type": "Feature"
  },
  {
   "geometry": {
    "coordinates": [
     [
      26.33314383172257,
      3.0017055144968734
     ],
     [
      26.33314383172257,
      3.05287094940307
     ],
     [
      26.33314383172257,
      3.0017055144968734
     ]
    ],
    "type": "LineString"
   },
   "properties": {
    "elevation": 130.0
   },
   "type": "Feature"
  },
  {
   "geometry": {
    "coordinates": [
     [
      26.350198976691303,
      3.0187606594656056
     ],
     [
      26.350198976691303,
      3.0187606594656056
     ]
    ],
    "type": "LineString"
   },
   "properties": {
    "elevation": 130.0
   },
   "type": "Feature"
  },
  {
   "geometry": {
    "coordinates": [
     [
      8.357021034678795,
      2.370665150653781
     ],
     [
      8.357021034678795,
      2.370665150653781
     ]
    ],
    "type": "LineString"
   },
   "properties": {
    "elevation": 130.0
   },
   "type": "Feature"
  },
  {
   "geometry": {
    "coordinates": [
     [
      8.101193860147811,
      2.2853894258101195
     ],
     [
      8.101193860147811,
      2.2853894258101195
     ]
    ],
    "type": "LineString"
   },
   "properties": {
    "elevation": 130.0
   },
   "type": "Feature"
  },
  {
   "geometry": {
    "coordinates": [
     [
      4.417282546901649,
      2.2683342808413873
     ],
     [
      4.417282546901649,
      2.2683342808413873
     ]
    ],
    "type": "LineString"
   },
   "properties": {
    "elevation": 130.0
   },
   "type": "Feature"
  },
  {
   "geometry": {
    "coordinates": [
     [
      24.88345650938033,
      2.2342239909039225
     ],
     [
      24.815235929505402,
      2.2342239909039225
     ],
     [
      24.88345650938033,
      2.2342239909039225
     ]
    ],
    "type": "LineString"
   },
   "properties": {
    "elevation": 130.0
   },
   "type": "Feature"
  },
  {
   "geometry": {
    "coordinates": [
     [
      4.434337691870381,
      2.2342239909039225
     ],
     [
      4.434337691870381,
      2.2342239909039225
     ]
    ],
    "type": "LineString"
   },
   "properties": {
    "elevation": 130.0
   },
   "type": "Feature"
  },
  {
   "geometry": {
    "coordinates": [
     [
      24.934621944286526,
      2.183058555997726
     ],
     [
      24.934621944286526,
      2.183058555997726
     ]
    ],
    "type": "LineString"
   },
   "properties": {
    "elevation": 130.0
   },
   "type": "Feature"
  },
  {
   "geometry": {
    "coordinates": [
     [
      0.0,
      0.0
     ],
     [
      0.0,
      13.285957930642411
     ],
     [
      29.982944855031267,
      13.285957930642411
     ],
     [
      29.982944855031267,
      0.0
     ],
     [
      0.0,
      0.0
     ]
    ],
    "type": "LineString"
   },
   "properties": {
    "elevation": 140.0
   },
   "type": "Feature"
  },
  {
   "geometry": {
    "coordinates": [
     [
      22.7515633882888,
      13.183627060830018
     ],
     [
      22.7515633882888,
      13.183627060830018
     ]
    ],
    "type": "LineString"
   },
   "properties": {
    "elevation": 140.0
   },
   "type": "Feature"
  },
  {
   "geometry": {
    "coordinates": [
     [
      22.836839113132463,
      12.910744741330301
     ],
     [
      22.836839113132463,
      12.910744741330301
     ]
    ],
    "type": "LineString"
   },
   "properties": {
    "elevation": 140.0
   },
   "type": "Feature"
  },
  {
   "geometry": {
    "coordinates": [
     [
      29.880613985218876,
      12.296759522455941
     ],
     [
      29.880613985218876,
      12.296759522455941
     ]
    ],
    "type": "LineString"
   },
   "properties": {
    "elevation": 140.0
   },
   "type": "Feature"
  },
  {
   "geometry": {
    "coordinates": [
     [
      29.91472427515634,
      12.279704377487208
     ],
     [
      29.91472427515634,
      12.279704377487208
     ]
    ],
    "type": "LineString"
   },
   "properties": {
    "elevation": 140.0
   },
   "type": "Feature"
  },
  {
   "geometry": {
    "coordinates": [
     [
      2.6435474701534964,
      12.05798749289369
     ],
     [
      2.7288231949971573,
      12.05798749289369
     ],
     [
      2.7288231949971573,
      12.109152927799887
     ],
     [
      2.694712905059693,
      12.143263217737351
     ],
     [
      2.6264923251847643,
      12.126208072768618
     ],
     [
      2.6264923251847643,
      12.092097782831154
     ],
     [
      2.6435474701534964,
      12.05798749289369
     ]
    ],
    "type": "LineString"
   },
   "properties": {
    "elevation": 140.0
   },
   "type": "Feature"
  },
  {
   "geometry": {
    "coordinates": [
     [
      6.480955088118249,
      8.08413871517908
     ],
     [
      6.480955088118249,
      8.08413871517908
     ]
    ],
    "type": "LineString"
   },
   "properties": {
    "elevation": 140.0
   },
   "type": "Feature"
  },
  {
   "geometry": {
    "coordinates": [
     [
      26.33314383172257,
      3.0017055144968734
     ],
     [
      26.33314383172257,
      3.05287094940307
     ],
     [
      26.33314383172257,
      3.0017055144968734
     ]
    ],
    "type": "LineString"
   },
   "properties": {
    "elevation": 140.0
   },
   "type": "Feature"
  },
  {
   "geometry": {
    "coordinates": [
     [
      26.350198976691303,
      3.0187606594656056
     ],
     [
      26.350198976691303,
      3.0187606594656056
     ]
    ],
    "type": "LineString"
   },
   "properties": {
    "elevation": 140.0
   },
   "type": "Feature"
  },
  {
   "geometry": {
    "coordinates": [
     [
      8.357021034678795,
      2.370665150653781
     ],
     [
      8.357021034678795,
      2.370665150653781
     ]
    ],
    "type": "LineString"
   },
   "properties": {
    "elevation": 140.0
   },
   "type": "Feature"
  },
  {
   "geometry": {
    "coordinates": [
     [
      8.101193860147811,
      2.2853894258101195
     ],
     [
      8.101193860147811,
      2.2853894258101195
     ]
    ],
    "type": "LineString"
   },
   "properties": {
    "elevation": 140.0
   },
   "type": "Feature"
  },
  {
   "geometry": {
    "coordinates": [
     [
      4.417282546901649,
      2.2683342808413873
     ],
     [
      4.417282546901649,
      2.2683342808413873
     ]
    ],
    "type": "LineString"
   },
   "properties": {
    "elevation": 140.0
   },
   "type": "Feature"
  },
  {
   "geometry": {
    "coordinates": [
     [
      24.88345650938033,
      2.2342239909039225
     ],
     [
      24.815235929505402,
      2.2342239909039225
     ],
     [
      24.88345650938033,
      2.2342239909039225
     ]
    ],
    "type": "LineString"
   },
   "properties": {
    "elevation": 140.0
   },
   "type": "Feature"
  },
  {
   "geometry": {
    "coordinates": [
     [
      4.434337691870381,
      2.2342239909039225
     ],
     [
      4.434337691870381,
      2.2342239909039225
     ]
    ],
    "type": "LineString"
   },
   "properties": {
    "elevation": 140.0
   },
   "type": "Feature"
  },
  {
   "geometry": {
    "coordinates": [
     [
      24.934621944286526,
      2.183058555997726
     ],
     [
      24.934621944286526,
      2.183058555997726
     ]
    ],
    "type": "LineString"
   },
   "properties": {
    "elevation": 140.0
   },
   "type": "Feature"
  },
  {
   "geometry": {
    "coordinates": [
     [
      0.0,
      0.0
     ],
     [
      0.0,
      13.285957930642411
     ],
     [
      29.982944855031267,
      13.285957930642411
     ],
     [
      29.982944855031267,
      0.0
     ],
     [
      0.0,
      0.0
     ]
    ],
    "type": "LineString"
   },
   "properties": {
    "elevation": 150.0
   },
   "type": "Feature"
  },
  {
   "geometry": {
    "coordinates": [
     [
      22.7515633882888,
      13.183627060830018
     ],
     [
      22.7515633882888,
      13.183627060830018
     ]
    ],
    "type": "LineString"
   },
   "properties": {
    "elevation": 150.0
   },
   "type": "Feature"
  },
  {
   "geometry": {
    "coordinates": [
     [
      22.700397953382605,
      13.098351335986356
     ],
     [
      22.700397953382605,
      13.098351335986356
     ]
    ],
    "type": "LineString"
   },
   "properties": {
    "elevation": 150.0
   },
   "type": "Feature"
  },
  {
   "geometry": {
    "coordinates": [
     [
      22.836839113132463,
      12.910744741330301
     ],
     [
      22.836839113132463,
      12.910744741330301
     ]
    ],
    "type": "LineString"
   },
   "properties": {
    "elevation": 150.0
   },
   "type": "Feature"
  },
  {
   "geometry": {
    "coordinates": [
     [
      29.880613985218876,
      12.296759522455941
     ],
     [
      29.880613985218876,
      12.296759522455941
     ]
    ],
    "type": "LineString"
   },
   "properties": {
    "elevation": 150.0
   },
   "type": "Feature"
  },
  {
   "geometry": {
    "coordinates": [
     [
      29.91472427515634,
      12.279704377487208
     ],
     [
      29.91472427515634,
      12.279704377487208
     ]
    ],
    "type": "LineString"
   },
   "properties": {
    "elevation": 150.0
   },
   "type": "Feature"
  },
  {
   "geometry": {
    "coordinates": [
     [
      2.6435474701534964,
      12.05798749289369
     ],
     [
      2.7288231949971573,
      12.05798749289369
     ],
     [
      2.7288231949971573,
      12.109152927799887
     ],
     [
      2.694712905059693,
      12.143263217737351
     ],
     [
      2.6264923251847643,
      12.126208072768618
     ],
     [
      2.6264923251847643,
      12.092097782831154
     ],
     [
      2.6435474701534964,
      12.05798749289369
     ]
    ],
    "type": "LineString"
   },
   "properties": {
    "elevation": 150.0
   },
   "type": "Feature"
  },
  {
   "geometry": {
    "coordinates": [
     [
      6.480955088118249,
      8.08413871517908
     ],
     [
      6.480955088118249,
      8.08413871517908
     ]
    ],
    "type": "LineString"
   },
   "properties": {
    "elevation": 150.0
   },
   "type": "Feature"
  },
  {
   "geometry": {
    "coordinates": [
     [
      26.33314383172257,
      3.0017055144968734
     ],
     [
      26.33314383172257,
      3.05287094940307
     ],
     [
      26.33314383172257,
      3.0017055144968734
     ]
    ],
    "type": "LineString"
   },
   "properties": {
    "elevation": 150.0
   },
   "type": "Feature"
  },
  {
   "geometry": {
    "coordinates": [
     [
      26.350198976691303,
      3.0187606594656056
     ],
     [
      26.350198976691303,
      3.0187606594656056
     ]
    ],
    "type": "LineString"
   },
   "properties": {
    "elevation": 150.0
   },
   "type": "Feature"
  },
  {
   "geometry": {
    "coordinates": [
     [
      8.357021034678795,
      2.370665150653781
     ],
     [
      8.357021034678795,
      2.370665150653781
     ]
    ],
    "type": "LineString"
   },
   "properties": {
    "elevation": 150.0
   },
   "type": "Feature"
  },
  {
   "geometry": {
    "coordinates": [
     [
      8.101193860147811,
      2.2853894258101195
     ],
     [
      8.101193860147811,
      2.2853894258101195
     ]
    ],
    "type": "LineString"
   },
   "properties": {
    "elevation": 150.0
   },
   "type": "Feature"
  },
  {
   "geometry": {
    "coordinates": [
     [
      4.417282546901649,
      2.2683342808413873
     ],
     [
      4.417282546901649,
      2.2683342808413873
     ]
    ],
    "type": "LineString"
   },
   "properties": {
    "elevation": 150.0
   },
   "type": "Feature"
  },
  {
   "geometry": {
    "coordinates": [
     [
      24.88345650938033,
      2.2342239909039225
     ],
     [
      24.815235929505402,
      2.2342239909039225
     ],
     [
      24.88345650938033,
      2.2342239909039225
     ]
    ],
    "type": "LineString"
   },
   "properties": {
    "elevation": 150.0
   },
   "type": "Feature"
  },
  {
   "geometry": {
    "coordinates": [
     [
      4.434337691870381,
      2.2342239909039225
     ],
     [
      4.434337691870381,
      2.2342239909039225
     ]
    ],
    "type": "LineString"
   },
   "properties": {
    "elevation": 150.0
   },
   "type": "Feature"
  },
  {
   "geometry": {
    "coordinates": [
     [
      24.934621944286526,
      2.183058555997726
     ],
     [
      24.934621944286526,
      2.183058555997726
     ]
    ],
    "type": "LineString"
   },
   "properties": {
    "elevation": 150.0
   },
   "type": "Feature"
  },
  {
   "geometry": {
    "coordinates": [
     [
      0.0,
      0.0
     ],
     [
      0.0,
      13.285957930642411
     ],
     [
      29.266628766344514,
      13.268902785673678
     ],
     [
      29.283683911313247,
      13.234792495736214
     ],
     [
      29.334849346219443,
      13.11540648095509
     ],
     [
      29.36895963615691,
      13.081296191017623
     ],
     [
      29.4712905059693,
      12.859579306424106
     ],
     [
      29.5224559408755,
      12.774303581580444
     ],
     [
      29.658897100625357,
      12.569641841955656
     ],
     [
      29.74417282546902,
      12.467310972143263
     ],
     [
      29.982944855031267,
      12.245594087549744
     ],
     [
      29.982944855031267,
      0.0
     ],
     [
      0.0,
      0.0
     ]
    ],
    "type": "LineString"
   },
   "properties": {
    "elevation": 160.0
   },
   "type": "Feature"
  },
  {
   "geometry": {
    "coordinates": [
     [
      22.7515633882888,
      13.183627060830018
     ],
     [
      22.7515633882888,
      13.183627060830018
     ]
    ],
    "type": "LineString"
   },
   "properties": {
    "elevation": 160.0
   },
   "type": "Feature"
  },
  {
   "geometry": {
    "coordinates": [
     [
      22.700397953382605,
      13.098351335986356
     ],
     [
      22.700397953382605,
      13.098351335986356
     ]
    ],
    "type": "LineString"
   },
   "properties": {
    "elevation": 160.0
   },
   "type": "Feature"
  },
  {
   "geometry": {
    "coordinates": [
     [
      22.836839113132463,
      12.910744741330301
     ],
     [
      22.836839113132463,
      12.910744741330301
     ]
    ],
    "type": "LineString"
   },
   "properties": {
    "elevation": 160.0
   },
   "type": "Feature"
  },
  {
   "geometry": {
    "coordinates": [
     [
      29.880613985218876,
      12.296759522455941
     ],
     [
      29.880613985218876,
      12.296759522455941
     ]
    ],
    "type": "LineString"
   },
   "properties": {
    "elevation": 160.0
   },
   "type": "Feature"
  },
  {
   "geometry": {
    "coordinates": [
     [
      29.91472427515634,
      12.279704377487208
     ],
     [
      29.91472427515634,
      12.279704377487208
     ]
    ],
    "type": "LineString"
   },
   "properties": {
    "elevation": 160.0
   },
   "type": "Feature"
  },
  {
   "geometry": {
    "coordinates": [
     [
      2.6435474701534964,
      12.05798749289369
     ],
     [
      2.7288231949971573,
      12.05798749289369
     ],
     [
      2.7288231949971573,
      12.109152927799887
     ],
     [
      2.694712905059693,
      12.143263217737351
     ],
     [
      2.6264923251847643,
      12.126208072768618
     ],
     [
      2.6264923251847643,
      12.092097782831154
     ],
     [
      2.6435474701534964,
      12.05798749289369
     ]
    ],
    "type": "LineString"
   },
   "properties": {
    "elevation": 160.0
   },
   "type": "Feature"
  },
  {
   "geometry": {
    "coordinates": [
     [
      6.480955088118249,
      8.08413871517908
     ],
     [
      6.480955088118249,
      8.08413871517908
     ]
    ],
    "type": "LineString"
   },
   "properties": {
    "elevation": 160.0
   },
   "type": "Feature"
  },
  {
   "geometry": {
    "coordinates": [
     [
      26.33314383172257,
      3.0017055144968734
     ],
     [
      26.33314383172257,
      3.05287094940307
     ],
     [
      26.33314383172257,
      3.0017055144968734
     ]
    ],
    "type": "LineString"
   },
   "properties": {
    "elevation": 160.0
   },
   "type": "Feature"
  },
  {
   "geometry": {
    "coordinates": [
     [
      26.350198976691303,
      3.0187606594656056
     ],
     [
      26.350198976691303,
      3.0187606594656056
     ]
    ],
    "type": "LineString"
   },
   "properties": {
    "elevation": 160.0
   },
   "type": "Feature"
  },
  {
   "geometry": {
    "coordinates": [
     [
      8.357021034678795,
      2.370665150653781
     ],
     [
      8.357021034678795,
      2.370665150653781
     ]
    ],
    "type": "LineString"
   },
   "properties": {
    "elevation": 160.0
   },
   "type": "Feature"
  },
  {
   "geometry": {
    "coordinates": [
     [
      8.101193860147811,
      2.2853894258101195
     ],
     [
      8.101193860147811,
      2.2853894258101195
     ]
    ],
    "type": "LineString"
   },
   "properties": {
    "elevation": 160.0
   },
   "type": "Feature"
  },
  {
   "geometry": {
    "coordinates": [
     [
      4.417282546901649,
      2.2683342808413873
     ],
     [
      4.417282546901649,
      2.2683342808413873
     ]
    ],
    "type": "LineString"
   },
   "properties": {
    "elevation": 160.0
   },
   "type": "Feature"
  },
  {
   "geometry": {
    "coordinates": [
     [
      24.88345650938033,
      2.2342239909039225
     ],
     [
      24.815235929505402,
      2.2342239909039225
     ],
     [
      24.88345650938033,
      2.2342239909039225
     ]
    ],
    "type": "LineString"
   },
   "properties": {
    "elevation": 160.0
   },
   "type": "Feature"
  },
  {
   "geometry": {
    "coordinates": [
     [
      4.434337691870381,
      2.2342239909039225
     ],
     [
      4.434337691870381,
      2.2342239909039225
     ]
    ],
    "type": "LineString"
   },
   "properties": {
    "elevation": 160.0
   },
   "type": "Feature"
  },
  {
   "geometry": {
    "coordinates": [
     [
      24.934621944286526,
      2.183058555997726
     ],
     [
      24.934621944286526,
      2.183058555997726
     ]
    ],
    "type": "LineString"
   },
   "properties": {
    "elevation": 160.0
   },
   "type": "Feature"
  },
  {
   "geometry": {
    "coordinates": [
     [
      0.0,
      0.0
     ],
     [
      0.0,
      13.285957930642411
     ],
     [
      29.266628766344514,
      13.268902785673678
     ],
     [
      29.283683911313247,
      13.234792495736214
     ],
     [
      29.334849346219443,
      13.11540648095509
     ],
     [
      29.36895963615691,
      13.081296191017623
     ],
     [
      29.4712905059693,
      12.859579306424106
     ],
     [
      29.5224559408755,
      12.774303581580444
     ],
     [
      29.658897100625357,
      12.569641841955656
     ],
     [
      29.74417282546902,
      12.467310972143263
     ],
     [
      29.982944855031267,
      12.245594087549744
     ],
     [
      29.982944855031267,
      0.0
     ],
     [
      0.0,
      0.0
     ]
    ],
    "type": "LineString"
   },
   "properties": {
    "elevation": 170.0
   },
   "type": "Feature"
  },
  {
   "geometry": {
    "coordinates": [
     [
      22.7515633882888,
      13.183627060830018
     ],
     [
      22.7515633882888,
      13.183627060830018
     ]
    ],
    "type": "LineString"
   },
   "properties": {
    "elevation": 170.0
   },
   "type": "Feature"
  },
  {
   "geometry": {
    "coordinates": [
     [
      22.700397953382605,
      13.098351335986356
     ],
     [
      22.700397953382605,
      13.098351335986356
     ]
    ],
    "type": "LineString"
   },
   "properties": {
    "elevation": 170.0
   },
   "type": "Feature"
  },
  {
   "geometry": {
    "coordinates": [
     [
      22.836839113132463,
      12.910744741330301
     ],
     [
      22.836839113132463,
      12.910744741330301
     ]
    ],
    "type": "LineString"
   },
   "properties": {
    "elevation": 170.0
   },
   "type": "Feature"
  },
  {
   "geometry": {
    "coordinates": [
     [
      29.863558840250143,
      12.313814667424673
     ],
     [
      29.863558840250143,
      12.313814667424673
     ]
    ],
    "type": "LineString"
   },
   "properties": {
    "elevation": 170.0
   },
   "type": "Feature"
  },
  {
   "geometry": {
    "coordinates": [
     [
      29.880613985218876,
      12.296759522455941
     ],
     [
      29.880613985218876,
      12.296759522455941
     ]
    ],
    "type": "LineString"
   },
   "properties": {
    "elevation": 170.0
   },
   "type": "Feature"
  },
  {
   "geometry": {
    "coordinates": [
     [
      29.91472427515634,
      12.279704377487208
     ],
     [
      29.91472427515634,
      12.279704377487208
     ]
    ],
    "type": "LineString"
   },
   "properties": {
    "elevation": 170.0
   },
   "type": "Feature"
  },
  {
   "geometry": {
    "coordinates": [
     [
      2.6435474701534964,
      12.05798749289369
     ],
     [
      2.7288231949971573,
      12.05798749289369
     ],
     [
      2.7288231949971573,
      12.109152927799887
     ],
     [
      2.694712905059693,
      12.143263217737351
     ],
     [
      2.6264923251847643,
      12.126208072768618
     ],
     [
      2.6264923251847643,
      12.092097782831154
     ],
     [
      2.6435474701534964,
      12.05798749289369
     ]
    ],
    "type": "LineString"
   },
   "properties": {
    "elevation": 170.0
   },
   "type": "Feature"
  },
  {
   "geometry": {
    "coordinates": [
     [
      6.480955088118249,
      8.08413871517908
     ],
     [
      6.480955088118249,
      8.08413871517908
     ]
    ],
    "type": "LineString"
   },
   "properties": {
    "elevation": 170.0
   },
   "type": "Feature"
  },
  {
   "geometry": {
    "coordinates": [
     [
      26.33314383172257,
      3.0017055144968734
     ],
     [
      26.33314383172257,
      3.05287094940307
     ],
     [
      26.33314383172257,
      3.0017055144968734
     ]
    ],
    "type": "LineString"
   },
   "properties": {
    "elevation": 170.0
   },
   "type": "Feature"
  },
  {
   "geometry": {
    "coordinates": [
     [
      26.350198976691303,
      3.0187606594656056
     ],
     [
      26.350198976691303,
      3.0187606594656056
     ]
    ],
    "type": "LineString"
   },
   "properties": {
    "elevation": 170.0
   },
   "type": "Feature"
  },
  {
   "geometry": {
    "coordinates": [
     [
      8.357021034678795,
      2.370665150653781
     ],
     [
      8.357021034678795,
      2.370665150653781
     ]
    ],
    "type": "LineString"
   },
   "properties": {
    "elevation": 170.0
   },
   "type": "Feature"
  },
  {
   "geometry": {
    "coordinates": [
     [
      8.101193860147811,
      2.2853894258101195
     ],
     [
      8.101193860147811,
      2.2853894258101195
     ]
    ],
    "type": "LineString"
   },
   "properties": {
    "elevation": 170.0
   },
   "type": "Feature"
  },
  {
   "geometry": {
    "coordinates": [
     [
      4.417282546901649,
      2.2683342808413873
     ],
     [
      4.417282546901649,
      2.2683342808413873
     ]
    ],
    "type": "LineString"
   },
   "properties": {
    "elevation": 170.0
   },
   "type": "Feature"
  },
  {
   "geometry": {
    "coordinates": [
     [
      24.88345650938033,
      2.2342239909039225
     ],
     [
      24.815235929505402,
      2.2342239909039225
     ],
     [
      24.88345650938033,
      2.2342239909039225
     ]
    ],
    "type": "LineString"
   },
   "properties": {
    "elevation": 170.0
   },
   "type": "Feature"
  },
  {
   "geometry": {
    "coordinates": [
     [
      4.434337691870381,
      2.2342239909039225
     ],
     [
      4.434337691870381,
      2.2342239909039225
     ]
    ],
    "type": "LineString"
   },
   "properties": {
    "elevation": 170.0
   },
   "type": "Feature"
  },
  {
   "geometry": {
    "coordinates": [
     [
      24.934621944286526,
      2.183058555997726
     ],
     [
      24.934621944286526,
      2.183058555997726
     ]
    ],
    "type": "LineString"
   },
   "properties": {
    "elevation": 170.0
   },
   "type": "Feature"
  },
  {
   "geometry": {
    "coordinates": [
     [
      0.0,
      0.0
     ],
     [
      0.0,
      13.285957930642411
     ],
     [
      29.266628766344514,
      13.268902785673678
     ],
     [
      29.283683911313247,
      13.234792495736214
     ],
     [
      29.334849346219443,
      13.11540648095509
     ],
     [
      29.36895963615691,
      13.081296191017623
     ],
     [
      29.4712905059693,
      12.859579306424106
     ],
     [
      29.5224559408755,
      12.774303581580444
     ],
     [
      29.658897100625357,
      12.569641841955656
     ],
     [
      29.74417282546902,
      12.467310972143263
     ],
     [
      29.982944855031267,
      12.245594087549744
     ],
     [
      29.982944855031267,
      0.0
     ],
     [
      0.0,
      0.0
     ]
    ],
    "type": "LineString"
   },
   "properties": {
    "elevation": 180.0
   },
   "type": "Feature"
  },
  {
   "geometry": {
    "coordinates": [
     [
      22.7515633882888,
      13.183627060830018
     ],
     [
      22.7515633882888,
      13.183627060830018
     ]
    ],
    "type": "LineString"
   },
   "properties": {
    "elevation": 180.0
   },
   "type": "Feature"
  },
  {
   "geometry": {
    "coordinates": [
     [
      22.700397953382605,
      13.098351335986356
     ],
     [
      22.700397953382605,
      13.098351335986356
     ]
    ],
    "type": "LineString"
   },
   "properties": {
    "elevation": 180.0
   },
   "type": "Feature"
  },
  {
   "geometry": {
    "coordinates": [
     [
      22.836839113132463,
      12.910744741330301
     ],
     [
      22.836839113132463,
      12.910744741330301
     ]
    ],
    "type": "LineString"
   },
   "properties": {
    "elevation": 180.0
   },
   "type": "Feature"
  },
  {
   "geometry": {
    "coordinates": [
     [
      29.863558840250143,
      12.313814667424673
     ],
     [
      29.863558840250143,
      12.313814667424673
     ]
    ],
    "type": "LineString"
   },
   "properties": {
    "elevation": 180.0
   },
   "type": "Feature"
  },
  {
   "geometry": {
    "coordinates": [
     [
      29.880613985218876,
      12.296759522455941
     ],
     [
      29.880613985218876,
      12.296759522455941
     ]
    ],
    "type": "LineString"
   },
   "properties": {
    "elevation": 180.0
   },
   "type": "Feature"
  },
  {
   "geometry": {
    "coordinates": [
     [
      29.91472427515634,
      12.279704377487208
     ],
     [
      29.91472427515634,
      12.279704377487208
     ]
    ],
    "type": "LineString"
   },
   "properties": {
    "elevation": 180.0
   },
   "type": "Feature"
  },
  {
   "geometry": {
    "coordinates": [
     [
      2.6435474701534964,
      12.05798749289369
     ],
     [
      2.7288231949971573,
      12.05798749289369
     ],
     [
      2.7288231949971573,
      12.109152927799887
     ],
     [
      2.694712905059693,
      12.143263217737351
     ],
     [
      2.6264923251847643,
      12.126208072768618
     ],
     [
      2.6264923251847643,
      12.092097782831154
     ],
     [
      2.6435474701534964,
      12.05798749289369
     ]
    ],
    "type": "LineString"
   },
   "properties": {
    "elevation": 180.0
   },
   "type": "Feature"
  },
  {
   "geometry": {
    "coordinates": [
     [
      6.480955088118249,
      8.08413871517908
     ],
     [
      6.480955088118249,
      8.08413871517908
     ]
    ],
    "type": "LineString"
   },
   "properties": {
    "elevation": 180.0
   },
   "type": "Feature"
  },
  {
   "geometry": {
    "coordinates": [
     [
      6.515065378055714,
      8.067083570210347
     ],
     [
      6.515065378055714,
      8.067083570210347
     ]
    ],
    "type": "LineString"
   },
   "properties": {
    "elevation": 180.0
   },
   "type": "Feature"
  },
  {
   "geometry": {
    "coordinates": [
     [
      26.33314383172257,
      3.0017055144968734
     ],
     [
      26.33314383172257,
      3.05287094940307
     ],
     [
      26.33314383172257,
      3.0017055144968734
     ]
    ],
    "type": "LineString"
   },
   "properties": {
    "elevation": 180.0
   },
   "type": "Feature"
  },
  {
   "geometry": {
    "coordinates": [
     [
      26.350198976691303,
      3.0187606594656056
     ],
     [
      26.350198976691303,
      3.0187606594656056
     ]
    ],
    "type": "LineString"
   },
   "properties": {
    "elevation": 180.0
   },
   "type": "Feature"
  },
  {
   "geometry": {
    "coordinates": [
     [
      8.357021034678795,
      2.370665150653781
     ],
     [
      8.357021034678795,
      2.370665150653781
     ]
    ],
    "type": "LineString"
   },
   "properties": {
    "elevation": 180.0
   },
   "type": "Feature"
  },
  {
   "geometry": {
    "coordinates": [
     [
      8.101193860147811,
      2.2853894258101195
     ],
     [
      8.101193860147811,
      2.2853894258101195
     ]
    ],
    "type": "LineString"
   },
   "properties": {
    "elevation": 180.0
   },
   "type": "Feature"
  },
  {
   "geometry": {
    "coordinates": [
     [
      4.417282546901649,
      2.2683342808413873
     ],
     [
      4.417282546901649,
      2.2683342808413873
     ]
    ],
    "type": "LineString"
   },
   "properties": {
    "elevation": 180.0
   },
   "type": "Feature"
  },
  {
   "geometry": {
    "coordinates": [
     [
      24.88345650938033,
      2.2342239909039225
     ],
     [
      24.815235929505402,
      2.2342239909039225
     ],
     [
      24.88345650938033,
      2.2342239909039225
     ]
    ],
    "type": "LineString"
   },
   "properties": {
    "elevation": 180.0
   },
   "type": "Feature"
  },
  {
   "geometry": {
    "coordinates": [
     [
      4.434337691870381,
      2.2342239909039225
     ],
     [
      4.434337691870381,
      2.2342239909039225
     ]
    ],
    "type": "LineString"
   },
   "properties": {
    "elevation": 180.0
   },
   "type": "Feature"
  },
  {
   "geometry": {
    "coordinates": [
     [
      24.934621944286526,
      2.183058555997726
     ],
     [
      24.934621944286526,
      2.183058555997726
     ]
    ],
    "type": "LineString"
   },
   "properties": {
    "elevation": 180.0
   },
   "type": "Feature"
  },
  {
   "geometry": {
    "coordinates": [
     [
      0.0,
      0.0
     ],
     [
      0.0,
      13.285957930642411
     ],
     [
      28.038658328595794,
      13.285957930642411
     ],
     [
      28.123934053439456,
      13.166571915861285
     ],
     [
      28.14098919840819,
      13.11540648095509
     ],
     [
      28.209209778283117,
      13.047185901080159
     ],
     [
      28.294485503126776,
      12.876634451392837
     ],
     [
      28.362706083001704,
      12.791358726549175
     ],
     [
      28.413871517907904,
      12.706083001705515
     ],
     [
      28.447981807845366,
      12.620807276861854
     ],
     [
      28.55031267765776,
      12.450255827174532
     ],
     [
      28.61853325753269,
      12.382035247299603
     ],
     [
      28.789084707220013,
      12.126208072768618
     ],
     [
      28.84025014212621,
      12.05798749289369
     ],
     [
      28.891415577032404,
      11.98976691301876
     ],
     [
      28.9937464468448,
      11.9044911881751
     ],
     [
      29.02785673678226,
      11.870380898237634
     ],
     [
      29.164297896532123,
      11.699829448550313
     ],
     [
      29.334849346219443,
      11.546333143831722
     ],
     [
      29.334849346219443,
      11.512222853894258
     ],
     [
      29.386014781125642,
      11.478112563956794
     ],
     [
      29.437180216031837,
      11.409891984081865
     ],
     [
      29.45423536100057,
      11.358726549175667
     ],
     [
      29.488345650938033,
      11.307561114269472
     ],
     [
      29.641841955656623,
      11.154064809550881
     ],
     [
      29.69300739056282,
      11.137009664582148
     ],
     [
      29.761227970437748,
      11.085844229675953
     ],
     [
      29.77828311540648,
      11.034678794769755
     ],
     [
      29.93177942012507,
      10.864127345082434
     ],
     [
      29.982944855031267,
      10.83001705514497
     ],
     [
      29.982944855031267,
      0.0
     ],
     [
      0.0,
      0.0
     ]
    ],
    "type": "LineString"
   },
   "properties": {
    "elevation": 190.0
   },
   "type": "Feature"
  },
  {
   "geometry": {
    "coordinates": [
     [
      22.7515633882888,
      13.183627060830018
     ],
     [
      22.7515633882888,
      13.183627060830018
     ]
    ],
    "type": "LineString"
   },
   "properties": {
    "elevation": 190.0
   },
   "type": "Feature"
  },
  {
   "geometry": {
    "coordinates": [
     [
      22.700397953382605,
      13.098351335986356
     ],
     [
      22.700397953382605,
      13.098351335986356
     ]
    ],
    "type": "LineString"
   },
   "properties": {
    "elevation": 190.0
   },
   "type": "Feature"
  },
  {
   "geometry": {
    "coordinates": [
     [
      22.836839113132463,
      12.910744741330301
     ],
     [
      22.836839113132463,
      12.910744741330301
     ]
    ],
    "type": "LineString"
   },
   "properties": {
    "elevation": 190.0
   },
   "type": "Feature"
  },
  {
   "geometry": {
    "coordinates": [
     [
      2.6435474701534964,
      12.05798749289369
     ],
     [
      2.7288231949971573,
      12.05798749289369
     ],
     [
      2.7288231949971573,
      12.109152927799887
     ],
     [
      2.694712905059693,
      12.143263217737351
     ],
     [
      2.6264923251847643,
      12.126208072768618
     ],
     [
      2.6264923251847643,
      12.092097782831154
     ],
     [
      2.6435474701534964,
      12.05798749289369
     ]
    ],
    "type": "LineString"
   },
   "properties": {
    "elevation": 190.0
   },
   "type": "Feature"
  },
  {
   "geometry": {
    "coordinates": [
     [
      6.480955088118249,
      8.08413871517908
     ],
     [
      6.480955088118249,
      8.08413871517908
     ]
    ],
    "type": "LineString"
   },
   "properties": {
    "elevation": 190.0
   },
   "type": "Feature"
  },
  {
   "geometry": {
    "coordinates": [
     [
      6.515065378055714,
      8.067083570210347
     ],
     [
      6.515065378055714,
      8.067083570210347
     ]
    ],
    "type": "LineString"
   },
   "properties": {
    "elevation": 190.0
   },
   "type": "Feature"
  },
  {
   "geometry": {
    "coordinates": [
     [
      26.33314383172257,
      3.0017055144968734
     ],
     [
      26.33314383172257,
      3.05287094940307
     ],
     [
      26.33314383172257,
      3.0017055144968734
     ]
    ],
    "type": "LineString"
   },
   "properties": {
    "elevation": 190.0
   },
   "type": "Feature"
  },
  {
   "geometry": {
    "coordinates": [
     [
      26.350198976691303,
      3.0187606594656056
     ],
     [
      26.350198976691303,
      3.0187606594656056
     ]
    ],
    "type": "LineString"
   },
   "properties": {
    "elevation": 190.0
   },
   "type": "Feature"
  },
  {
   "geometry": {
    "coordinates": [
     [
      8.357021034678795,
      2.370665150653781
     ],
     [
      8.357021034678795,
      2.370665150653781
     ]
    ],
    "type": "LineString"
   },
   "properties": {
    "elevation": 190.0
   },
   "type": "Feature"
  },
  {
   "geometry": {
    "coordinates": [
     [
      8.101193860147811,
      2.2853894258101195
     ],
     [
      8.101193860147811,
      2.2853894258101195
     ]
    ],
    "type": "LineString"
   },
   "properties": {
    "elevation": 190.0
   },
   "type": "Feature"
  },
  {
   "geometry": {
    "coordinates": [
     [
      4.417282546901649,
      2.2683342808413873
     ],
     [
      4.417282546901649,
      2.2683342808413873
     ]
    ],
    "type": "LineString"
   },
   "properties": {
    "elevation": 190.0
   },
   "type": "Feature"
  },
  {
   "geometry": {
    "coordinates": [
     [
      24.88345650938033,
      2.2342239909039225
     ],
     [
      24.815235929505402,
      2.2342239909039225
     ],
     [
      24.88345650938033,
      2.2342239909039225
     ]
    ],
    "type": "LineString"
   },
   "properties": {
    "elevation": 190.0
   },
   "type": "Feature"
  },
  {
   "geometry": {
    "coordinates": [
     [
      4.434337691870381,
      2.2342239909039225
     ],
     [
      4.434337691870381,
      2.2342239909039225
     ]
    ],
    "type": "LineString"
   },
   "properties": {
    "elevation": 190.0
   },
   "type": "Feature"
  },
  {
   "geometry": {
    "coordinates": [
     [
      24.934621944286526,
      2.183058555997726
     ],
     [
      24.934621944286526,
      2.183058555997726
     ]
    ],
    "type": "LineString"
   },
   "properties": {
    "elevation": 190.0
   },
   "type": "Feature"
  },
  {
   "geometry": {
    "coordinates": [
     [
      0.0,
      0.0
     ],
     [
      0.0,
      13.285957930642411
     ],
     [
      21.66003411028994,
      13.285957930642411
     ],
     [
      21.84764070494599,
      13.251847640704947
     ],
     [
      21.96702671972712,
      13.251847640704947
     ],
     [
      22.052302444570778,
      13.285957930642411
     ],
     [
      28.038658328595794,
      13.285957930642411
     ],
     [
      28.123934053439456,
      13.166571915861285
     ],
     [
      28.14098919840819,
      13.11540648095509
     ],
     [
      28.209209778283117,
      13.047185901080159
     ],
     [
      28.294485503126776,
      12.876634451392837
     ],
     [
      28.362706083001704,
      12.791358726549175
     ],
     [
      28.413871517907904,
      12.706083001705515
     ],
     [
      28.447981807845366,
      12.620807276861854
     ],
     [
      28.55031267765776,
      12.450255827174532
     ],
     [
      28.61853325753269,
      12.382035247299603
     ],
     [
      28.789084707220013,
      12.126208072768618
     ],
     [
      28.84025014212621,
      12.05798749289369
     ],
     [
      28.891415577032404,
      11.98976691301876
     ],
     [
      28.9937464468448,
      11.9044911881751
     ],
     [
      29.02785673678226,
      11.870380898237634
     ],
     [
      29.164297896532123,
      11.699829448550313
     ],
     [
      29.334849346219443,
      11.546333143831722
     ],
     [
      29.334849346219443,
      11.512222853894258
     ],
     [
      29.386014781125642,
      11.478112563956794
     ],
     [
      29.437180216031837,
      11.409891984081865
     ],
     [
      29.45423536100057,
      11.358726549175667
     ],
     [
      29.488345650938033,
      11.307561114269472
     ],
     [
      29.641841955656623,
      11.154064809550881
     ],
     [
      29.69300739056282,
      11.137009664582148
     ],
     [
      29.761227970437748,
      11.085844229675953
     ],
     [
      29.77828311540648,
      11.034678794769755
     ],
     [
      29.93177942012507,
      10.864127345082434
     ],
     [
      29.982944855031267,
      10.83001705514497
     ],
     [
      29.982944855031267,
      0.0
     ],
     [
      0.0,
      0.0
     ]
    ],
    "type": "LineString"
   },
   "properties": {
    "elevation": 200.0
   },
   "type": "Feature"
  },
  {
   "geometry": {
    "coordinates": [
     [
      22.7515633882888,
      13.183627060830018
     ],
     [
      22.7515633882888,
      13.183627060830018
     ]
    ],
    "type": "LineString"
   },
   "properties": {
    "elevation": 200.0
   },
   "type": "Feature"
  },
  {
   "geometry": {
    "coordinates": [
     [
      22.700397953382605,
      13.098351335986356
     ],
     [
      22.700397953382605,
      13.098351335986356
     ]
    ],
    "type": "LineString"
   },
   "properties": {
    "elevation": 200.0
   },
   "type": "Feature"
  },
  {
   "geometry": {
    "coordinates": [
     [
      22.836839113132463,
      12.910744741330301
     ],
     [
      22.836839113132463,
      12.910744741330301
     ]
    ],
    "type": "LineString"
   },
   "properties": {
    "elevation": 200.0
   },
   "type": "Feature"
  },
  {
   "geometry": {
    "coordinates": [
     [
      2.6435474701534964,
      12.05798749289369
     ],
     [
      2.7288231949971573,
      12.05798749289369
     ],
     [
      2.7288231949971573,
      12.109152927799887
     ],
     [
      2.694712905059693,
      12.143263217737351
     ],
     [
      2.6264923251847643,
      12.126208072768618
     ],
     [
      2.6264923251847643,
      12.092097782831154
     ],
     [
      2.6435474701534964,
      12.05798749289369
     ]
    ],
    "type": "LineString"
   },
   "properties": {
    "elevation": 200.0
   },
   "type": "Feature"
  },
  {
   "geometry": {
    "coordinates": [
     [
      6.480955088118249,
      8.08413871517908
     ],
     [
      6.480955088118249,
      8.08413871517908
     ]
    ],
    "type": "LineString"
   },
   "properties": {
    "elevation": 200.0
   },
   "type": "Feature"
  },
  {
   "geometry": {
    "coordinates": [
     [
      6.515065378055714,
      8.067083570210347
     ],
     [
      6.515065378055714,
      8.067083570210347
     ]
    ],
    "type": "LineString"
   },
   "properties": {
    "elevation": 200.0
   },
   "type": "Feature"
  },
  {
   "geometry": {
    "coordinates": [
     [
      26.33314383172257,
      3.0017055144968734
     ],
     [
      26.33314383172257,
      3.05287094940307
     ],
     [
      26.33314383172257,
      3.0017055144968734
     ]
    ],
    "type": "LineString"
   },
   "properties": {
    "elevation": 200.0
   },
   "type": "Feature"
  },
  {
   "geometry": {
    "coordinates": [
     [
      26.350198976691303,
      3.0187606594656056
     ],
     [
      26.350198976691303,
      3.0187606594656056
     ]
    ],
    "type": "LineString"
   },
   "properties": {
    "elevation": 200.0
   },
   "type": "Feature"
  },
  {
   "geometry": {
    "coordinates": [
     [
      8.357021034678795,
      2.370665150653781
     ],
     [
      8.357021034678795,
      2.370665150653781
     ]
    ],
    "type": "LineString"
   },
   "properties": {
    "elevation": 200.0
   },
   "type": "Feature"
  },
  {
   "geometry": {
    "coordinates": [
     [
      8.101193860147811,
      2.2853894258101195
     ],
     [
      8.101193860147811,
      2.2853894258101195
     ]
    ],
    "type": "LineString"
   },
   "properties": {
    "elevation": 200.0
   },
   "type": "Feature"
  },
  {
   "geometry": {
    "coordinates": [
     [
      4.417282546901649,
      2.2683342808413873
     ],
     [
      4.417282546901649,
      2.2683342808413873
     ]
    ],
    "type": "LineString"
   },
   "properties": {
    "elevation": 200.0
   },
   "type": "Feature"
  },
  {
   "geometry": {
    "coordinates": [
     [
      24.88345650938033,
      2.2342239909039225
     ],
     [
      24.815235929505402,
      2.2342239909039225
     ],
     [
      24.88345650938033,
      2.2342239909039225
     ]
    ],
    "type": "LineString"
   },
   "properties": {
    "elevation": 200.0
   },
   "type": "Feature"
  },
  {
   "geometry": {
    "coordinates": [
     [
      4.434337691870381,
      2.2342239909039225
     ],
     [
      4.434337691870381,
      2.2342239909039225
     ]
    ],
    "type": "LineString"
   },
   "properties": {
    "elevation": 200.0
   },
   "type": "Feature"
  },
  {
   "geometry": {
    "coordinates": [
     [
      24.934621944286526,
      2.183058555997726
     ],
     [
      24.934621944286526,
      2.183058555997726
     ]
    ],
    "type": "LineString"
   },
   "properties": {
    "elevation": 200.0
   },
   "type": "Feature"
  },
  {
   "geometry": {
    "coordinates": [
     [
      0.0,
      0.0
     ],
     [
      0.0,
      13.285957930642411
     ],
     [
      21.66003411028994,
      13.285957930642411
     ],
     [
      21.84764070494599,
      13.251847640704947
     ],
     [
      21.96702671972712,
      13.251847640704947
     ],
     [
      22.052302444570778,
      13.285957930642411
     ],
     [
      26.776577600909608,
      13.285957930642411
     ],
     [
      26.776577600909608,
      13.234792495736214
     ],
     [
      26.79363274587834,
      13.20068220579875
     ],
     [
      26.9300739056282,
      13.047185901080159
     ],
     [
      26.964184195565664,
      12.97896532120523
     ],
     [
      27.151790790221717,
      12.791358726549175
     ],
     [
      27.23706651506538,
      12.671972711768051
     ],
     [
      27.271176805002842,
      12.620807276861854
     ],
     [
      27.305287094940308,
      12.569641841955656
     ],
     [
      27.32234223990904,
      12.467310972143263
     ],
     [
      27.33939738487777,
      12.433200682205799
     ],
     [
      27.356452529846504,
      12.399090392268334
     ],
     [
      27.441728254690165,
      12.296759522455941
     ],
     [
      27.49289368959636,
      12.194428652643548
     ],
     [
      27.62933484934622,
      12.023877202956225
     ],
     [
      27.731665719158613,
      11.853325753268903
     ],
     [
      27.833996588971008,
      11.716884593519046
     ],
     [
      28.004548038658328,
      11.512222853894258
     ],
     [
      28.055713473564527,
      11.44400227401933
     ],
     [
      28.072768618533257,
      11.392836839113132
     ],
     [
      28.08982376350199,
      11.3757816941444
     ],
     [
      28.15804434337692,
      11.290505969300739
     ],
     [
      28.209209778283117,
      11.22228538942581
     ],
     [
      28.277430358158046,
      11.137009664582148
     ],
     [
      28.362706083001704,
      11.051733939738488
     ],
     [
      28.482092097782832,
      10.881182490051165
     ],
     [
      28.55031267765776,
      10.795906765207505
     ],
     [
      28.635588402501423,
      10.693575895395112
     ],
     [
      28.720864127345084,
      10.591245025582717
     ],
     [
      28.823194997157476,
      10.505969300739057
     ],
     [
      28.874360432063675,
      10.45480386583286
     ],
     [
      28.874360432063675,
      10.437748720864128
     ],
     [
      28.92552586696987,
      10.403638430926662
     ],
     [
      29.061967026719728,
      10.23308698123934
     ],
     [
      29.23251847640705,
      10.062535531552019
     ],
     [
      29.53951108584423,
      9.68732234223991
     ],
     [
      29.74417282546902,
      9.46560545764639
     ],
     [
      29.761227970437748,
      9.448550312677657
     ],
     [
      29.812393405343947,
      9.431495167708926
     ],
     [
      29.89766913018761,
      9.346219442865264
     ],
     [
      29.982944855031267,
      9.243888573052871
     ],
     [
      29.982944855031267,
      0.0
     ],
     [
      0.0,
      0.0
     ]
    ],
    "type": "LineString"
   },
   "properties": {
    "elevation": 210.0
   },
   "type": "Feature"
  },
  {
   "geometry": {
    "coordinates": [
     [
      22.7515633882888,
      13.183627060830018
     ],
     [
      22.7515633882888,
      13.183627060830018
     ]
    ],
    "type": "LineString"
   },
   "properties": {
    "elevation": 210.0
   },
   "type": "Feature"
  },
  {
   "geometry": {
    "coordinates": [
     [
      22.700397953382605,
      13.098351335986356
     ],
     [
      22.700397953382605,
      13.098351335986356
     ]
    ],
    "type": "LineString"
   },
   "properties": {
    "elevation": 210.0
   },
   "type": "Feature"
  },
  {
   "geometry": {
    "coordinates": [
     [
      22.836839113132463,
      12.910744741330301
     ],
     [
      22.836839113132463,
      12.910744741330301
     ]
    ],
    "type": "LineString"
   },
   "properties": {
    "elevation": 210.0
   },
   "type": "Feature"
  },
  {
   "geometry": {
    "coordinates": [
     [
      2.6435474701534964,
      12.05798749289369
     ],
     [
      2.7288231949971573,
      12.05798749289369
     ],
     [
      2.7288231949971573,
      12.109152927799887
     ],
     [
      2.694712905059693,
      12.143263217737351
     ],
     [
      2.6264923251847643,
      12.126208072768618
     ],
     [
      2.6264923251847643,
      12.092097782831154
     ],
     [
      2.6435474701534964,
      12.05798749289369
     ]
    ],
    "type": "LineString"
   },
   "properties": {
    "elevation": 210.0
   },
   "type": "Feature"
  },
  {
   "geometry": {
    "coordinates": [
     [
      6.480955088118249,
      8.08413871517908
     ],
     [
      6.480955088118249,
      8.08413871517908
     ]
    ],
    "type": "LineString"
   },
   "properties": {
    "elevation": 210.0
   },
   "type": "Feature"
  },
  {
   "geometry": {
    "coordinates": [
     [
      6.515065378055714,
      8.067083570210347
     ],
     [
      6.515065378055714,
      8.067083570210347
     ]
    ],
    "type": "LineString"
   },
   "properties": {
    "elevation": 210.0
   },
   "type": "Feature"
  },
  {
   "geometry": {
    "coordinates": [
     [
      26.33314383172257,
      3.0017055144968734
     ],
     [
      26.33314383172257,
      3.05287094940307
     ],
     [
      26.33314383172257,
      3.0017055144968734
     ]
    ],
    "type": "LineString"
   },
   "properties": {
    "elevation": 210.0
   },
   "type": "Feature"
  },
  {
   "geometry": {
    "coordinates": [
     [
      26.350198976691303,
      3.0187606594656056
     ],
     [
      26.350198976691303,
      3.0187606594656056
     ]
    ],
    "type": "LineString"
   },
   "properties": {
    "elevation": 210.0
   },
   "type": "Feature"
  },
  {
   "geometry": {
    "coordinates": [
     [
      8.357021034678795,
      2.370665150653781
     ],
     [
      8.357021034678795,
      2.370665150653781
     ]
    ],
    "type": "LineString"
   },
   "properties": {
    "elevation": 210.0
   },
   "type": "Feature"
  },
  {
   "geometry": {
    "coordinates": [
     [
      8.101193860147811,
      2.2853894258101195
     ],
     [
      8.101193860147811,
      2.2853894258101195
     ]
    ],
    "type": "LineString"
   },
   "properties": {
    "elevation": 210.0
   },
   "type": "Feature"
  },
  {
   "geometry": {
    "coordinates": [
     [
      4.417282546901649,
      2.2683342808413873
     ],
     [
      4.417282546901649,
      2.2683342808413873
     ]
    ],
    "type": "LineString"
   },
   "properties": {
    "elevation": 210.0
   },
   "type": "Feature"
  },
  {
   "geometry": {
    "coordinates": [
     [
      24.88345650938033,
      2.2342239909039225
     ],
     [
      24.815235929505402,
      2.2342239909039225
     ],
     [
      24.88345650938033,
      2.2342239909039225
     ]
    ],
    "type": "LineString"
   },
   "properties": {
    "elevation": 210.0
   },
   "type": "Feature"
  },
  {
   "geometry": {
    "coordinates": [
     [
      4.434337691870381,
      2.2342239909039225
     ],
     [
      4.434337691870381,
      2.2342239909039225
     ]
    ],
    "type": "LineString"
   },
   "properties": {
    "elevation": 210.0
   },
   "type": "Feature"
  },
  {
   "geometry": {
    "coordinates": [
     [
      24.934621944286526,
      2.183058555997726
     ],
     [
      24.934621944286526,
      2.183058555997726
     ]
    ],
    "type": "LineString"
   },
   "properties": {
    "elevation": 210.0
   },
   "type": "Feature"
  },
  {
   "geometry": {
    "coordinates": [
     [
      0.0,
      0.0
     ],
     [
      0.0,
      13.285957930642411
     ],
     [
      21.66003411028994,
      13.285957930642411
     ],
     [
      21.84764070494599,
      13.251847640704947
     ],
     [
      21.96702671972712,
      13.251847640704947
     ],
     [
      22.052302444570778,
      13.285957930642411
     ],
     [
      25.378055713473564,
      13.285957930642411
     ],
     [
      25.42922114837976,
      13.20068220579875
     ],
     [
      25.531552018192155,
      13.081296191017623
     ],
     [
      25.753268902785674,
      12.842524161455373
     ],
     [
      25.906765207504264,
      12.654917566799318
     ],
     [
      25.974985787379193,
      12.569641841955656
     ],
     [
      26.196702671972712,
      12.279704377487208
     ],
     [
      26.247868106878908,
      12.21148379761228
     ],
     [
      26.299033541785107,
      12.143263217737351
     ],
     [
      26.452529846503698,
      11.9044911881751
     ],
     [
      26.520750426378626,
      11.83627060830017
     ],
     [
      26.537805571347356,
      11.75099488345651
     ],
     [
      26.55486071631609,
      11.716884593519046
     ],
     [
      26.623081296191017,
      11.59749857873792
     ],
     [
      26.691301876065946,
      11.478112563956794
     ],
     [
      26.742467310972145,
      11.392836839113132
     ],
     [
      26.94712905059693,
      11.085844229675953
     ],
     [
      27.01534963047186,
      11.000568504832291
     ],
     [
      27.134735645252984,
      10.881182490051165
     ],
     [
      27.185901080159184,
      10.812961910176236
     ],
     [
      27.220011370096646,
      10.744741330301308
     ],
     [
      27.288231949971575,
      10.676520750426379
     ],
     [
      27.441728254690165,
      10.437748720864128
     ],
     [
      27.49289368959636,
      10.369528140989198
     ],
     [
      27.64638999431495,
      10.181921546333143
     ],
     [
      27.78283115406481,
      10.045480386583286
     ],
     [
      28.055713473564527,
      9.704377487208642
     ],
     [
      28.277430358158046,
      9.46560545764639
     ],
     [
      28.362706083001704,
      9.380329732802728
     ],
     [
      28.499147242751565,
      9.260943718021604
     ],
     [
      28.533257532689028,
      9.192723138146674
     ],
     [
      29.044911881750995,
      8.664013644115975
     ],
     [
      29.130187606594657,
      8.595793064241047
     ],
     [
      29.164297896532123,
      8.561682774303582
     ],
     [
      29.198408186469585,
      8.527572484366118
     ],
     [
      29.283683911313247,
      8.425241614553723
     ],
     [
      29.437180216031837,
      8.288800454803866
     ],
     [
      29.573621375781695,
      8.186469584991473
     ],
     [
      29.89766913018761,
      7.86242183058556
     ],
     [
      29.93177942012507,
      7.794201250710631
     ],
     [
      29.982944855031267,
      7.760090960773167
     ],
     [
      29.982944855031267,
      0.0
     ],
     [
      0.0,
      0.0
     ]
    ],
    "type": "LineString"
   },
   "properties": {
    "elevation": 220.0
   },
   "type": "Feature"
  },
  {
   "geometry": {
    "coordinates": [
     [
      22.7515633882888,
      13.183627060830018
     ],
     [
      22.7515633882888,
      13.183627060830018
     ]
    ],
    "type": "LineString"
   },
   "properties": {
    "elevation": 220.0
   },
   "type": "Feature"
  },
  {
   "geometry": {
    "coordinates": [
     [
      22.700397953382605,
      13.098351335986356
     ],
     [
      22.700397953382605,
      13.098351335986356
     ]
    ],
    "type": "LineString"
   },
   "properties": {
    "elevation": 220.0
   },
   "type": "Feature"
  },
  {
   "geometry": {
    "coordinates": [
     [
      22.836839113132463,
      12.910744741330301
     ],
     [
      22.836839113132463,
      12.910744741330301
     ]
    ],
    "type": "LineString"
   },
   "properties": {
    "elevation": 220.0
   },
   "type": "Feature"
  },
  {
   "geometry": {
    "coordinates": [
     [
      2.6435474701534964,
      12.05798749289369
     ],
     [
      2.7288231949971573,
      12.05798749289369
     ],
     [
      2.7288231949971573,
      12.109152927799887
     ],
     [
      2.694712905059693,
      12.143263217737351
     ],
     [
      2.6264923251847643,
      12.126208072768618
     ],
     [
      2.6264923251847643,
      12.092097782831154
     ],
     [
      2.6435474701534964,
      12.05798749289369
     ]
    ],
    "type": "LineString"
   },
   "properties": {
    "elevation": 220.0
   },
   "type": "Feature"
  },
  {
   "geometry": {
    "coordinates": [
     [
      6.480955088118249,
      8.08413871517908
     ],
     [
      6.480955088118249,
      8.08413871517908
     ]
    ],
    "type": "LineString"
   },
   "properties": {
    "elevation": 220.0
   },
   "type": "Feature"
  },
  {
   "geometry": {
    "coordinates": [
     [
      6.515065378055714,
      8.067083570210347
     ],
     [
      6.515065378055714,
      8.067083570210347
     ]
    ],
    "type": "LineString"
   },
   "properties": {
    "elevation": 220.0
   },
   "type": "Feature"
  },
  {
   "geometry": {
    "coordinates": [
     [
      26.33314383172257,
      3.0017055144968734
     ],
     [
      26.33314383172257,
      3.05287094940307
     ],
     [
      26.33314383172257,
      3.0017055144968734
     ]
    ],
    "type": "LineString"
   },
   "properties": {
    "elevation": 220.0
   },
   "type": "Feature"
  },
  {
   "geometry": {
    "coordinates": [
     [
      26.350198976691303,
      3.0187606594656056
     ],
     [
      26.350198976691303,
      3.0187606594656056
     ]
    ],
    "type": "LineString"
   },
   "properties": {
    "elevation": 220.0
   },
   "type": "Feature"
  },
  {
   "geometry": {
    "coordinates": [
     [
      8.357021034678795,
      2.370665150653781
     ],
     [
      8.357021034678795,
      2.370665150653781
     ]
    ],
    "type": "LineString"
   },
   "properties": {
    "elevation": 220.0
   },
   "type": "Feature"
  },
  {
   "geometry": {
    "coordinates": [
     [
      8.101193860147811,
      2.2853894258101195
     ],
     [
      8.101193860147811,
      2.2853894258101195
     ]
    ],
    "type": "LineString"
   },
   "properties": {
    "elevation": 220.0
   },
   "type": "Feature"
  },
  {
   "geometry": {
    "coordinates": [
     [
      4.417282546901649,
      2.2683342808413873
     ],
     [
      4.417282546901649,
      2.2683342808413873
     ]
    ],
    "type": "LineString"
   },
   "properties": {
    "elevation": 220.0
   },
   "type": "Feature"
  },
  {
   "geometry": {
    "coordinates": [
     [
      24.88345650938033,
      2.2342239909039225
     ],
     [
      24.815235929505402,
      2.2342239909039225
     ],
     [
      24.88345650938033,
      2.2342239909039225
     ]
    ],
    "type": "LineString"
   },
   "properties": {
    "elevation": 220.0
   },
   "type": "Feature"
  },
  {
   "geometry": {
    "coordinates": [
     [
      4.434337691870381,
      2.2342239909039225
     ],
     [
      4.434337691870381,
      2.2342239909039225
     ]
    ],
    "type": "LineString"
   },
   "properties": {
    "elevation": 220.0
   },
   "type": "Feature"
  },
  {
   "geometry": {
    "coordinates": [
     [
      24.934621944286526,
      2.183058555997726
     ],
     [
      24.934621944286526,
      2.183058555997726
     ]
    ],
    "type": "LineString"
   },
   "properties": {
    "elevation": 220.0
   },
   "type": "Feature"
  },
  {
   "geometry": {
    "coordinates": [
     [
      0.0,
      0.0
     ],
     [
      0.0,
      13.285957930642411
     ],
     [
      21.66003411028994,
      13.285957930642411
     ],
     [
      21.84764070494599,
      13.251847640704947
     ],
     [
      21.96702671972712,
      13.251847640704947
     ],
     [
      22.052302444570778,
      13.285957930642411
     ],
     [
      24.04775440591245,
      13.285957930642411
     ],
     [
      24.081864695849916,
      13.20068220579875
     ],
     [
      24.081864695849916,
      13.13246162592382
     ],
     [
      24.11597498578738,
      13.11540648095509
     ],
     [
      24.11597498578738,
      13.064241046048892
     ],
     [
      24.167140420693578,
      12.97896532120523
     ],
     [
      24.218305855599773,
      12.910744741330301
     ],
     [
      24.26947129050597,
      12.842524161455373
     ],
     [
      24.35474701534963,
      12.757248436611711
     ],
     [
      24.371802160318364,
      12.74019329164298
     ],
     [
      24.457077885162025,
      12.689027856736782
     ],
     [
      24.50824332006822,
      12.637862421830587
     ],
     [
      24.50824332006822,
      12.620807276861854
     ],
     [
      24.559408754974417,
      12.58669698692439
     ],
     [
      24.57646389994315,
      12.569641841955656
     ],
     [
      24.712905059693007,
      12.399090392268334
     ],
     [
      24.72996020466174,
      12.382035247299603
     ],
     [
      24.781125639567936,
      12.347924957362137
     ],
     [
      24.781125639567936,
      12.330869812393406
     ],
     [
      24.815235929505402,
      12.296759522455941
     ],
     [
      24.832291074474135,
      12.296759522455941
     ],
     [
      24.866401364411598,
      12.262649232518477
     ],
     [
      24.934621944286526,
      12.177373507674815
     ],
     [
      25.002842524161455,
      12.075042637862422
     ],
     [
      25.122228538942583,
      11.955656623081296
     ],
     [
      25.19044911881751,
      11.870380898237634
     ],
     [
      25.241614553723707,
      11.802160318362706
     ],
     [
      25.275724843661173,
      11.733939738487777
     ],
     [
      25.343945423536102,
      11.665719158612848
     ],
     [
      25.36100056850483,
      11.614553723706651
     ],
     [
      25.378055713473564,
      11.614553723706651
     ],
     [
      25.395110858442298,
      11.59749857873792
     ],
     [
      25.41216600341103,
      11.546333143831722
     ],
     [
      25.463331438317226,
      11.495167708925527
     ],
     [
      25.48038658328596,
      11.44400227401933
     ],
     [
      25.548607163160888,
      11.3757816941444
     ],
     [
      25.65093803297328,
      11.22228538942581
     ],
     [
      25.685048322910745,
      11.171119954519614
     ],
     [
      25.685048322910745,
      11.137009664582148
     ],
     [
      25.753268902785674,
      11.051733939738488
     ],
     [
      25.753268902785674,
      11.017623649801024
     ],
     [
      25.80443433769187,
      10.966458214894827
     ],
     [
      25.85559977259807,
      10.864127345082434
     ],
     [
      25.88971006253553,
      10.812961910176236
     ],
     [
      26.094371802160317,
      10.540079590676521
     ],
     [
      26.11142694712905,
      10.488914155770324
     ],
     [
      26.26492325184764,
      10.267197271176805
     ],
     [
      26.350198976691303,
      10.147811256395679
     ],
     [
      26.537805571347356,
      9.92609437180216
     ],
     [
      26.588971006253555,
      9.857873791927231
     ],
     [
      26.606026151222284,
      9.806708357021035
     ],
     [
      26.657191586128484,
      9.738487777146107
     ],
     [
      26.70835702103468,
      9.670267197271176
     ],
     [
      26.810687890847074,
      9.550881182490052
     ],
     [
      26.86185332575327,
      9.516770892552588
     ],
     [
      26.878908470722003,
      9.46560545764639
     ],
     [
      26.94712905059693,
      9.414440022740193
     ],
     [
      26.94712905059693,
      9.397384877771461
     ],
     [
      26.998294485503127,
      9.329164297896533
     ],
     [
      27.100625355315522,
      9.209778283115407
     ],
     [
      27.220011370096646,
      9.09039226833428
     ],
     [
      27.32234223990904,
      9.022171688459352
     ],
     [
      27.4076179647527,
      8.93689596361569
     ],
     [
      27.56111426947129,
      8.766344513928368
     ],
     [
      27.56111426947129,
      8.749289368959637
     ],
     [
      27.71461057418988,
      8.578737919272314
     ],
     [
      27.78283115406481,
      8.527572484366118
     ],
     [
      27.816941444002275,
      8.459351904491188
     ],
     [
      27.902217168845937,
      8.374076179647528
     ],
     [
      28.055713473564527,
      8.152359295054008
     ],
     [
      28.14098919840819,
      8.050028425241615
     ],
     [
      28.277430358158046,
      7.896532120523025
     ],
     [
      28.430926662876637,
      7.725980670835702
     ],
     [
      28.635588402501423,
      7.504263786242183
     ],
     [
      28.652643547470156,
      7.487208641273451
     ],
     [
      28.70380898237635,
      7.436043206367255
     ],
     [
      28.720864127345084,
      7.418988061398522
     ],
     [
      28.77202956225128,
      7.367822626492325
     ],
     [
      28.789084707220013,
      7.350767481523593
     ],
     [
      28.92552586696987,
      7.2484366117112
     ],
     [
      29.09607731665719,
      7.094940306992609
     ],
     [
      29.14724275156339,
      7.043774872086413
     ],
     [
      29.181353041500852,
      7.0096645821489485
     ],
     [
      29.198408186469585,
      6.992609437180216
     ],
     [
      29.74417282546902,
      6.429789653212053
     ],
     [
      29.880613985218876,
      6.25923820352473
     ],
     [
      29.982944855031267,
      6.1739624786810685
     ],
     [
      29.982944855031267,
      0.0
     ],
     [
      0.0,
      0.0
     ]
    ],
    "type": "LineString"
   },
   "properties": {
    "elevation": 230.0
   },
   "type": "Feature"
  },
  {
   "geometry": {
    "coordinates": [
     [
      22.7515633882888,
      13.183627060830018
     ],
     [
      22.7515633882888,
      13.183627060830018
     ]
    ],
    "type": "LineString"
   },
   "properties": {
    "elevation": 230.0
   },
   "type": "Feature"
  },
  {
   "geometry": {
    "coordinates": [
     [
      22.700397953382605,
      13.098351335986356
     ],
     [
      22.700397953382605,
      13.098351335986356
     ]
    ],
    "type": "LineString"
   },
   "properties": {
    "elevation": 230.0
   },
   "type": "Feature"
  },
  {
   "geometry": {
    "coordinates": [
     [
      22.836839113132463,
      12.910744741330301
     ],
     [
      22.836839113132463,
      12.910744741330301
     ]
    ],
    "type": "LineString"
   },
   "properties": {
    "elevation": 230.0
   },
   "type": "Feature"
  },
  {
   "geometry": {
    "coordinates": [
     [
      2.6435474701534964,
      12.05798749289369
     ],
     [
      2.7288231949971573,
      12.05798749289369
     ],
     [
      2.7288231949971573,
      12.109152927799887
     ],
     [
      2.694712905059693,
      12.143263217737351
     ],
     [
      2.6264923251847643,
      12.126208072768618
     ],
     [
      2.6264923251847643,
      12.092097782831154
     ],
     [
      2.6435474701534964,
      12.05798749289369
     ]
    ],
    "type": "LineString"
   },
   "properties": {
    "elevation": 230.0
   },
   "type": "Feature"
  },
  {
   "geometry": {
    "coordinates": [
     [
      6.480955088118249,
      8.08413871517908
     ],
     [
      6.480955088118249,
      8.08413871517908
     ]
    ],
    "type": "LineString"
   },
   "properties": {
    "elevation": 230.0
   },
   "type": "Feature"
  },
  {
   "geometry": {
    "coordinates": [
     [
      6.515065378055714,
      8.067083570210347
     ],
     [
      6.515065378055714,
      8.067083570210347
     ]
    ],
    "type": "LineString"
   },
   "properties": {
    "elevation": 230.0
   },
   "type": "Feature"
  },
  {
   "geometry": {
    "coordinates": [
     [
      26.33314383172257,
      3.0017055144968734
     ],
     [
      26.33314383172257,
      3.05287094940307
     ],
     [
      26.33314383172257,
      3.0017055144968734
     ]
    ],
    "type": "LineString"
   },
   "properties": {
    "elevation": 230.0
   },
   "type": "Feature"
  },
  {
   "geometry": {
    "coordinates": [
     [
      26.350198976691303,
      3.0187606594656056
     ],
     [
      26.350198976691303,
      3.0187606594656056
     ]
    ],
    "type": "LineString"
   },
   "properties": {
    "elevation": 230.0
   },
   "type": "Feature"
  },
  {
   "geometry": {
    "coordinates": [
     [
      8.357021034678795,
      2.370665150653781
     ],
     [
      8.357021034678795,
      2.370665150653781
     ]
    ],
    "type": "LineString"
   },
   "properties": {
    "elevation": 230.0
   },
   "type": "Feature"
  },
  {
   "geometry": {
    "coordinates": [
     [
      8.101193860147811,
      2.2853894258101195
     ],
     [
      8.101193860147811,
      2.2853894258101195
     ]
    ],
    "type": "LineString"
   },
   "properties": {
    "elevation": 230.0
   },
   "type": "Feature"
  },
  {
   "geometry": {
    "coordinates": [
     [
      4.417282546901649,
      2.2683342808413873
     ],
     [
      4.417282546901649,
      2.2683342808413873
     ]
    ],
    "type": "LineString"
   },
   "properties": {
    "elevation": 230.0
   },
   "type": "Feature"
  },
  {
   "geometry": {
    "coordinates": [
     [
      24.88345650938033,
      2.2342239909039225
     ],
     [
      24.815235929505402,
      2.2342239909039225
     ],
     [
      24.88345650938033,
      2.2342239909039225
     ]
    ],
    "type": "LineString"
   },
   "properties": {
    "elevation": 230.0
   },
   "type": "Feature"
  },
  {
   "geometry": {
    "coordinates": [
     [
      4.434337691870381,
      2.2342239909039225
     ],
     [
      4.434337691870381,
      2.2342239909039225
     ]
    ],
    "type": "LineString"
   },
   "properties": {
    "elevation": 230.0
   },
   "type": "Feature"
  },
  {
   "geometry": {
    "coordinates": [
     [
      24.934621944286526,
      2.183058555997726
     ],
     [
      24.934621944286526,
      2.183058555997726
     ]
    ],
    "type": "LineString"
   },
   "properties": {
    "elevation": 230.0
   },
   "type": "Feature"
  },
  {
   "geometry": {
    "coordinates": [
     [
      0.0,
      0.0
     ],
     [
      0.0,
      13.285957930642411
     ],
     [
      21.66003411028994,
      13.285957930642411
     ],
     [
      21.84764070494599,
      13.251847640704947
     ],
     [
      21.96702671972712,
      13.251847640704947
     ],
     [
      22.052302444570778,
      13.285957930642411
     ],
     [
      22.325184764070496,
      13.285957930642411
     ],
     [
      22.35929505400796,
      13.268902785673678
     ],
     [
      22.410460488914158,
      13.217737350767482
     ],
     [
      22.44457077885162,
      13.20068220579875
     ],
     [
      22.478681068789086,
      13.183627060830018
     ],
     [
      22.581011938601478,
      13.20068220579875
     ],
     [
      22.615122228538944,
      13.20068220579875
     ],
     [
      22.649232518476406,
      13.183627060830018
     ],
     [
      22.700397953382605,
      13.11540648095509
     ],
     [
      22.717453098351335,
      13.149516770892554
     ],
     [
      22.717453098351335,
      13.098351335986356
     ],
     [
      22.7515633882888,
      13.047185901080159
     ],
     [
      22.836839113132463,
      12.944855031267766
     ],
     [
      22.956225127913587,
      12.82546901648664
     ],
     [
      22.990335417851053,
      12.791358726549175
     ],
     [
      23.007390562819783,
      12.791358726549175
     ],
     [
      23.058555997725982,
      12.74019329164298
     ],
     [
      23.092666287663445,
      12.723138146674247
     ],
     [
      23.12677657760091,
      12.723138146674247
     ],
     [
      23.177942012507106,
      12.689027856736782
     ],
     [
      23.246162592382035,
      12.620807276861854
     ],
     [
      23.2802728823195,
      12.58669698692439
     ],
     [
      23.314383172256964,
      12.552586696986925
     ],
     [
      23.43376918703809,
      12.416145537237067
     ],
     [
      23.45082433200682,
      12.382035247299603
     ],
     [
      23.45082433200682,
      12.347924957362137
     ],
     [
      23.484934621944287,
      12.313814667424673
     ],
     [
      23.50198976691302,
      12.279704377487208
     ],
     [
      23.50198976691302,
      12.245594087549744
     ],
     [
      23.51904491188175,
      12.21148379761228
     ],
     [
      23.57021034678795,
      12.160318362706084
     ],
     [
      23.587265491756682,
      12.109152927799887
     ],
     [
      23.65548607163161,
      12.023877202956225
     ],
     [
      23.689596361569073,
      11.98976691301876
     ],
     [
      23.757816941444002,
      11.955656623081296
     ],
     [
      23.911313246162592,
      11.802160318362706
     ],
     [
      23.996588971006254,
      11.682774303581581
     ],
     [
      24.09891984081865,
      11.580443433769187
     ],
     [
      24.150085275724845,
      11.495167708925527
     ],
     [
      24.218305855599773,
      11.409891984081865
     ],
     [
      24.252416145537236,
      11.392836839113132
     ],
     [
      24.26947129050597,
      11.3757816941444
     ],
     [
      24.320636725412168,
      11.307561114269472
     ],
     [
      24.320636725412168,
      11.290505969300739
     ],
     [
      24.440022740193292,
      11.154064809550881
     ],
     [
      24.50824332006822,
      11.051733939738488
     ],
     [
      24.764070494599206,
      10.676520750426379
     ],
     [
      24.781125639567936,
      10.625355315520181
     ],
     [
      24.832291074474135,
      10.574189880613986
     ],
     [
      24.849346219442864,
      10.523024445707788
     ],
     [
      24.900511654349064,
      10.471859010801593
     ],
     [
      24.917566799317793,
      10.420693575895395
     ],
     [
      24.968732234223992,
      10.369528140989198
     ],
     [
      25.054007959067654,
      10.23308698123934
     ],
     [
      25.19044911881751,
      10.011370096645821
     ],
     [
      25.241614553723707,
      9.92609437180216
     ],
     [
      25.275724843661173,
      9.8408186469585
     ],
     [
      25.32689027856737,
      9.789653212052302
     ],
     [
      25.32689027856737,
      9.755542922114838
     ],
     [
      25.36100056850483,
      9.704377487208642
     ],
     [
      25.41216600341103,
      9.653212052302445
     ],
     [
      25.42922114837976,
      9.602046617396248
     ],
     [
      25.463331438317226,
      9.550881182490052
     ],
     [
      25.514496873223422,
      9.499715747583855
     ],
     [
      25.56566230812962,
      9.397384877771461
     ],
     [
      25.65093803297328,
      9.295054007959068
     ],
     [
      25.70210346787948,
      9.192723138146674
     ],
     [
      26.043206367254122,
      8.834565093803297
     ],
     [
      26.060261512222855,
      8.817509948834566
     ],
     [
      26.094371802160317,
      8.783399658897102
     ],
     [
      26.162592382035246,
      8.732234223990904
     ],
     [
      26.213757816941445,
      8.681068789084707
     ],
     [
      26.316088686753837,
      8.54462762933485
     ],
     [
      26.452529846503698,
      8.391131324616259
     ],
     [
      26.623081296191017,
      8.220579874928937
     ],
     [
      26.725412166003412,
      8.101193860147811
     ],
     [
      26.810687890847074,
      7.981807845366686
     ],
     [
      26.9300739056282,
      7.86242183058556
     ],
     [
      27.08357021034679,
      7.657760090960774
     ],
     [
      27.220011370096646,
      7.521318931210915
     ],
     [
      27.373507674815237,
      7.333712336554861
     ],
     [
      27.49289368959636,
      7.163160886867539
     ],
     [
      27.56111426947129,
      7.077885162023877
     ],
     [
      27.64638999431495,
      6.992609437180216
     ],
     [
      27.71461057418988,
      6.890278567367822
     ],
     [
      27.731665719158613,
      6.87322342239909
     ],
     [
      27.78283115406481,
      6.839113132461626
     ],
     [
      27.851051733939737,
      6.736782262649233
     ],
     [
      27.86810687890847,
      6.719727117680501
     ],
     [
      27.970437748720865,
      6.634451392836839
     ],
     [
      28.038658328595794,
      6.532120523024446
     ],
     [
      28.209209778283117,
      6.361569073337123
     ],
     [
      28.277430358158046,
      6.310403638430927
     ],
     [
      28.345650938032975,
      6.276293348493462
     ],
     [
      28.652643547470156,
      5.9693007390562824
     ],
     [
      28.70380898237635,
      5.884025014212621
     ],
     [
      28.942581011938604,
      5.662308129619102
     ],
     [
      29.010801591813532,
      5.594087549744173
     ],
     [
      29.061967026719728,
      5.525866969869244
     ],
     [
      29.14724275156339,
      5.406480955088118
     ],
     [
      29.181353041500852,
      5.355315520181922
     ],
     [
      29.198408186469585,
      5.304150085275725
     ],
     [
      29.24957362137578,
      5.2529846503695286
     ],
     [
      29.266628766344514,
      5.201819215463331
     ],
     [
      29.45423536100057,
      4.997157475838545
     ],
     [
      29.4712905059693,
      4.980102330869813
     ],
     [
      29.505400795906766,
      4.96304718590108
     ],
     [
      29.53951108584423,
      4.96304718590108
     ],
     [
      29.573621375781695,
      4.945992040932348
     ],
     [
      29.60773166571916,
      4.911881750994883
     ],
     [
      29.60773166571916,
      4.894826606026151
     ],
     [
      29.658897100625357,
      4.860716316088687
     ],
     [
      29.69300739056282,
      4.80955088118249
     ],
     [
      29.710062535531552,
      4.741330301307562
     ],
     [
      29.727117680500285,
      4.707220011370096
     ],
     [
      29.812393405343947,
      4.638999431495168
     ],
     [
      29.829448550312677,
      4.6219442865264355
     ],
     [
      29.880613985218876,
      4.553723706651507
     ],
     [
      29.91472427515634,
      4.50255827174531
     ],
     [
      29.93177942012507,
      4.451392836839113
     ],
     [
      29.982944855031267,
      4.400227401932916
     ],
     [
      29.982944855031267,
      0.0
     ],
     [
      0.0,
      0.0
     ]
    ],
    "type": "LineString"
   },
   "properties": {
    "elevation": 240.0
   },
   "type": "Feature"
  },
  {
   "geometry": {
    "coordinates": [
     [
      22.700397953382605,
      13.098351335986356
     ],
     [
      22.700397953382605,
      13.098351335986356
     ]
    ],
    "type": "LineString"
   },
   "properties": {
    "elevation": 240.0
   },
   "type": "Feature"
  },
  {
   "geometry": {
    "coordinates": [
     [
      22.836839113132463,
      12.910744741330301
     ],
     [
      22.836839113132463,
      12.910744741330301
     ]
    ],
    "type": "LineString"
   },
   "properties": {
    "elevation": 240.0
   },
   "type": "Feature"
  },
  {
   "geometry": {
    "coordinates": [
     [
      2.6435474701534964,
      12.05798749289369
     ],
     [
      2.7288231949971573,
      12.05798749289369
     ],
     [
      2.7288231949971573,
      12.109152927799887
     ],
     [
      2.694712905059693,
      12.143263217737351
     ],
     [
      2.6264923251847643,
      12.126208072768618
     ],
     [
      2.6264923251847643,
      12.092097782831154
     ],
     [
      2.6435474701534964,
      12.05798749289369
     ]
    ],
    "type": "LineString"
   },
   "properties": {
    "elevation": 240.0
   },
   "type": "Feature"
  },
  {
   "geometry": {
    "coordinates": [
     [
      6.480955088118249,
      8.08413871517908
     ],
     [
      6.480955088118249,
      8.08413871517908
     ]
    ],
    "type": "LineString"
   },
   "properties": {
    "elevation": 240.0
   },
   "type": "Feature"
  },
  {
   "geometry": {
    "coordinates": [
     [
      6.515065378055714,
      8.067083570210347
     ],
     [
      6.515065378055714,
      8.067083570210347
     ]
    ],
    "type": "LineString"
   },
   "properties": {
    "elevation": 240.0
   },
   "type": "Feature"
  },
  {
   "geometry": {
    "coordinates": [
     [
      26.33314383172257,
      3.0017055144968734
     ],
     [
      26.33314383172257,
      3.05287094940307
     ],
     [
      26.33314383172257,
      3.0017055144968734
     ]
    ],
    "type": "LineString"
   },
   "properties": {
    "elevation": 240.0
   },
   "type": "Feature"
  },
  {
   "geometry": {
    "coordinates": [
     [
      26.350198976691303,
      3.0187606594656056
     ],
     [
      26.350198976691303,
      3.0187606594656056
     ]
    ],
    "type": "LineString"
   },
   "properties": {
    "elevation": 240.0
   },
   "type": "Feature"
  },
  {
   "geometry": {
    "coordinates": [
     [
      8.357021034678795,
      2.370665150653781
     ],
     [
      8.357021034678795,
      2.370665150653781
     ]
    ],
    "type": "LineString"
   },
   "properties": {
    "elevation": 240.0
   },
   "type": "Feature"
  },
  {
   "geometry": {
    "coordinates": [
     [
      8.101193860147811,
      2.2853894258101195
     ],
     [
      8.101193860147811,
      2.2853894258101195
     ]
    ],
    "type": "LineString"
   },
   "properties": {
    "elevation": 240.0
   },
   "type": "Feature"
  },
  {
   "geometry": {
    "coordinates": [
     [
      4.417282546901649,
      2.2683342808413873
     ],
     [
      4.417282546901649,
      2.2683342808413873
     ]
    ],
    "type": "LineString"
   },
   "properties": {
    "elevation": 240.0
   },
   "type": "Feature"
  },
  {
   "geometry": {
    "coordinates": [
     [
      24.88345650938033,
      2.2342239909039225
     ],
     [
      24.815235929505402,
      2.2342239909039225
     ],
     [
      24.88345650938033,
      2.2342239909039225
     ]
    ],
    "type": "LineString"
   },
   "properties": {
    "elevation": 240.0
   },
   "type": "Feature"
  },
  {
   "geometry": {
    "coordinates": [
     [
      4.434337691870381,
      2.2342239909039225
     ],
     [
      4.434337691870381,
      2.2342239909039225
     ]
    ],
    "type": "LineString"
   },
   "properties": {
    "elevation": 240.0
   },
   "type": "Feature"
  },
  {
   "geometry": {
    "coordinates": [
     [
      24.934621944286526,
      2.183058555997726
     ],
     [
      24.934621944286526,
      2.183058555997726
     ]
    ],
    "type": "LineString"
   },
   "properties": {
    "elevation": 240.0
   },
   "type": "Feature"
  },
  {
   "geometry": {
    "coordinates": [
     [
      0.0,
      0.0
     ],
     [
      0.0,
      13.285957930642411
     ],
     [
      18.607163160886866,
      13.285957930642411
     ],
     [
      18.607163160886866,
      13.251847640704947
     ],
     [
      18.641273450824333,
      13.217737350767482
     ],
     [
      18.675383740761795,
      13.20068220579875
     ],
     [
      18.743604320636727,
      13.183627060830018
     ],
     [
      18.828880045480386,
      13.13246162592382
     ],
     [
      18.880045480386585,
      13.098351335986356
     ],
     [
      18.914155770324047,
      13.081296191017623
     ],
     [
      18.93121091529278,
      13.047185901080159
     ],
     [
      18.982376350198976,
      13.013075611142694
     ],
     [
      19.135872654917566,
      12.927799886299034
     ],
     [
      19.476975554292213,
      12.757248436611711
     ],
     [
      19.56225127913587,
      12.723138146674247
     ],
     [
      19.664582148948266,
      12.706083001705515
     ],
     [
      19.76691301876066,
      12.654917566799318
     ],
     [
      19.83513359863559,
      12.637862421830587
     ],
     [
      19.90335417851052,
      12.620807276861854
     ],
     [
      19.98862990335418,
      12.60375213189312
     ],
     [
      20.1591813530415,
      12.58669698692439
     ],
     [
      20.22740193291643,
      12.569641841955656
     ],
     [
      20.363843092666286,
      12.51847640704946
     ],
     [
      20.517339397384877,
      12.501421262080727
     ],
     [
      20.858442296759524,
      12.382035247299603
     ],
     [
      20.943718021603186,
      12.36498010233087
     ],
     [
      21.028993746446844,
      12.36498010233087
     ],
     [
      21.182490051165434,
      12.313814667424673
     ],
     [
      21.31893121091529,
      12.296759522455941
     ],
     [
      21.52359295054008,
      12.296759522455941
     ],
     [
      21.642978965321205,
      12.262649232518477
     ],
     [
      21.711199545196134,
      12.245594087549744
     ],
     [
      21.7453098351336,
      12.228538942581013
     ],
     [
      21.796475270039796,
      12.177373507674815
     ],
     [
      21.864695849914725,
      12.143263217737351
     ],
     [
      21.96702671972712,
      12.092097782831154
     ],
     [
      22.052302444570778,
      12.05798749289369
     ],
     [
      22.103467879476977,
      12.040932347924958
     ],
     [
      22.205798749289368,
      12.023877202956225
     ],
     [
      22.256964184195567,
      11.98976691301876
     ],
     [
      22.325184764070496,
      11.938601478112565
     ],
     [
      22.478681068789086,
      11.870380898237634
     ],
     [
      22.546901648664015,
      11.819215463331439
     ],
     [
      22.59806708357021,
      11.785105173393974
     ],
     [
      22.734508243320068,
      11.631608868675384
     ],
     [
      22.81978396816373,
      11.563388288800455
     ],
     [
      22.81978396816373,
      11.529277998862991
     ],
     [
      22.88800454803866,
      11.44400227401933
     ],
     [
      23.092666287663445,
      11.205230244457079
     ],
     [
      23.143831722569644,
      11.137009664582148
     ],
     [
      23.2802728823195,
      10.949403069926095
     ],
     [
      23.382603752131892,
      10.778851620238772
     ],
     [
      23.51904491188175,
      10.625355315520181
     ],
     [
      23.57021034678795,
      10.557134735645253
     ],
     [
      23.60432063672541,
      10.488914155770324
     ],
     [
      23.65548607163161,
      10.420693575895395
     ],
     [
      23.843092666287664,
      10.23308698123934
     ],
     [
      23.860147811256397,
      10.181921546333143
     ],
     [
      23.928368391131325,
      10.113700966458214
     ],
     [
      24.013644115974987,
      9.960204661739626
     ],
     [
      24.13303013075611,
      9.806708357021035
     ],
     [
      24.218305855599773,
      9.653212052302445
     ],
     [
      24.337691870380898,
      9.499715747583855
     ],
     [
      24.42296759522456,
      9.329164297896533
     ],
     [
      24.474133030130755,
      9.277998862990335
     ],
     [
      24.50824332006822,
      9.192723138146674
     ],
     [
      24.559408754974417,
      9.107447413303014
     ],
     [
      24.610574189880616,
      9.056281978396816
     ],
     [
      24.764070494599206,
      8.800454803865833
     ],
     [
      24.88345650938033,
      8.664013644115975
     ],
     [
      24.968732234223992,
      8.54462762933485
     ],
     [
      24.985787379192725,
      8.493462194428654
     ],
     [
      25.071063104036384,
      8.374076179647528
     ],
     [
      25.122228538942583,
      8.305855599772599
     ],
     [
      25.41216600341103,
      8.015918135304151
     ],
     [
      25.514496873223422,
      7.896532120523025
     ],
     [
      25.58271745309835,
      7.811256395679363
     ],
     [
      25.71915861284821,
      7.589539511085844
     ],
     [
      25.770324047754407,
      7.521318931210915
     ],
     [
      25.85559977259807,
      7.418988061398522
     ],
     [
      26.094371802160317,
      7.180216031836271
     ],
     [
      26.247868106878908,
      6.992609437180216
     ],
     [
      26.299033541785107,
      6.924388857305288
     ],
     [
      26.316088686753837,
      6.87322342239909
     ],
     [
      26.367254121660036,
      6.8050028425241615
     ],
     [
      26.435474701534964,
      6.719727117680501
     ],
     [
      26.537805571347356,
      6.600341102899375
     ],
     [
      26.657191586128484,
      6.498010233086982
     ],
     [
      26.691301876065946,
      6.446844798180785
     ],
     [
      26.70835702103468,
      6.446844798180785
     ],
     [
      26.742467310972145,
      6.41273450824332
     ],
     [
      26.776577600909608,
      6.3786242183058555
     ],
     [
      26.810687890847074,
      6.344513928368391
     ],
     [
      26.878908470722003,
      6.242183058555998
     ],
     [
      26.981239340534394,
      6.139852188743604
     ],
     [
      27.049459920409323,
      6.054576463899943
     ],
     [
      27.151790790221717,
      5.884025014212621
     ],
     [
      27.220011370096646,
      5.79874928936896
     ],
     [
      27.4587833996589,
      5.542922114837976
     ],
     [
      27.61227970437749,
      5.389425810119386
     ],
     [
      27.76577600909608,
      5.270039795338261
     ],
     [
      27.9363274587834,
      5.11654349061967
     ],
     [
      28.106878908470723,
      4.945992040932348
     ],
     [
      28.15804434337692,
      4.877771461057419
     ],
     [
      28.15804434337692,
      4.860716316088687
     ],
     [
      28.24332006822058,
      4.775440591245026
     ],
     [
      28.39681637293917,
      4.6219442865264355
     ],
     [
      28.413871517907904,
      4.604889141557703
     ],
     [
      28.4650369528141,
      4.536668561682775
     ],
     [
      28.482092097782832,
      4.485503126776577
     ],
     [
      28.567367822626494,
      4.383172256964184
     ],
     [
      28.601478112563957,
      4.332006822057988
     ],
     [
      28.652643547470156,
      4.212620807276862
     ],
     [
      28.754974417282547,
      4.04206935758954
     ],
     [
      28.823194997157476,
      3.9738487777146108
     ],
     [
      28.857305287094942,
      3.9056281978396816
     ],
     [
      28.92552586696987,
      3.854462762933485
     ],
     [
      28.959636156907333,
      3.803297328027288
     ],
     [
      28.976691301876066,
      3.786242183058556
     ],
     [
      29.044911881750995,
      3.7350767481523595
     ],
     [
      29.130187606594657,
      3.6839113132461625
     ],
     [
      29.164297896532123,
      3.6668561682774303
     ],
     [
      29.198408186469585,
      3.6839113132461625
     ],
     [
      29.23251847640705,
      3.649801023308698
     ],
     [
      29.23251847640705,
      3.615690733371234
     ],
     [
      29.31779420125071,
      3.496304718590108
     ],
     [
      29.31779420125071,
      3.462194428652644
     ],
     [
      29.351904491188176,
      3.411028993746447
     ],
     [
      29.31779420125071,
      3.342808413871518
     ],
     [
      29.351904491188176,
      3.2234223990903925
     ],
     [
      29.40306992609437,
      3.1722569641841956
     ],
     [
      29.40306992609437,
      3.121091529277999
     ],
     [
      29.420125071063104,
      3.0869812393405343
     ],
     [
      29.45423536100057,
      3.05287094940307
     ],
     [
      29.4712905059693,
      3.0187606594656056
     ],
     [
      29.488345650938033,
      2.9505400795906764
     ],
     [
      29.53951108584423,
      2.677657760090961
     ],
     [
      29.573621375781695,
      2.609437180216032
     ],
     [
      29.590676520750428,
      2.524161455372371
     ],
     [
      29.60773166571916,
      2.4388857305287095
     ],
     [
      29.60773166571916,
      2.319499715747584
     ],
     [
      29.62478681068789,
      2.2171688459351904
     ],
     [
      29.641841955656623,
      2.1318931210915295
     ],
     [
      29.67595224559409,
      2.046617396247868
     ],
     [
      29.67595224559409,
      1.961341671404207
     ],
     [
      29.727117680500285,
      1.7566799317794202
     ],
     [
      29.74417282546902,
      1.671404206935759
     ],
     [
      29.795338260375214,
      1.5861284820920978
     ],
     [
      29.812393405343947,
      1.534963047185901
     ],
     [
      29.795338260375214,
      1.1938601478112565
     ],
     [
      29.795338260375214,
      1.1256395679363276
     ],
     [
      29.829448550312677,
      1.0744741330301308
     ],
     [
      29.77828311540648,
      1.0744741330301308
     ],
     [
      29.761227970437748,
      1.0403638430926663
     ],
     [
      29.74417282546902,
      1.006253553155202
     ],
     [
      29.69300739056282,
      0.8868675383740762
     ],
     [
      29.67595224559409,
      0.801591813530415
     ],
     [
      29.658897100625357,
      0.7674815235929505
     ],
     [
      29.5224559408755,
      0.5457646389994315
     ],
     [
      29.45423536100057,
      0.4604889141557703
     ],
     [
      29.31779420125071,
      0.32404775440591244
     ],
     [
      29.24957362137578,
      0.22171688459351904
     ],
     [
      29.09607731665719,
      0.06822057987492894
     ],
     [
      29.061967026719728,
      0.0
     ],
     [
      0.0,
      0.0
     ]
    ],
    "type": "LineString"
   },
   "properties": {
    "elevation": 250.0
   },
   "type": "Feature"
  },
  {
   "geometry": {
    "coordinates": [
     [
      2.6435474701534964,
      12.05798749289369
     ],
     [
      2.7288231949971573,
      12.05798749289369
     ],
     [
      2.7288231949971573,
      12.109152927799887
     ],
     [
      2.694712905059693,
      12.143263217737351
     ],
     [
      2.6264923251847643,
      12.126208072768618
     ],
     [
      2.6264923251847643,
      12.092097782831154
     ],
     [
      2.6435474701534964,
      12.05798749289369
     ]
    ],
    "type": "LineString"
   },
   "properties": {
    "elevation": 250.0
   },
   "type": "Feature"
  },
  {
   "geometry": {
    "coordinates": [
     [
      6.480955088118249,
      8.08413871517908
     ],
     [
      6.480955088118249,
      8.08413871517908
     ]
    ],
    "type": "LineString"
   },
   "properties": {
    "elevation": 250.0
   },
   "type": "Feature"
  },
  {
   "geometry": {
    "coordinates": [
     [
      6.515065378055714,
      8.067083570210347
     ],
     [
      6.515065378055714,
      8.067083570210347
     ]
    ],
    "type": "LineString"
   },
   "properties": {
    "elevation": 250.0
   },
   "type": "Feature"
  },
  {
   "geometry": {
    "coordinates": [
     [
      26.33314383172257,
      3.0017055144968734
     ],
     [
      26.33314383172257,
      3.05287094940307
     ],
     [
      26.33314383172257,
      3.0017055144968734
     ]
    ],
    "type": "LineString"
   },
   "properties": {
    "elevation": 250.0
   },
   "type": "Feature"
  },
  {
   "geometry": {
    "coordinates": [
     [
      26.350198976691303,
      3.0187606594656056
     ],
     [
      26.350198976691303,
      3.0187606594656056
     ]
    ],
    "type": "LineString"
   },
   "properties": {
    "elevation": 250.0
   },
   "type": "Feature"
  },
  {
   "geometry": {
    "coordinates": [
     [
      8.357021034678795,
      2.370665150653781
     ],
     [
      8.357021034678795,
      2.370665150653781
     ]
    ],
    "type": "LineString"
   },
   "properties": {
    "elevation": 250.0
   },
   "type": "Feature"
  },
  {
   "geometry": {
    "coordinates": [
     [
      8.101193860147811,
      2.2853894258101195
     ],
     [
      8.101193860147811,
      2.2853894258101195
     ]
    ],
    "type": "LineString"
   },
   "properties": {
    "elevation": 250.0
   },
   "type": "Feature"
  },
  {
   "geometry": {
    "coordinates": [
     [
      4.417282546901649,
      2.2683342808413873
     ],
     [
      4.417282546901649,
      2.2683342808413873
     ]
    ],
    "type": "LineString"
   },
   "properties": {
    "elevation": 250.0
   },
   "type": "Feature"
  },
  {
   "geometry": {
    "coordinates": [
     [
      24.88345650938033,
      2.2342239909039225
     ],
     [
      24.815235929505402,
      2.2342239909039225
     ],
     [
      24.88345650938033,
      2.2342239909039225
     ]
    ],
    "type": "LineString"
   },
   "properties": {
    "elevation": 250.0
   },
   "type": "Feature"
  },
  {
   "geometry": {
    "coordinates": [
     [
      4.434337691870381,
      2.2342239909039225
     ],
     [
      4.434337691870381,
      2.2342239909039225
     ]
    ],
    "type": "LineString"
   },
   "properties": {
    "elevation": 250.0
   },
   "type": "Feature"
  },
  {
   "geometry": {
    "coordinates": [
     [
      24.934621944286526,
      2.183058555997726
     ],
     [
      24.934621944286526,
      2.183058555997726
     ]
    ],
    "type": "LineString"
   },
   "properties": {
    "elevation": 250.0
   },
   "type": "Feature"
  },
  {
   "geometry": {
    "coordinates": [
     [
      0.0,
      0.0
     ],
     [
      0.0,
      13.285957930642411
     ],
     [
      18.607163160886866,
      13.285957930642411
     ],
     [
      18.607163160886866,
      13.251847640704947
     ],
     [
      18.641273450824333,
      13.217737350767482
     ],
     [
      18.675383740761795,
      13.20068220579875
     ],
     [
      18.743604320636727,
      13.183627060830018
     ],
     [
      18.828880045480386,
      13.13246162592382
     ],
     [
      18.880045480386585,
      13.098351335986356
     ],
     [
      18.914155770324047,
      13.081296191017623
     ],
     [
      18.93121091529278,
      13.047185901080159
     ],
     [
      18.982376350198976,
      13.013075611142694
     ],
     [
      19.135872654917566,
      12.927799886299034
     ],
     [
      19.476975554292213,
      12.757248436611711
     ],
     [
      19.56225127913587,
      12.723138146674247
     ],
     [
      19.664582148948266,
      12.706083001705515
     ],
     [
      19.76691301876066,
      12.654917566799318
     ],
     [
      19.83513359863559,
      12.637862421830587
     ],
     [
      19.90335417851052,
      12.620807276861854
     ],
     [
      19.98862990335418,
      12.60375213189312
     ],
     [
      20.1591813530415,
      12.58669698692439
     ],
     [
      20.22740193291643,
      12.569641841955656
     ],
     [
      20.363843092666286,
      12.51847640704946
     ],
     [
      20.517339397384877,
      12.501421262080727
     ],
     [
      20.858442296759524,
      12.382035247299603
     ],
     [
      20.943718021603186,
      12.36498010233087
     ],
     [
      21.028993746446844,
      12.36498010233087
     ],
     [
      21.182490051165434,
      12.313814667424673
     ],
     [
      21.31893121091529,
      12.296759522455941
     ],
     [
      21.52359295054008,
      12.296759522455941
     ],
     [
      21.642978965321205,
      12.262649232518477
     ],
     [
      21.711199545196134,
      12.245594087549744
     ],
     [
      21.7453098351336,
      12.228538942581013
     ],
     [
      21.796475270039796,
      12.177373507674815
     ],
     [
      21.864695849914725,
      12.143263217737351
     ],
     [
      21.96702671972712,
      12.092097782831154
     ],
     [
      22.052302444570778,
      12.05798749289369
     ],
     [
      22.103467879476977,
      12.040932347924958
     ],
     [
      22.205798749289368,
      12.023877202956225
     ],
     [
      22.256964184195567,
      11.98976691301876
     ],
     [
      22.325184764070496,
      11.938601478112565
     ],
     [
      22.478681068789086,
      11.870380898237634
     ],
     [
      22.546901648664015,
      11.819215463331439
     ],
     [
      22.59806708357021,
      11.785105173393974
     ],
     [
      22.734508243320068,
      11.631608868675384
     ],
     [
      22.81978396816373,
      11.563388288800455
     ],
     [
      22.81978396816373,
      11.529277998862991
     ],
     [
      22.88800454803866,
      11.44400227401933
     ],
     [
      23.092666287663445,
      11.205230244457079
     ],
     [
      23.143831722569644,
      11.137009664582148
     ],
     [
      23.2802728823195,
      10.949403069926095
     ],
     [
      23.382603752131892,
      10.778851620238772
     ],
     [
      23.51904491188175,
      10.625355315520181
     ],
     [
      23.57021034678795,
      10.557134735645253
     ],
     [
      23.60432063672541,
      10.488914155770324
     ],
     [
      23.65548607163161,
      10.420693575895395
     ],
     [
      23.843092666287664,
      10.23308698123934
     ],
     [
      23.860147811256397,
      10.181921546333143
     ],
     [
      23.928368391131325,
      10.113700966458214
     ],
     [
      24.013644115974987,
      9.960204661739626
     ],
     [
      24.13303013075611,
      9.806708357021035
     ],
     [
      24.218305855599773,
      9.653212052302445
     ],
     [
      24.337691870380898,
      9.499715747583855
     ],
     [
      24.42296759522456,
      9.329164297896533
     ],
     [
      24.474133030130755,
      9.277998862990335
     ],
     [
      24.50824332006822,
      9.192723138146674
     ],
     [
      24.559408754974417,
      9.107447413303014
     ],
     [
      24.610574189880616,
      9.056281978396816
     ],
     [
      24.764070494599206,
      8.800454803865833
     ],
     [
      24.88345650938033,
      8.664013644115975
     ],
     [
      24.968732234223992,
      8.54462762933485
     ],
     [
      24.985787379192725,
      8.493462194428654
     ],
     [
      25.071063104036384,
      8.374076179647528
     ],
     [
      25.122228538942583,
      8.305855599772599
     ],
     [
      25.41216600341103,
      8.015918135304151
     ],
     [
      25.514496873223422,
      7.896532120523025
     ],
     [
      25.58271745309835,
      7.811256395679363
     ],
     [
      25.71915861284821,
      7.589539511085844
     ],
     [
      25.770324047754407,
      7.521318931210915
     ],
     [
      25.85559977259807,
      7.418988061398522
     ],
     [
      26.094371802160317,
      7.180216031836271
     ],
     [
      26.247868106878908,
      6.992609437180216
     ],
     [
      26.299033541785107,
      6.924388857305288
     ],
     [
      26.316088686753837,
      6.87322342239909
     ],
     [
      26.367254121660036,
      6.8050028425241615
     ],
     [
      26.435474701534964,
      6.719727117680501
     ],
     [
      26.537805571347356,
      6.600341102899375
     ],
     [
      26.657191586128484,
      6.498010233086982
     ],
     [
      26.691301876065946,
      6.446844798180785
     ],
     [
      26.70835702103468,
      6.446844798180785
     ],
     [
      26.742467310972145,
      6.41273450824332
     ],
     [
      26.776577600909608,
      6.3786242183058555
     ],
     [
      26.810687890847074,
      6.344513928368391
     ],
     [
      26.878908470722003,
      6.242183058555998
     ],
     [
      26.981239340534394,
      6.139852188743604
     ],
     [
      27.049459920409323,
      6.054576463899943
     ],
     [
      27.151790790221717,
      5.884025014212621
     ],
     [
      27.220011370096646,
      5.79874928936896
     ],
     [
      27.4587833996589,
      5.542922114837976
     ],
     [
      27.61227970437749,
      5.389425810119386
     ],
     [
      27.76577600909608,
      5.270039795338261
     ],
     [
      27.9363274587834,
      5.11654349061967
     ],
     [
      28.106878908470723,
      4.945992040932348
     ],
     [
      28.15804434337692,
      4.877771461057419
     ],
     [
      28.15804434337692,
      4.860716316088687
     ],
     [
      28.24332006822058,
      4.775440591245026
     ],
     [
      28.39681637293917,
      4.6219442865264355
     ],
     [
      28.413871517907904,
      4.604889141557703
     ],
     [
      28.4650369528141,
      4.536668561682775
     ],
     [
      28.482092097782832,
      4.485503126776577
     ],
     [
      28.567367822626494,
      4.383172256964184
     ],
     [
      28.601478112563957,
      4.332006822057988
     ],
     [
      28.652643547470156,
      4.212620807276862
     ],
     [
      28.754974417282547,
      4.04206935758954
     ],
     [
      28.823194997157476,
      3.9738487777146108
     ],
     [
      28.857305287094942,
      3.9056281978396816
     ],
     [
      28.92552586696987,
      3.854462762933485
     ],
     [
      28.959636156907333,
      3.803297328027288
     ],
     [
      28.976691301876066,
      3.786242183058556
     ],
     [
      29.044911881750995,
      3.7350767481523595
     ],
     [
      29.130187606594657,
      3.6839113132461625
     ],
     [
      29.164297896532123,
      3.6668561682774303
     ],
     [
      29.198408186469585,
      3.6839113132461625
     ],
     [
      29.23251847640705,
      3.649801023308698
     ],
     [
      29.23251847640705,
      3.615690733371234
     ],
     [
      29.31779420125071,
      3.496304718590108
     ],
     [
      29.31779420125071,
      3.462194428652644
     ],
     [
      29.351904491188176,
      3.411028993746447
     ],
     [
      29.31779420125071,
      3.342808413871518
     ],
     [
      29.351904491188176,
      3.2234223990903925
     ],
     [
      29.40306992609437,
      3.1722569641841956
     ],
     [
      29.40306992609437,
      3.121091529277999
     ],
     [
      29.420125071063104,
      3.0869812393405343
     ],
     [
      29.45423536100057,
      3.05287094940307
     ],
     [
      29.4712905059693,
      3.0187606594656056
     ],
     [
      29.488345650938033,
      2.9505400795906764
     ],
     [
      29.53951108584423,
      2.677657760090961
     ],
     [
      29.573621375781695,
      2.609437180216032
     ],
     [
      29.590676520750428,
      2.524161455372371
     ],
     [
      29.60773166571916,
      2.4388857305287095
     ],
     [
      29.60773166571916,
      2.319499715747584
     ],
     [
      29.62478681068789,
      2.2171688459351904
     ],
     [
      29.641841955656623,
      2.1318931210915295
     ],
     [
      29.67595224559409,
      2.046617396247868
     ],
     [
      29.67595224559409,
      1.961341671404207
     ],
     [
      29.727117680500285,
      1.7566799317794202
     ],
     [
      29.74417282546902,
      1.671404206935759
     ],
     [
      29.795338260375214,
      1.5861284820920978
     ],
     [
      29.812393405343947,
      1.534963047185901
     ],
     [
      29.795338260375214,
      1.1938601478112565
     ],
     [
      29.795338260375214,
      1.1256395679363276
     ],
     [
      29.829448550312677,
      1.0744741330301308
     ],
     [
      29.77828311540648,
      1.0744741330301308
     ],
     [
      29.761227970437748,
      1.0403638430926663
     ],
     [
      29.74417282546902,
      1.006253553155202
     ],
     [
      29.69300739056282,
      0.8868675383740762
     ],
     [
      29.67595224559409,
      0.801591813530415
     ],
     [
      29.658897100625357,
      0.7674815235929505
     ],
     [
      29.5224559408755,
      0.5457646389994315
     ],
     [
      29.45423536100057,
      0.4604889141557703
     ],
     [
      29.31779420125071,
      0.32404775440591244
     ],
     [
      29.24957362137578,
      0.22171688459351904
     ],
     [
      29.09607731665719,
      0.06822057987492894
     ],
     [
      29.061967026719728,
      0.0
     ],
     [
      24.218305855599773,
      0.0
     ],
     [
      24.184195565662307,
      0.03411028993746447
     ],
     [
      24.09891984081865,
      0.10233086981239341
     ],
     [
      24.013644115974987,
      0.13644115974985788
     ],
     [
      23.928368391131325,
      0.20466173962478681
     ],
     [
      23.89425810119386,
      0.22171688459351904
     ],
     [
      23.860147811256397,
      0.2387720295622513
     ],
     [
      23.8089823763502,
      0.2558271745309835
     ],
     [
      23.706651506537806,
      0.27288231949971575
     ],
     [
      23.587265491756682,
      0.32404775440591244
     ],
     [
      23.484934621944287,
      0.3752131893121092
     ],
     [
      23.45082433200682,
      0.40932347924957363
     ],
     [
      23.314383172256964,
      0.4775440591245026
     ],
     [
      23.263217737350768,
      0.4945992040932348
     ],
     [
      23.212052302444572,
      0.4945992040932348
     ],
     [
      23.007390562819783,
      0.579874928936896
     ],
     [
      22.939169982944854,
      0.5969300739056282
     ],
     [
      22.870949403069925,
      0.6139852188743604
     ],
     [
      22.785673678226264,
      0.6310403638430927
     ],
     [
      22.700397953382605,
      0.6480955088118249
     ],
     [
      22.563956793632748,
      0.6651506537805572
     ],
     [
      22.393405343945425,
      0.6822057987492893
     ],
     [
      22.29107447413303,
      0.6822057987492893
     ],
     [
      22.154633314383172,
      0.6480955088118249
     ],
     [
      21.91586128482092,
      0.6651506537805572
     ],
     [
      21.796475270039796,
      0.6651506537805572
     ],
     [
      21.711199545196134,
      0.6480955088118249
     ],
     [
      21.608868675383743,
      0.5969300739056282
     ],
     [
      21.404206935758953,
      0.5969300739056282
     ],
     [
      21.353041500852758,
      0.6310403638430927
     ],
     [
      21.233655486071633,
      0.6310403638430927
     ],
     [
      21.14837976122797,
      0.6139852188743604
     ],
     [
      21.097214326321772,
      0.5969300739056282
     ],
     [
      21.028993746446844,
      0.5628197839681638
     ],
     [
      20.960773166571915,
      0.511654349061967
     ],
     [
      20.926662876634452,
      0.4945992040932348
     ],
     [
      20.858442296759524,
      0.4775440591245026
     ],
     [
      20.773166571915862,
      0.4604889141557703
     ],
     [
      20.739056281978396,
      0.4604889141557703
     ],
     [
      20.722001137009666,
      0.4775440591245026
     ],
     [
      20.653780557134738,
      0.4945992040932348
     ],
     [
      20.415008527572486,
      0.4775440591245026
     ],
     [
      20.329732802728824,
      0.4775440591245026
     ],
     [
      20.261512222853895,
      0.4945992040932348
     ],
     [
      20.193291642978966,
      0.511654349061967
     ],
     [
      20.1591813530415,
      0.5287094940306992
     ],
     [
      20.125071063104038,
      0.5457646389994315
     ],
     [
      20.039795338260376,
      0.6139852188743604
     ],
     [
      19.869243888573052,
      0.6822057987492893
     ],
     [
      19.76691301876066,
      0.6992609437180216
     ],
     [
      19.715747583854462,
      0.6992609437180216
     ],
     [
      19.579306424104605,
      0.6822057987492893
     ],
     [
      19.494030699260943,
      0.6480955088118249
     ],
     [
      19.340534394542352,
      0.6310403638430927
     ],
     [
      19.23820352472996,
      0.6310403638430927
     ],
     [
      19.067652075042638,
      0.6480955088118249
     ],
     [
      18.99943149516771,
      0.6310403638430927
     ],
     [
      18.948266060261513,
      0.6139852188743604
     ],
     [
      18.914155770324047,
      0.579874928936896
     ],
     [
      18.914155770324047,
      0.5628197839681638
     ],
     [
      18.86299033541785,
      0.511654349061967
     ],
     [
      18.811824900511656,
      0.4775440591245026
     ],
     [
      18.760659465605457,
      0.4775440591245026
     ],
     [
      18.726549175667994,
      0.4604889141557703
     ],
     [
      18.675383740761795,
      0.40932347924957363
     ],
     [
      18.573052870949404,
      0.40932347924957363
     ],
     [
      18.504832291074475,
      0.42637862421830586
     ],
     [
      18.40250142126208,
      0.4604889141557703
     ],
     [
      18.30017055144969,
      0.511654349061967
     ],
     [
      18.24900511654349,
      0.5287094940306992
     ],
     [
      18.18078453666856,
      0.5287094940306992
     ],
     [
      18.044343376918704,
      0.4945992040932348
     ],
     [
      17.907902217168846,
      0.4945992040932348
     ],
     [
      17.822626492325185,
      0.4775440591245026
     ],
     [
      17.754405912450256,
      0.4434337691870381
     ],
     [
      17.669130187606594,
      0.40932347924957363
     ],
     [
      17.566799317794203,
      0.35815804434337695
     ],
     [
      17.39624786810688,
      0.27288231949971575
     ],
     [
      17.24275156338829,
      0.1876065946560546
     ],
     [
      17.157475838544627,
      0.13644115974985788
     ],
     [
      17.02103467879477,
      0.03411028993746447
     ],
     [
      16.969869243888574,
      0.0
     ],
     [
      0.0,
      0.0
     ]
    ],
    "type": "LineString"
   },
   "properties": {
    "elevation": 260.0
   },
   "type": "Feature"
  },
  {
   "geometry": {
    "coordinates": [
     [
      2.6435474701534964,
      12.05798749289369
     ],
     [
      2.7288231949971573,
      12.05798749289369
     ],
     [
      2.7288231949971573,
      12.109152927799887
     ],
     [
      2.694712905059693,
      12.143263217737351
     ],
     [
      2.6264923251847643,
      12.126208072768618
     ],
     [
      2.6264923251847643,
      12.092097782831154
     ],
     [
      2.6435474701534964,
      12.05798749289369
     ]
    ],
    "type": "LineString"
   },
   "properties": {
    "elevation": 260.0
   },
   "type": "Feature"
  },
  {
   "geometry": {
    "coordinates": [
     [
      6.480955088118249,
      8.08413871517908
     ],
     [
      6.480955088118249,
      8.08413871517908
     ]
    ],
    "type": "LineString"
   },
   "properties": {
    "elevation": 260.0
   },
   "type": "Feature"
  },
  {
   "geometry": {
    "coordinates": [
     [
      6.515065378055714,
      8.067083570210347
     ],
     [
      6.515065378055714,
      8.067083570210347
     ]
    ],
    "type": "LineString"
   },
   "properties": {
    "elevation": 260.0
   },
   "type": "Feature"
  },
  {
   "geometry": {
    "coordinates": [
     [
      26.33314383172257,
      3.0017055144968734
     ],
     [
      26.33314383172257,
      3.05287094940307
     ],
     [
      26.33314383172257,
      3.0017055144968734
     ]
    ],
    "type": "LineString"
   },
   "properties": {
    "elevation": 260.0
   },
   "type": "Feature"
  },
  {
   "geometry": {
    "coordinates": [
     [
      26.350198976691303,
      3.0187606594656056
     ],
     [
      26.350198976691303,
      3.0187606594656056
     ]
    ],
    "type": "LineString"
   },
   "properties": {
    "elevation": 260.0
   },
   "type": "Feature"
  },
  {
   "geometry": {
    "coordinates": [
     [
      8.357021034678795,
      2.370665150653781
     ],
     [
      8.357021034678795,
      2.370665150653781
     ]
    ],
    "type": "LineString"
   },
   "properties": {
    "elevation": 260.0
   },
   "type": "Feature"
  },
  {
   "geometry": {
    "coordinates": [
     [
      8.101193860147811,
      2.2853894258101195
     ],
     [
      8.101193860147811,
      2.2853894258101195
     ]
    ],
    "type": "LineString"
   },
   "properties": {
    "elevation": 260.0
   },
   "type": "Feature"
  },
  {
   "geometry": {
    "coordinates": [
     [
      4.417282546901649,
      2.2683342808413873
     ],
     [
      4.417282546901649,
      2.2683342808413873
     ]
    ],
    "type": "LineString"
   },
   "properties": {
    "elevation": 260.0
   },
   "type": "Feature"
  },
  {
   "geometry": {
    "coordinates": [
     [
      24.88345650938033,
      2.2342239909039225
     ],
     [
      24.815235929505402,
      2.2342239909039225
     ],
     [
      24.88345650938033,
      2.2342239909039225
     ]
    ],
    "type": "LineString"
   },
   "properties": {
    "elevation": 260.0
   },
   "type": "Feature"
  },
  {
   "geometry": {
    "coordinates": [
     [
      4.434337691870381,
      2.2342239909039225
     ],
     [
      4.434337691870381,
      2.2342239909039225
     ]
    ],
    "type": "LineString"
   },
   "properties": {
    "elevation": 260.0
   },
   "type": "Feature"
  },
  {
   "geometry": {
    "coordinates": [
     [
      24.934621944286526,
      2.183058555997726
     ],
     [
      24.934621944286526,
      2.183058555997726
     ]
    ],
    "type": "LineString"
   },
   "properties": {
    "elevation": 260.0
   },
   "type": "Feature"
  },
  {
   "geometry": {
    "coordinates": [
     [
      0.0,
      0.0
     ],
     [
      0.0,
      13.285957930642411
     ],
     [
      15.895395110858443,
      13.285957930642411
     ],
     [
      15.912450255827174,
      13.251847640704947
     ],
     [
      15.946560545764639,
      13.251847640704947
     ],
     [
      15.980670835702103,
      13.217737350767482
     ],
     [
      16.134167140420693,
      13.149516770892554
     ],
     [
      16.27060830017055,
      13.098351335986356
     ],
     [
      16.49232518476407,
      13.013075611142694
     ],
     [
      16.628766344513927,
      12.961910176236499
     ],
     [
      16.679931779420127,
      12.944855031267766
     ],
     [
      16.731097214326322,
      12.927799886299034
     ],
     [
      16.850483229107446,
      12.910744741330301
     ],
     [
      17.038089823763503,
      12.842524161455373
     ],
     [
      17.17453098351336,
      12.791358726549175
     ],
     [
      17.430358158044342,
      12.654917566799318
     ],
     [
      17.583854462762933,
      12.60375213189312
     ],
     [
      17.669130187606594,
      12.60375213189312
     ],
     [
      17.720295622512793,
      12.58669698692439
     ],
     [
      17.754405912450256,
      12.569641841955656
     ],
     [
      17.839681637293918,
      12.501421262080727
     ],
     [
      17.92495736213758,
      12.450255827174532
     ],
     [
      17.959067652075042,
      12.450255827174532
     ],
     [
      17.993177942012508,
      12.416145537237067
     ],
     [
      18.163729391699828,
      12.262649232518477
     ],
     [
      18.31722569641842,
      12.160318362706084
     ],
     [
      18.538942581011938,
      12.023877202956225
     ],
     [
      18.675383740761795,
      11.955656623081296
     ],
     [
      18.86299033541785,
      11.870380898237634
     ],
     [
      18.99943149516771,
      11.819215463331439
     ],
     [
      19.101762364980104,
      11.802160318362706
     ],
     [
      19.1529277998863,
      11.768050028425241
     ],
     [
      19.204093234792495,
      11.75099488345651
     ],
     [
      19.30642410460489,
      11.733939738487777
     ],
     [
      19.61341671404207,
      11.614553723706651
     ],
     [
      19.732802728823195,
      11.59749857873792
     ],
     [
      19.85218874360432,
      11.546333143831722
     ],
     [
      19.92040932347925,
      11.546333143831722
     ],
     [
      20.09096077316657,
      11.478112563956794
     ],
     [
      20.1591813530415,
      11.461057418988062
     ],
     [
      20.31267765776009,
      11.44400227401933
     ],
     [
      20.6878908470722,
      11.341671404206936
     ],
     [
      20.875497441728257,
      11.324616259238203
     ],
     [
      20.960773166571915,
      11.290505969300739
     ],
     [
      21.06310403638431,
      11.273450824332008
     ],
     [
      21.267765776009096,
      11.256395679363274
     ],
     [
      21.455372370665152,
      11.188175099488346
     ],
     [
      21.52359295054008,
      11.188175099488346
     ],
     [
      21.59181353041501,
      11.171119954519614
     ],
     [
      21.67708925525867,
      11.119954519613417
     ],
     [
      21.7453098351336,
      11.06878908470722
     ],
     [
      21.76236498010233,
      11.051733939738488
     ],
     [
      21.89880613985219,
      10.881182490051165
     ],
     [
      21.96702671972712,
      10.83001705514497
     ],
     [
      22.12052302444571,
      10.659465605457646
     ],
     [
      22.393405343945425,
      10.352472996020467
     ],
     [
      22.529846503695282,
      10.198976691301876
     ],
     [
      22.615122228538944,
      10.096645821489483
     ],
     [
      22.717453098351335,
      9.977259806708357
     ],
     [
      22.785673678226264,
      9.874928936895964
     ],
     [
      22.90505969300739,
      9.738487777146107
     ],
     [
      22.97328027288232,
      9.68732234223991
     ],
     [
      22.97328027288232,
      9.61910176236498
     ],
     [
      23.024445707788516,
      9.533826037521319
     ],
     [
      23.109721432632178,
      9.397384877771461
     ],
     [
      23.143831722569644,
      9.346219442865264
     ],
     [
      23.177942012507106,
      9.295054007959068
     ],
     [
      23.246162592382035,
      9.22683342808414
     ],
     [
      23.263217737350768,
      9.175667993177942
     ],
     [
      23.34849346219443,
      9.07333712336555
     ],
     [
      23.382603752131892,
      9.022171688459352
     ],
     [
      23.45082433200682,
      8.885730528709495
     ],
     [
      23.50198976691302,
      8.834565093803297
     ],
     [
      23.553155201819216,
      8.749289368959637
     ],
     [
      23.587265491756682,
      8.681068789084707
     ],
     [
      23.60432063672541,
      8.612848209209778
     ],
     [
      23.621375781694145,
      8.578737919272314
     ],
     [
      23.67254121660034,
      8.493462194428654
     ],
     [
      23.72370665150654,
      8.408186469584992
     ],
     [
      23.860147811256397,
      8.186469584991473
     ],
     [
      23.996588971006254,
      8.015918135304151
     ],
     [
      24.013644115974987,
      7.964752700397954
     ],
     [
      24.064809550881183,
      7.913587265491757
     ],
     [
      24.081864695849916,
      7.86242183058556
     ],
     [
      24.150085275724845,
      7.777146105741899
     ],
     [
      24.26947129050597,
      7.6407049459920415
     ],
     [
      24.303581580443435,
      7.572484366117112
     ],
     [
      24.474133030130755,
      7.384877771461057
     ],
     [
      24.57646389994315,
      7.231381466742468
     ],
     [
      24.695849914724274,
      7.094940306992609
     ],
     [
      24.832291074474135,
      6.958499147242752
     ],
     [
      24.934621944286526,
      6.839113132461626
     ],
     [
      25.03695281409892,
      6.719727117680501
     ],
     [
      25.343945423536102,
      6.344513928368391
     ],
     [
      25.395110858442298,
      6.276293348493462
     ],
     [
      25.446276293348493,
      6.208072768618534
     ],
     [
      25.463331438317226,
      6.156907333712336
     ],
     [
      25.531552018192155,
      6.0716316088686755
     ],
     [
      25.58271745309835,
      6.003411028993747
     ],
     [
      25.667993177942012,
      5.901080159181353
     ],
     [
      25.85559977259807,
      5.713473564525299
     ],
     [
      25.95793064241046,
      5.5599772598067085
     ],
     [
      26.02615122228539,
      5.49175667993178
     ],
     [
      26.094371802160317,
      5.406480955088118
     ],
     [
      26.11142694712905,
      5.355315520181922
     ],
     [
      26.26492325184764,
      5.1335986355884025
     ],
     [
      26.316088686753837,
      5.065378055713474
     ],
     [
      26.384309266628765,
      4.980102330869813
     ],
     [
      26.452529846503698,
      4.894826606026151
     ],
     [
      26.537805571347356,
      4.80955088118249
     ],
     [
      26.674246731097213,
      4.707220011370096
     ],
     [
      26.691301876065946,
      4.690164866401364
     ],
     [
      26.79363274587834,
      4.553723706651507
     ],
     [
      26.998294485503127,
      4.34906196702672
     ],
     [
      27.08357021034679,
      4.229675952245594
     ],
     [
      27.4587833996589,
      3.854462762933485
     ],
     [
      27.527003979533827,
      3.7521318931210916
     ],
     [
      27.578169414440023,
      3.700966458214895
     ],
     [
      27.663445139283684,
      3.6839113132461625
     ],
     [
      27.680500284252417,
      3.6668561682774303
     ],
     [
      27.680500284252417,
      3.649801023308698
     ],
     [
      27.748720864127346,
      3.564525298465037
     ],
     [
      27.851051733939737,
      3.411028993746447
     ],
     [
      27.86810687890847,
      3.3769187038089825
     ],
     [
      27.902217168845937,
      3.291642978965321
     ],
     [
      27.9363274587834,
      3.1722569641841956
     ],
     [
      28.004548038658328,
      3.0187606594656056
     ],
     [
      28.106878908470723,
      2.848209209778283
     ],
     [
      28.106878908470723,
      2.8140989198408186
     ],
     [
      28.17509948834565,
      2.677657760090961
     ],
     [
      28.328595793064242,
      2.4218305855599773
     ],
     [
      28.345650938032975,
      2.370665150653781
     ],
     [
      28.362706083001704,
      2.319499715747584
     ],
     [
      28.413871517907904,
      2.1318931210915295
     ],
     [
      28.447981807845366,
      1.9954519613416715
     ],
     [
      28.447981807845366,
      1.9442865264354747
     ],
     [
      28.430926662876637,
      1.9272313814667426
     ],
     [
      28.413871517907904,
      1.8419556566230812
     ],
     [
      28.39681637293917,
      1.5690733371233656
     ],
     [
      28.39681637293917,
      1.4837976122797043
     ],
     [
      28.413871517907904,
      1.1256395679363276
     ],
     [
      28.39681637293917,
      1.0744741330301308
     ],
     [
      28.379761227970437,
      1.023308698123934
     ],
     [
      28.328595793064242,
      0.9209778283115406
     ],
     [
      28.24332006822058,
      0.7674815235929505
     ],
     [
      28.192154633314384,
      0.6822057987492893
     ],
     [
      28.15804434337692,
      0.6310403638430927
     ],
     [
      28.123934053439456,
      0.579874928936896
     ],
     [
      28.072768618533257,
      0.511654349061967
     ],
     [
      28.004548038658328,
      0.42637862421830586
     ],
     [
      27.851051733939737,
      0.27288231949971575
     ],
     [
      27.78283115406481,
      0.22171688459351904
     ],
     [
      27.71461057418988,
      0.1876065946560546
     ],
     [
      27.64638999431495,
      0.11938601478112565
     ],
     [
      27.578169414440023,
      0.08527572484366117
     ],
     [
      27.527003979533827,
      0.051165434906196704
     ],
     [
      27.49289368959636,
      0.0
     ],
     [
      24.218305855599773,
      0.0
     ],
     [
      24.184195565662307,
      0.03411028993746447
     ],
     [
      24.09891984081865,
      0.10233086981239341
     ],
     [
      24.013644115974987,
      0.13644115974985788
     ],
     [
      23.928368391131325,
      0.20466173962478681
     ],
     [
      23.89425810119386,
      0.22171688459351904
     ],
     [
      23.860147811256397,
      0.2387720295622513
     ],
     [
      23.8089823763502,
      0.2558271745309835
     ],
     [
      23.706651506537806,
      0.27288231949971575
     ],
     [
      23.587265491756682,
      0.32404775440591244
     ],
     [
      23.484934621944287,
      0.3752131893121092
     ],
     [
      23.45082433200682,
      0.40932347924957363
     ],
     [
      23.314383172256964,
      0.4775440591245026
     ],
     [
      23.263217737350768,
      0.4945992040932348
     ],
     [
      23.212052302444572,
      0.4945992040932348
     ],
     [
      23.007390562819783,
      0.579874928936896
     ],
     [
      22.939169982944854,
      0.5969300739056282
     ],
     [
      22.870949403069925,
      0.6139852188743604
     ],
     [
      22.785673678226264,
      0.6310403638430927
     ],
     [
      22.700397953382605,
      0.6480955088118249
     ],
     [
      22.563956793632748,
      0.6651506537805572
     ],
     [
      22.393405343945425,
      0.6822057987492893
     ],
     [
      22.29107447413303,
      0.6822057987492893
     ],
     [
      22.154633314383172,
      0.6480955088118249
     ],
     [
      21.91586128482092,
      0.6651506537805572
     ],
     [
      21.796475270039796,
      0.6651506537805572
     ],
     [
      21.711199545196134,
      0.6480955088118249
     ],
     [
      21.608868675383743,
      0.5969300739056282
     ],
     [
      21.404206935758953,
      0.5969300739056282
     ],
     [
      21.353041500852758,
      0.6310403638430927
     ],
     [
      21.233655486071633,
      0.6310403638430927
     ],
     [
      21.14837976122797,
      0.6139852188743604
     ],
     [
      21.097214326321772,
      0.5969300739056282
     ],
     [
      21.028993746446844,
      0.5628197839681638
     ],
     [
      20.960773166571915,
      0.511654349061967
     ],
     [
      20.926662876634452,
      0.4945992040932348
     ],
     [
      20.858442296759524,
      0.4775440591245026
     ],
     [
      20.773166571915862,
      0.4604889141557703
     ],
     [
      20.739056281978396,
      0.4604889141557703
     ],
     [
      20.722001137009666,
      0.4775440591245026
     ],
     [
      20.653780557134738,
      0.4945992040932348
     ],
     [
      20.415008527572486,
      0.4775440591245026
     ],
     [
      20.329732802728824,
      0.4775440591245026
     ],
     [
      20.261512222853895,
      0.4945992040932348
     ],
     [
      20.193291642978966,
      0.511654349061967
     ],
     [
      20.1591813530415,
      0.5287094940306992
     ],
     [
      20.125071063104038,
      0.5457646389994315
     ],
     [
      20.039795338260376,
      0.6139852188743604
     ],
     [
      19.869243888573052,
      0.6822057987492893
     ],
     [
      19.76691301876066,
      0.6992609437180216
     ],
     [
      19.715747583854462,
      0.6992609437180216
     ],
     [
      19.579306424104605,
      0.6822057987492893
     ],
     [
      19.494030699260943,
      0.6480955088118249
     ],
     [
      19.340534394542352,
      0.6310403638430927
     ],
     [
      19.23820352472996,
      0.6310403638430927
     ],
     [
      19.067652075042638,
      0.6480955088118249
     ],
     [
      18.99943149516771,
      0.6310403638430927
     ],
     [
      18.948266060261513,
      0.6139852188743604
     ],
     [
      18.914155770324047,
      0.579874928936896
     ],
     [
      18.914155770324047,
      0.5628197839681638
     ],
     [
      18.86299033541785,
      0.511654349061967
     ],
     [
      18.811824900511656,
      0.4775440591245026
     ],
     [
      18.760659465605457,
      0.4775440591245026
     ],
     [
      18.726549175667994,
      0.4604889141557703
     ],
     [
      18.675383740761795,
      0.40932347924957363
     ],
     [
      18.573052870949404,
      0.40932347924957363
     ],
     [
      18.504832291074475,
      0.42637862421830586
     ],
     [
      18.40250142126208,
      0.4604889141557703
     ],
     [
      18.30017055144969,
      0.511654349061967
     ],
     [
      18.24900511654349,
      0.5287094940306992
     ],
     [
      18.18078453666856,
      0.5287094940306992
     ],
     [
      18.044343376918704,
      0.4945992040932348
     ],
     [
      17.907902217168846,
      0.4945992040932348
     ],
     [
      17.822626492325185,
      0.4775440591245026
     ],
     [
      17.754405912450256,
      0.4434337691870381
     ],
     [
      17.669130187606594,
      0.40932347924957363
     ],
     [
      17.566799317794203,
      0.35815804434337695
     ],
     [
      17.39624786810688,
      0.27288231949971575
     ],
     [
      17.24275156338829,
      0.1876065946560546
     ],
     [
      17.157475838544627,
      0.13644115974985788
     ],
     [
      17.02103467879477,
      0.03411028993746447
     ],
     [
      16.969869243888574,
      0.0
     ],
     [
      0.0,
      0.0
     ]
    ],
    "type": "LineString"
   },
   "properties": {
    "elevation": 270.0
   },
   "type": "Feature"
  },
  {
   "geometry": {
    "coordinates": [
     [
      2.6435474701534964,
      12.05798749289369
     ],
     [
      2.7288231949971573,
      12.05798749289369
     ],
     [
      2.7288231949971573,
      12.109152927799887
     ],
     [
      2.694712905059693,
      12.143263217737351
     ],
     [
      2.6264923251847643,
      12.126208072768618
     ],
     [
      2.6264923251847643,
      12.092097782831154
     ],
     [
      2.6435474701534964,
      12.05798749289369
     ]
    ],
    "type": "LineString"
   },
   "properties": {
    "elevation": 270.0
   },
   "type": "Feature"
  },
  {
   "geometry": {
    "coordinates": [
     [
      6.480955088118249,
      8.08413871517908
     ],
     [
      6.480955088118249,
      8.08413871517908
     ]
    ],
    "type": "LineString"
   },
   "properties": {
    "elevation": 270.0
   },
   "type": "Feature"
  },
  {
   "geometry": {
    "coordinates": [
     [
      6.515065378055714,
      8.067083570210347
     ],
     [
      6.515065378055714,
      8.067083570210347
     ]
    ],
    "type": "LineString"
   },
   "properties": {
    "elevation": 270.0
   },
   "type": "Feature"
  },
  {
   "geometry": {
    "coordinates": [
     [
      26.33314383172257,
      3.0017055144968734
     ],
     [
      26.33314383172257,
      3.05287094940307
     ],
     [
      26.33314383172257,
      3.0017055144968734
     ]
    ],
    "type": "LineString"
   },
   "properties": {
    "elevation": 270.0
   },
   "type": "Feature"
  },
  {
   "geometry": {
    "coordinates": [
     [
      26.350198976691303,
      3.0187606594656056
     ],
     [
      26.350198976691303,
      3.0187606594656056
     ]
    ],
    "type": "LineString"
   },
   "properties": {
    "elevation": 270.0
   },
   "type": "Feature"
  },
  {
   "geometry": {
    "coordinates": [
     [
      8.357021034678795,
      2.370665150653781
     ],
     [
      8.357021034678795,
      2.370665150653781
     ]
    ],
    "type": "LineString"
   },
   "properties": {
    "elevation": 270.0
   },
   "type": "Feature"
  },
  {
   "geometry": {
    "coordinates": [
     [
      8.101193860147811,
      2.2853894258101195
     ],
     [
      8.101193860147811,
      2.2853894258101195
     ]
    ],
    "type": "LineString"
   },
   "properties": {
    "elevation": 270.0
   },
   "type": "Feature"
  },
  {
   "geometry": {
    "coordinates": [
     [
      4.417282546901649,
      2.2683342808413873
     ],
     [
      4.417282546901649,
      2.2683342808413873
     ]
    ],
    "type": "LineString"
   },
   "properties": {
    "elevation": 270.0
   },
   "type": "Feature"
  },
  {
   "geometry": {
    "coordinates": [
     [
      24.88345650938033,
      2.2342239909039225
     ],
     [
      24.815235929505402,
      2.2342239909039225
     ],
     [
      24.88345650938033,
      2.2342239909039225
     ]
    ],
    "type": "LineString"
   },
   "properties": {
    "elevation": 270.0
   },
   "type": "Feature"
  },
  {
   "geometry": {
    "coordinates": [
     [
      4.434337691870381,
      2.2342239909039225
     ],
     [
      4.434337691870381,
      2.2342239909039225
     ]
    ],
    "type": "LineString"
   },
   "properties": {
    "elevation": 270.0
   },
   "type": "Feature"
  },
  {
   "geometry": {
    "coordinates": [
     [
      24.934621944286526,
      2.183058555997726
     ],
     [
      24.934621944286526,
      2.183058555997726
     ]
    ],
    "type": "LineString"
   },
   "properties": {
    "elevation": 270.0
   },
   "type": "Feature"
  },
  {
   "geometry": {
    "coordinates": [
     [
      0.0,
      0.0
     ],
     [
      0.0,
      13.285957930642411
     ],
     [
      12.569641841955656,
      13.285957930642411
     ],
     [
      12.620807276861854,
      13.234792495736214
     ],
     [
      12.654917566799318,
      13.217737350767482
     ],
     [
      12.774303581580444,
      13.183627060830018
     ],
     [
      12.927799886299034,
      13.13246162592382
     ],
     [
      13.098351335986356,
      13.081296191017623
     ],
     [
      13.35417851051734,
      13.013075611142694
     ],
     [
      13.490619670267197,
      13.013075611142694
     ],
     [
      13.592950540079592,
      12.996020466173963
     ],
     [
      13.66117111995452,
      12.97896532120523
     ],
     [
      13.72939169982945,
      12.944855031267766
     ],
     [
      13.797612279704378,
      12.944855031267766
     ],
     [
      13.865832859579307,
      12.927799886299034
     ],
     [
      13.985218874360433,
      12.876634451392837
     ],
     [
      14.104604889141559,
      12.859579306424106
     ],
     [
      14.155770324047754,
      12.842524161455373
     ],
     [
      14.34337691870381,
      12.774303581580444
     ],
     [
      14.428652643547471,
      12.723138146674247
     ],
     [
      14.479818078453667,
      12.723138146674247
     ],
     [
      14.701534963047186,
      12.637862421830587
     ],
     [
      14.855031267765776,
      12.569641841955656
     ],
     [
      14.88914155770324,
      12.552586696986925
     ],
     [
      14.923251847640705,
      12.51847640704946
     ],
     [
      15.076748152359295,
      12.450255827174532
     ],
     [
      15.26435474701535,
      12.36498010233087
     ],
     [
      15.41785105173394,
      12.296759522455941
     ],
     [
      15.537237066515067,
      12.245594087549744
     ],
     [
      15.622512791358727,
      12.228538942581013
     ],
     [
      15.895395110858443,
      12.092097782831154
     ],
     [
      16.065946560545765,
      12.023877202956225
     ],
     [
      16.611711199545198,
      11.819215463331439
     ],
     [
      16.79931779420125,
      11.733939738487777
     ],
     [
      16.833428084138717,
      11.716884593519046
     ],
     [
      16.86753837407618,
      11.682774303581581
     ],
     [
      17.0892552586697,
      11.59749857873792
     ],
     [
      17.123365548607165,
      11.580443433769187
     ],
     [
      17.157475838544627,
      11.546333143831722
     ],
     [
      17.225696418419556,
      11.529277998862991
     ],
     [
      17.259806708357022,
      11.512222853894258
     ],
     [
      17.362137578169413,
      11.409891984081865
     ],
     [
      17.498578737919274,
      11.341671404206936
     ],
     [
      17.532689027856737,
      11.341671404206936
     ],
     [
      17.63501989766913,
      11.358726549175667
     ],
     [
      17.737350767481523,
      11.341671404206936
     ],
     [
      17.788516202387722,
      11.324616259238203
     ],
     [
      17.839681637293918,
      11.307561114269472
     ],
     [
      17.959067652075042,
      11.239340534394543
     ],
     [
      18.044343376918704,
      11.171119954519614
     ],
     [
      18.061398521887437,
      11.171119954519614
     ],
     [
      18.0955088118249,
      11.119954519613417
     ],
     [
      18.129619101762366,
      11.119954519613417
     ],
     [
      18.163729391699828,
      11.06878908470722
     ],
     [
      18.214894826606027,
      11.034678794769755
     ],
     [
      18.30017055144969,
      10.98351335986356
     ],
     [
      18.33428084138715,
      10.966458214894827
     ],
     [
      18.368391131324618,
      10.949403069926095
     ],
     [
      18.45366685616828,
      10.91529277998863
     ],
     [
      18.504832291074475,
      10.898237635019898
     ],
     [
      18.55599772598067,
      10.898237635019898
     ],
     [
      18.607163160886866,
      10.864127345082434
     ],
     [
      18.726549175667994,
      10.83001705514497
     ],
     [
      18.811824900511656,
      10.83001705514497
     ],
     [
      18.86299033541785,
      10.812961910176236
     ],
     [
      19.050596930073905,
      10.744741330301308
     ],
     [
      19.135872654917566,
      10.693575895395112
     ],
     [
      19.221148379761228,
      10.676520750426379
     ],
     [
      19.340534394542352,
      10.625355315520181
     ],
     [
      19.681637293917,
      10.45480386583286
     ],
     [
      20.108015918135305,
      10.30130756111427
     ],
     [
      20.2103467879477,
      10.284252416145538
     ],
     [
      20.31267765776009,
      10.284252416145538
     ],
     [
      20.397953382603752,
      10.267197271176805
     ],
     [
      20.46617396247868,
      10.250142126208074
     ],
     [
      20.61967026719727,
      10.198976691301876
     ],
     [
      20.670835702103467,
      10.181921546333143
     ],
     [
      20.75611142694713,
      10.130756111426948
     ],
     [
      21.011938601478114,
      9.977259806708357
     ],
     [
      21.199545196134167,
      9.8408186469585
     ],
     [
      21.267765776009096,
      9.789653212052302
     ],
     [
      21.52359295054008,
      9.584991472427516
     ],
     [
      21.625923820352472,
      9.499715747583855
     ],
     [
      21.949971574758386,
      9.175667993177942
     ],
     [
      22.052302444570778,
      9.039226833428085
     ],
     [
      22.086412734508244,
      9.022171688459352
     ],
     [
      22.103467879476977,
      9.00511654349062
     ],
     [
      22.171688459351905,
      8.902785673678226
     ],
     [
      22.274019329164297,
      8.834565093803297
     ],
     [
      22.29107447413303,
      8.749289368959637
     ],
     [
      22.325184764070496,
      8.69812393405344
     ],
     [
      22.35929505400796,
      8.646958499147242
     ],
     [
      22.44457077885162,
      8.54462762933485
     ],
     [
      22.461625923820353,
      8.510517339397385
     ],
     [
      22.529846503695282,
      8.339965889710063
     ],
     [
      22.581011938601478,
      8.288800454803866
     ],
     [
      22.59806708357021,
      8.237635019897668
     ],
     [
      22.700397953382605,
      8.135304150085275
     ],
     [
      22.734508243320068,
      8.08413871517908
     ],
     [
      22.768618533257534,
      8.050028425241615
     ],
     [
      22.785673678226264,
      7.981807845366686
     ],
     [
      22.990335417851053,
      7.6236498010233085
     ],
     [
      23.109721432632178,
      7.436043206367255
     ],
     [
      23.19499715747584,
      7.333712336554861
     ],
     [
      23.246162592382035,
      7.231381466742468
     ],
     [
      23.297328027288234,
      7.180216031836271
     ],
     [
      23.314383172256964,
      7.129050596930074
     ],
     [
      23.43376918703809,
      6.992609437180216
     ],
     [
      23.484934621944287,
      6.924388857305288
     ],
     [
      23.57021034678795,
      6.8050028425241615
     ],
     [
      23.587265491756682,
      6.753837407617965
     ],
     [
      23.65548607163161,
      6.685616827743036
     ],
     [
      23.774872086412735,
      6.498010233086982
     ],
     [
      23.791927231381468,
      6.429789653212053
     ],
     [
      23.82603752131893,
      6.3786242183058555
     ],
     [
      23.928368391131325,
      6.293348493462195
     ],
     [
      23.97953382603752,
      6.242183058555998
     ],
     [
      23.996588971006254,
      6.191017623649802
     ],
     [
      24.064809550881183,
      6.122797043774872
     ],
     [
      24.09891984081865,
      6.0716316088686755
     ],
     [
      24.150085275724845,
      5.9693007390562824
     ],
     [
      24.184195565662307,
      5.918135304150085
     ],
     [
      24.26947129050597,
      5.815804434337692
     ],
     [
      24.286526435474702,
      5.7646389994314955
     ],
     [
      24.337691870380898,
      5.696418419556566
     ],
     [
      24.440022740193292,
      5.5599772598067085
     ],
     [
      24.559408754974417,
      5.4405912450255824
     ],
     [
      24.559408754974417,
      5.406480955088118
     ],
     [
      24.66173962478681,
      5.2529846503695286
     ],
     [
      24.781125639567936,
      5.014212620807277
     ],
     [
      24.849346219442864,
      4.8266060261512225
     ],
     [
      24.866401364411598,
      4.792495736213758
     ],
     [
      24.900511654349064,
      4.758385446276294
     ],
     [
      24.917566799317793,
      4.7242751563388286
     ],
     [
      24.917566799317793,
      4.690164866401364
     ],
     [
      24.95167708925526,
      4.6560545764639
     ],
     [
      24.95167708925526,
      4.6219442865264355
     ],
     [
      25.002842524161455,
      4.587833996588971
     ],
     [
      25.019897669130188,
      4.553723706651507
     ],
     [
      25.019897669130188,
      4.50255827174531
     ],
     [
      25.03695281409892,
      4.468447981807845
     ],
     [
      25.071063104036384,
      4.417282546901649
     ],
     [
      25.122228538942583,
      4.34906196702672
     ],
     [
      25.19044911881751,
      4.263786242183059
     ],
     [
      25.20750426378624,
      4.246731097214327
     ],
     [
      25.241614553723707,
      4.212620807276862
     ],
     [
      25.25866969869244,
      4.195565662308129
     ],
     [
      25.41216600341103,
      4.076179647527004
     ],
     [
      25.497441728254692,
      3.9738487777146108
     ],
     [
      25.65093803297328,
      3.7521318931210916
     ],
     [
      25.71915861284821,
      3.6668561682774303
     ],
     [
      25.85559977259807,
      3.5304150085275725
     ],
     [
      26.128482092097784,
      3.274587833996589
     ],
     [
      26.213757816941445,
      3.1722569641841956
     ],
     [
      26.299033541785107,
      3.05287094940307
     ],
     [
      26.316088686753837,
      3.0187606594656056
     ],
     [
      26.350198976691303,
      2.9846503695281412
     ],
     [
      26.367254121660036,
      3.0017055144968734
     ],
     [
      26.4013644115975,
      2.9675952245594086
     ],
     [
      26.384309266628765,
      2.9334849346219443
     ],
     [
      26.4013644115975,
      2.89937464468448
     ],
     [
      26.435474701534964,
      2.848209209778283
     ],
     [
      26.48664013644116,
      2.8140989198408186
     ],
     [
      26.520750426378626,
      2.694712905059693
     ],
     [
      26.588971006253555,
      2.609437180216032
     ],
     [
      26.657191586128484,
      2.4559408754974417
     ],
     [
      26.674246731097213,
      2.370665150653781
     ],
     [
      26.742467310972145,
      2.251279135872655
     ],
     [
      26.742467310972145,
      2.200113700966458
     ],
     [
      26.79363274587834,
      2.0977828311540647
     ],
     [
      26.810687890847074,
      1.9954519613416715
     ],
     [
      26.86185332575327,
      1.893121091529278
     ],
     [
      26.878908470722003,
      1.8419556566230812
     ],
     [
      26.878908470722003,
      1.7566799317794202
     ],
     [
      26.913018760659465,
      1.671404206935759
     ],
     [
      26.9300739056282,
      1.5861284820920978
     ],
     [
      26.9300739056282,
      1.4667424673109721
     ],
     [
      26.913018760659465,
      1.4155770324047754
     ],
     [
      26.844798180784537,
      1.2620807276861854
     ],
     [
      26.79363274587834,
      1.1938601478112565
     ],
     [
      26.79363274587834,
      1.159749857873792
     ],
     [
      26.776577600909608,
      1.1256395679363276
     ],
     [
      26.657191586128484,
      0.9380329732802729
     ],
     [
      26.657191586128484,
      0.9039226833428085
     ],
     [
      26.623081296191017,
      0.8527572484366117
     ],
     [
      26.571915861284822,
      0.7845366685616828
     ],
     [
      26.520750426378626,
      0.7163160886867539
     ],
     [
      26.4013644115975,
      0.5628197839681638
     ],
     [
      26.299033541785107,
      0.4604889141557703
     ],
     [
      26.23081296191018,
      0.40932347924957363
     ],
     [
      26.162592382035246,
      0.35815804434337695
     ],
     [
      26.094371802160317,
      0.32404775440591244
     ],
     [
      25.85559977259807,
      0.20466173962478681
     ],
     [
      25.770324047754407,
      0.20466173962478681
     ],
     [
      25.65093803297328,
      0.1876065946560546
     ],
     [
      25.514496873223422,
      0.22171688459351904
     ],
     [
      25.42922114837976,
      0.2558271745309835
     ],
     [
      25.395110858442298,
      0.27288231949971575
     ],
     [
      25.25866969869244,
      0.42637862421830586
     ],
     [
      25.20750426378624,
      0.4775440591245026
     ],
     [
      25.156338828880045,
      0.511654349061967
     ],
     [
      25.054007959067654,
      0.5628197839681638
     ],
     [
      25.002842524161455,
      0.6139852188743604
     ],
     [
      24.866401364411598,
      0.6992609437180216
     ],
     [
      24.764070494599206,
      0.7333712336554861
     ],
     [
      24.64468447981808,
      0.7674815235929505
     ],
     [
      24.559408754974417,
      0.801591813530415
     ],
     [
      24.474133030130755,
      0.8357021034678795
     ],
     [
      24.320636725412168,
      0.9039226833428085
     ],
     [
      24.286526435474702,
      0.9209778283115406
     ],
     [
      24.20125071063104,
      0.9721432632177374
     ],
     [
      24.11597498578738,
      1.0403638430926663
     ],
     [
      24.04775440591245,
      1.091529277998863
     ],
     [
      23.911313246162592,
      1.2279704377487208
     ],
     [
      23.87720295622513,
      1.2450255827174532
     ],
     [
      23.843092666287664,
      1.2620807276861854
     ],
     [
      23.8089823763502,
      1.2620807276861854
     ],
     [
      23.74076179647527,
      1.3132461625923821
     ],
     [
      23.553155201819216,
      1.3985218874360432
     ],
     [
      23.467879476975554,
      1.4326321773735078
     ],
     [
      23.41671404206936,
      1.44968732234224
     ],
     [
      23.143831722569644,
      1.534963047185901
     ],
     [
      23.075611142694715,
      1.5520181921546334
     ],
     [
      22.922114837976125,
      1.5861284820920978
     ],
     [
      22.836839113132463,
      1.60318362706083
     ],
     [
      22.649232518476406,
      1.6372939169982945
     ],
     [
      22.44457077885162,
      1.6372939169982945
     ],
     [
      22.18874360432064,
      1.60318362706083
     ],
     [
      22.086412734508244,
      1.5861284820920978
     ],
     [
      22.018192154633315,
      1.5690733371233656
     ],
     [
      21.949971574758386,
      1.534963047185901
     ],
     [
      21.864695849914725,
      1.5179079022171689
     ],
     [
      21.76236498010233,
      1.5008527572484367
     ],
     [
      21.66003411028994,
      1.4837976122797043
     ],
     [
      21.404206935758953,
      1.4837976122797043
     ],
     [
      21.335986355884025,
      1.4667424673109721
     ],
     [
      21.28482092097783,
      1.44968732234224
     ],
     [
      21.250710631040363,
      1.4326321773735078
     ],
     [
      21.165434906196705,
      1.3473564525298465
     ],
     [
      21.046048891415577,
      1.2791358726549176
     ],
     [
      20.90960773166572,
      1.2109152927799887
     ],
     [
      20.858442296759524,
      1.1938601478112565
     ],
     [
      20.773166571915862,
      1.176805002842524
     ],
     [
      20.636725412166005,
      1.176805002842524
     ],
     [
      20.585559977259805,
      1.1938601478112565
     ],
     [
      20.449118817509948,
      1.2791358726549176
     ],
     [
      20.31267765776009,
      1.3985218874360432
     ],
     [
      20.278567367822628,
      1.4155770324047754
     ],
     [
      20.193291642978966,
      1.44968732234224
     ],
     [
      20.05685048322911,
      1.44968732234224
     ],
     [
      19.98862990335418,
      1.4667424673109721
     ],
     [
      19.92040932347925,
      1.534963047185901
     ],
     [
      19.681637293917,
      1.534963047185901
     ],
     [
      19.579306424104605,
      1.5179079022171689
     ],
     [
      19.494030699260943,
      1.4837976122797043
     ],
     [
      19.323479249573623,
      1.4667424673109721
     ],
     [
      19.255258669698694,
      1.4667424673109721
     ],
     [
      19.033541785105175,
      1.4837976122797043
     ],
     [
      18.982376350198976,
      1.4667424673109721
     ],
     [
      18.93121091529278,
      1.44968732234224
     ],
     [
      18.811824900511656,
      1.381466742467311
     ],
     [
      18.743604320636727,
      1.3132461625923821
     ],
     [
      18.726549175667994,
      1.3132461625923821
     ],
     [
      18.675383740761795,
      1.2620807276861854
     ],
     [
      18.658328595793066,
      1.2279704377487208
     ],
     [
      18.641273450824333,
      1.176805002842524
     ],
     [
      18.658328595793066,
      1.1256395679363276
     ],
     [
      18.641273450824333,
      1.091529277998863
     ],
     [
      18.590108015918137,
      1.0403638430926663
     ],
     [
      18.538942581011938,
      1.006253553155202
     ],
     [
      18.40250142126208,
      1.006253553155202
     ],
     [
      18.368391131324618,
      1.023308698123934
     ],
     [
      18.33428084138715,
      1.0574189880613984
     ],
     [
      18.31722569641842,
      1.1085844229675952
     ],
     [
      18.31722569641842,
      1.2109152927799887
     ],
     [
      18.30017055144969,
      1.2450255827174532
     ],
     [
      18.23194997157476,
      1.3132461625923821
     ],
     [
      18.163729391699828,
      1.3132461625923821
     ],
     [
      18.0955088118249,
      1.3644115974985787
     ],
     [
      18.061398521887437,
      1.381466742467311
     ],
     [
      18.01023308698124,
      1.3985218874360432
     ],
     [
      17.94201250710631,
      1.4155770324047754
     ],
     [
      17.754405912450256,
      1.4155770324047754
     ],
     [
      17.686185332575327,
      1.3985218874360432
     ],
     [
      17.63501989766913,
      1.381466742467311
     ],
     [
      17.583854462762933,
      1.3303013075611143
     ],
     [
      17.54974417282547,
      1.3132461625923821
     ],
     [
      17.413303013075613,
      1.2620807276861854
     ],
     [
      17.345082433200684,
      1.2450255827174532
     ],
     [
      17.276861853325755,
      1.2450255827174532
     ],
     [
      17.225696418419556,
      1.2279704377487208
     ],
     [
      16.95281409891984,
      1.1085844229675952
     ],
     [
      16.901648664013646,
      1.1085844229675952
     ],
     [
      16.628766344513927,
      0.9721432632177374
     ],
     [
      16.54349061967027,
      0.9380329732802729
     ],
     [
      16.49232518476407,
      0.9209778283115406
     ],
     [
      16.304718590108017,
      0.8868675383740762
     ],
     [
      16.18533257532689,
      0.8357021034678795
     ],
     [
      16.065946560545765,
      0.801591813530415
     ],
     [
      15.997725980670836,
      0.7845366685616828
     ],
     [
      15.895395110858443,
      0.7674815235929505
     ],
     [
      15.79306424104605,
      0.7674815235929505
     ],
     [
      15.690733371233655,
      0.7504263786242183
     ],
     [
      15.605457646389995,
      0.7333712336554861
     ],
     [
      15.520181921546333,
      0.7163160886867539
     ],
     [
      15.366685616827743,
      0.6822057987492893
     ],
     [
      15.213189312109153,
      0.6310403638430927
     ],
     [
      15.059693007390564,
      0.6139852188743604
     ],
     [
      14.940306992609438,
      0.5628197839681638
     ],
     [
      14.820920977828312,
      0.5457646389994315
     ],
     [
      14.599204093234793,
      0.4775440591245026
     ],
     [
      14.51392836839113,
      0.42637862421830586
     ],
     [
      14.189880613985219,
      0.32404775440591244
     ],
     [
      14.053439454235361,
      0.2558271745309835
     ],
     [
      13.934053439454235,
      0.20466173962478681
     ],
     [
      13.899943149516771,
      0.1876065946560546
     ],
     [
      13.66117111995452,
      0.051165434906196704
     ],
     [
      13.627060830017056,
      0.0
     ],
     [
      0.0,
      0.0
     ]
    ],
    "type": "LineString"
   },
   "properties": {
    "elevation": 280.0
   },
   "type": "Feature"
  },
  {
   "geometry": {
    "coordinates": [
     [
      2.6435474701534964,
      12.05798749289369
     ],
     [
      2.7288231949971573,
      12.05798749289369
     ],
     [
      2.7288231949971573,
      12.109152927799887
     ],
     [
      2.694712905059693,
      12.143263217737351
     ],
     [
      2.6264923251847643,
      12.126208072768618
     ],
     [
      2.6264923251847643,
      12.092097782831154
     ],
     [
      2.6435474701534964,
      12.05798749289369
     ]
    ],
    "type": "LineString"
   },
   "properties": {
    "elevation": 280.0
   },
   "type": "Feature"
  },
  {
   "geometry": {
    "coordinates": [
     [
      6.480955088118249,
      8.08413871517908
     ],
     [
      6.480955088118249,
      8.08413871517908
     ]
    ],
    "type": "LineString"
   },
   "properties": {
    "elevation": 280.0
   },
   "type": "Feature"
  },
  {
   "geometry": {
    "coordinates": [
     [
      6.515065378055714,
      8.067083570210347
     ],
     [
      6.515065378055714,
      8.067083570210347
     ]
    ],
    "type": "LineString"
   },
   "properties": {
    "elevation": 280.0
   },
   "type": "Feature"
  },
  {
   "geometry": {
    "coordinates": [
     [
      8.357021034678795,
      2.370665150653781
     ],
     [
      8.357021034678795,
      2.370665150653781
     ]
    ],
    "type": "LineString"
   },
   "properties": {
    "elevation": 280.0
   },
   "type": "Feature"
  },
  {
   "geometry": {
    "coordinates": [
     [
      8.101193860147811,
      2.2853894258101195
     ],
     [
      8.101193860147811,
      2.2853894258101195
     ]
    ],
    "type": "LineString"
   },
   "properties": {
    "elevation": 280.0
   },
   "type": "Feature"
  },
  {
   "geometry": {
    "coordinates": [
     [
      4.417282546901649,
      2.2683342808413873
     ],
     [
      4.417282546901649,
      2.2683342808413873
     ]
    ],
    "type": "LineString"
   },
   "properties": {
    "elevation": 280.0
   },
   "type": "Feature"
  },
  {
   "geometry": {
    "coordinates": [
     [
      24.88345650938033,
      2.2342239909039225
     ],
     [
      24.815235929505402,
      2.2342239909039225
     ],
     [
      24.88345650938033,
      2.2342239909039225
     ]
    ],
    "type": "LineString"
   },
   "properties": {
    "elevation": 280.0
   },
   "type": "Feature"
  },
  {
   "geometry": {
    "coordinates": [
     [
      4.434337691870381,
      2.2342239909039225
     ],
     [
      4.434337691870381,
      2.2342239909039225
     ]
    ],
    "type": "LineString"
   },
   "properties": {
    "elevation": 280.0
   },
   "type": "Feature"
  },
  {
   "geometry": {
    "coordinates": [
     [
      24.934621944286526,
      2.183058555997726
     ],
     [
      24.934621944286526,
      2.183058555997726
     ]
    ],
    "type": "LineString"
   },
   "properties": {
    "elevation": 280.0
   },
   "type": "Feature"
  },
  {
   "geometry": {
    "coordinates": [
     [
      0.0,
      0.0
     ],
     [
      0.0,
      13.285957930642411
     ],
     [
      9.977259806708357,
      13.285957930642411
     ],
     [
      10.028425241614555,
      13.268902785673678
     ],
     [
      10.062535531552019,
      13.251847640704947
     ],
     [
      10.096645821489483,
      13.217737350767482
     ],
     [
      10.318362706083002,
      13.13246162592382
     ],
     [
      10.386583285957931,
      13.081296191017623
     ],
     [
      10.437748720864128,
      13.081296191017623
     ],
     [
      10.591245025582717,
      13.013075611142694
     ],
     [
      10.898237635019898,
      12.859579306424106
     ],
     [
      11.051733939738488,
      12.808413871517908
     ],
     [
      11.085844229675953,
      12.791358726549175
     ],
     [
      11.154064809550881,
      12.74019329164298
     ],
     [
      11.392836839113132,
      12.637862421830587
     ],
     [
      11.546333143831722,
      12.535531552018192
     ],
     [
      11.580443433769187,
      12.51847640704946
     ],
     [
      11.665719158612848,
      12.501421262080727
     ],
     [
      11.9044911881751,
      12.382035247299603
     ],
     [
      11.955656623081296,
      12.36498010233087
     ],
     [
      12.006822057987494,
      12.36498010233087
     ],
     [
      12.347924957362137,
      12.245594087549744
     ],
     [
      12.382035247299603,
      12.228538942581013
     ],
     [
      12.416145537237067,
      12.194428652643548
     ],
     [
      12.637862421830587,
      12.109152927799887
     ],
     [
      12.671972711768051,
      12.092097782831154
     ],
     [
      12.706083001705515,
      12.075042637862422
     ],
     [
      12.774303581580444,
      12.023877202956225
     ],
     [
      12.842524161455373,
      11.955656623081296
     ],
     [
      12.961910176236499,
      11.887436043206367
     ],
     [
      13.098351335986356,
      11.819215463331439
     ],
     [
      13.303013075611142,
      11.75099488345651
     ],
     [
      13.456509380329733,
      11.733939738487777
     ],
     [
      13.524729960204661,
      11.699829448550313
     ],
     [
      13.592950540079592,
      11.682774303581581
     ],
     [
      13.678226264923252,
      11.665719158612848
     ],
     [
      13.763501989766914,
      11.665719158612848
     ],
     [
      14.002274019329164,
      11.614553723706651
     ],
     [
      14.087549744172826,
      11.59749857873792
     ],
     [
      14.138715179079023,
      11.580443433769187
     ],
     [
      14.189880613985219,
      11.546333143831722
     ],
     [
      14.292211483797612,
      11.529277998862991
     ],
     [
      14.34337691870381,
      11.512222853894258
     ],
     [
      14.582148948266061,
      11.409891984081865
     ],
     [
      14.684479818078454,
      11.392836839113132
     ],
     [
      14.769755542922114,
      11.358726549175667
     ],
     [
      14.855031267765776,
      11.324616259238203
     ],
     [
      15.008527572484367,
      11.256395679363274
     ],
     [
      15.434906196702672,
      11.051733939738488
     ],
     [
      15.588402501421262,
      10.98351335986356
     ],
     [
      15.673678226264924,
      10.966458214894827
     ],
     [
      16.031836270608302,
      10.795906765207505
     ],
     [
      16.134167140420693,
      10.76179647527004
     ],
     [
      16.27060830017055,
      10.710631040363843
     ],
     [
      16.441159749857874,
      10.676520750426379
     ],
     [
      16.49232518476407,
      10.642410460488914
     ],
     [
      16.560545764639,
      10.625355315520181
     ],
     [
      16.662876634451393,
      10.625355315520181
     ],
     [
      16.731097214326322,
      10.60830017055145
     ],
     [
      16.850483229107446,
      10.557134735645253
     ],
     [
      16.95281409891984,
      10.505969300739057
     ],
     [
      17.038089823763503,
      10.420693575895395
     ],
     [
      17.0892552586697,
      10.403638430926662
     ],
     [
      17.140420693575894,
      10.352472996020467
     ],
     [
      17.17453098351336,
      10.352472996020467
     ],
     [
      17.259806708357022,
      10.284252416145538
     ],
     [
      17.39624786810688,
      10.21603183627061
     ],
     [
      17.498578737919274,
      10.181921546333143
     ],
     [
      17.63501989766913,
      10.113700966458214
     ],
     [
      17.754405912450256,
      10.045480386583286
     ],
     [
      17.839681637293918,
      9.99431495167709
     ],
     [
      17.890847072200113,
      9.943149516770893
     ],
     [
      17.976122797043775,
      9.909039226833428
     ],
     [
      18.02728823194997,
      9.857873791927231
     ],
     [
      18.0955088118249,
      9.8408186469585
     ],
     [
      18.129619101762366,
      9.806708357021035
     ],
     [
      18.163729391699828,
      9.789653212052302
     ],
     [
      18.197839681637294,
      9.789653212052302
     ],
     [
      18.23194997157476,
      9.772598067083571
     ],
     [
      18.266060261512223,
      9.738487777146107
     ],
     [
      18.30017055144969,
      9.721432632177374
     ],
     [
      18.368391131324618,
      9.704377487208642
     ],
     [
      18.436611711199546,
      9.653212052302445
     ],
     [
      18.55599772598067,
      9.602046617396248
     ],
     [
      18.641273450824333,
      9.584991472427516
     ],
     [
      18.726549175667994,
      9.533826037521319
     ],
     [
      18.811824900511656,
      9.499715747583855
     ],
     [
      18.965321205230246,
      9.448550312677657
     ],
     [
      19.08470722001137,
      9.431495167708926
     ],
     [
      19.204093234792495,
      9.380329732802728
     ],
     [
      19.272313814667424,
      9.363274587833997
     ],
     [
      19.408754974417285,
      9.363274587833997
     ],
     [
      19.52814098919841,
      9.346219442865264
     ],
     [
      19.579306424104605,
      9.3121091529278
     ],
     [
      19.698692438885733,
      9.295054007959068
     ],
     [
      19.85218874360432,
      9.243888573052871
     ],
     [
      19.954519613416714,
      9.192723138146674
     ],
     [
      20.07390562819784,
      9.141557703240478
     ],
     [
      20.1591813530415,
      9.09039226833428
     ],
     [
      20.2103467879477,
      9.039226833428085
     ],
     [
      20.261512222853895,
      9.022171688459352
     ],
     [
      20.31267765776009,
      8.971006253553155
     ],
     [
      20.363843092666286,
      8.953951108584423
     ],
     [
      20.483229107447414,
      8.868675383740761
     ],
     [
      20.568504832291076,
      8.800454803865833
     ],
     [
      20.790221716884595,
      8.612848209209778
     ],
     [
      20.99488345650938,
      8.408186469584992
     ],
     [
      21.13132461625924,
      8.254690164866402
     ],
     [
      21.199545196134167,
      8.16941444002274
     ],
     [
      21.250710631040363,
      8.08413871517908
     ],
     [
      21.387151790790224,
      7.930642410460489
     ],
     [
      21.557703240477544,
      7.777146105741899
     ],
     [
      21.66003411028994,
      7.657760090960774
     ],
     [
      21.6941444002274,
      7.6407049459920415
     ],
     [
      21.711199545196134,
      7.6236498010233085
     ],
     [
      21.83058555997726,
      7.487208641273451
     ],
     [
      21.89880613985219,
      7.40193291642979
     ],
     [
      21.949971574758386,
      7.333712336554861
     ],
     [
      21.96702671972712,
      7.2484366117112
     ],
     [
      21.98408186469585,
      7.2143263217737355
     ],
     [
      22.018192154633315,
      7.163160886867539
     ],
     [
      22.103467879476977,
      7.077885162023877
     ],
     [
      22.12052302444571,
      7.043774872086413
     ],
     [
      22.12052302444571,
      7.0096645821489485
     ],
     [
      22.171688459351905,
      6.94144400227402
     ],
     [
      22.18874360432064,
      6.907333712336555
     ],
     [
      22.239909039226834,
      6.770892552586697
     ],
     [
      22.256964184195567,
      6.668561682774303
     ],
     [
      22.29107447413303,
      6.600341102899375
     ],
     [
      22.427515633882887,
      6.327458783399659
     ],
     [
      22.478681068789086,
      6.242183058555998
     ],
     [
      22.529846503695282,
      6.191017623649802
     ],
     [
      22.581011938601478,
      6.10574189880614
     ],
     [
      22.649232518476406,
      5.9693007390562824
     ],
     [
      22.802728823194997,
      5.662308129619102
     ],
     [
      22.81978396816373,
      5.577032404775441
     ],
     [
      22.870949403069925,
      5.49175667993178
     ],
     [
      22.88800454803866,
      5.406480955088118
     ],
     [
      22.956225127913587,
      5.2529846503695286
     ],
     [
      23.092666287663445,
      5.031267765776009
     ],
     [
      23.092666287663445,
      4.997157475838545
     ],
     [
      23.109721432632178,
      4.96304718590108
     ],
     [
      23.12677657760091,
      4.945992040932348
     ],
     [
      23.143831722569644,
      4.945992040932348
     ],
     [
      23.160886867538373,
      4.9289368959636155
     ],
     [
      23.212052302444572,
      4.843661171119955
     ],
     [
      23.246162592382035,
      4.775440591245026
     ],
     [
      23.297328027288234,
      4.673109721432632
     ],
     [
      23.314383172256964,
      4.570778851620239
     ],
     [
      23.382603752131892,
      4.417282546901649
     ],
     [
      23.399658897100625,
      4.383172256964184
     ],
     [
      23.43376918703809,
      4.34906196702672
     ],
     [
      23.45082433200682,
      4.280841387151791
     ],
     [
      23.51904491188175,
      4.195565662308129
     ],
     [
      23.587265491756682,
      4.110289937464469
     ],
     [
      23.911313246162592,
      3.786242183058556
     ],
     [
      24.081864695849916,
      3.649801023308698
     ],
     [
      24.11597498578738,
      3.615690733371234
     ],
     [
      24.184195565662307,
      3.5304150085275725
     ],
     [
      24.26947129050597,
      3.428084138715179
     ],
     [
      24.337691870380898,
      3.342808413871518
     ],
     [
      24.35474701534963,
      3.291642978965321
     ],
     [
      24.388857305287097,
      3.20636725412166
     ],
     [
      24.42296759522456,
      3.104036384309267
     ],
     [
      24.42296759522456,
      2.9846503695281412
     ],
     [
      24.457077885162025,
      2.89937464468448
     ],
     [
      24.491188175099488,
      2.8652643547470156
     ],
     [
      24.50824332006822,
      2.831154064809551
     ],
     [
      24.50824332006822,
      2.7970437748720864
     ],
     [
      24.57646389994315,
      2.677657760090961
     ],
     [
      24.66173962478681,
      2.5753268902785673
     ],
     [
      24.712905059693007,
      2.472996020466174
     ],
     [
      24.781125639567936,
      2.387720295622513
     ],
     [
      24.88345650938033,
      2.2683342808413873
     ],
     [
      25.03695281409892,
      2.1318931210915295
     ],
     [
      25.071063104036384,
      2.0977828311540647
     ],
     [
      25.10517339397385,
      2.029562251279136
     ],
     [
      25.156338828880045,
      1.9783968163729393
     ],
     [
      25.19044911881751,
      1.9272313814667426
     ],
     [
      25.224559408754974,
      1.8760659465605458
     ],
     [
      25.241614553723707,
      1.8419556566230812
     ],
     [
      25.25866969869244,
      1.807845366685617
     ],
     [
      25.309835133598636,
      1.6884593519044913
     ],
     [
      25.32689027856737,
      1.6372939169982945
     ],
     [
      25.309835133598636,
      1.534963047185901
     ],
     [
      25.275724843661173,
      1.534963047185901
     ],
     [
      25.25866969869244,
      1.5520181921546334
     ],
     [
      25.139283683911312,
      1.5690733371233656
     ],
     [
      25.019897669130188,
      1.60318362706083
     ],
     [
      24.88345650938033,
      1.671404206935759
     ],
     [
      24.747015349630473,
      1.7566799317794202
     ],
     [
      24.695849914724274,
      1.7907902217168847
     ],
     [
      24.610574189880616,
      1.8760659465605458
     ],
     [
      24.542353610005687,
      1.9272313814667426
     ],
     [
      24.42296759522456,
      1.9954519613416715
     ],
     [
      24.26947129050597,
      2.0807276861853325
     ],
     [
      24.150085275724845,
      2.1489482660602617
     ],
     [
      24.11597498578738,
      2.166003411028994
     ],
     [
      24.081864695849916,
      2.166003411028994
     ],
     [
      24.04775440591245,
      2.200113700966458
     ],
     [
      24.013644115974987,
      2.2171688459351904
     ],
     [
      23.860147811256397,
      2.2853894258101195
     ],
     [
      23.67254121660034,
      2.370665150653781
     ],
     [
      23.45082433200682,
      2.4388857305287095
     ],
     [
      23.365548607163163,
      2.4900511654349065
     ],
     [
      23.263217737350768,
      2.524161455372371
     ],
     [
      23.109721432632178,
      2.5753268902785673
     ],
     [
      23.024445707788516,
      2.5923820352472995
     ],
     [
      22.922114837976125,
      2.609437180216032
     ],
     [
      22.717453098351335,
      2.6264923251847643
     ],
     [
      22.44457077885162,
      2.6264923251847643
     ],
     [
      22.274019329164297,
      2.609437180216032
     ],
     [
      22.171688459351905,
      2.5923820352472995
     ],
     [
      22.052302444570778,
      2.5753268902785673
     ],
     [
      22.001137009664582,
      2.558271745309835
     ],
     [
      21.949971574758386,
      2.524161455372371
     ],
     [
      21.89880613985219,
      2.5071063104036386
     ],
     [
      21.81353041500853,
      2.5071063104036386
     ],
     [
      21.59181353041501,
      2.4388857305287095
     ],
     [
      21.250710631040363,
      2.370665150653781
     ],
     [
      21.14837976122797,
      2.353610005685048
     ],
     [
      20.43206367254122,
      2.353610005685048
     ],
     [
      20.31267765776009,
      2.370665150653781
     ],
     [
      20.22740193291643,
      2.387720295622513
     ],
     [
      20.14212620807277,
      2.4218305855599773
     ],
     [
      20.05685048322911,
      2.4388857305287095
     ],
     [
      19.886299033541786,
      2.4559408754974417
     ],
     [
      19.56225127913587,
      2.4900511654349065
     ],
     [
      19.340534394542352,
      2.4900511654349065
     ],
     [
      19.187038089823766,
      2.472996020466174
     ],
     [
      18.948266060261513,
      2.4218305855599773
     ],
     [
      18.880045480386585,
      2.404775440591245
     ],
     [
      18.77771461057419,
      2.370665150653781
     ],
     [
      18.675383740761795,
      2.319499715747584
     ],
     [
      18.6242183058556,
      2.3024445707788517
     ],
     [
      18.573052870949404,
      2.2853894258101195
     ],
     [
      18.436611711199546,
      2.2683342808413873
     ],
     [
      18.31722569641842,
      2.251279135872655
     ],
     [
      18.214894826606027,
      2.251279135872655
     ],
     [
      18.112563956793633,
      2.2853894258101195
     ],
     [
      17.839681637293918,
      2.3024445707788517
     ],
     [
      17.686185332575327,
      2.3024445707788517
     ],
     [
      17.48152359295054,
      2.2853894258101195
     ],
     [
      17.345082433200684,
      2.251279135872655
     ],
     [
      17.191586128482093,
      2.2171688459351904
     ],
     [
      17.123365548607165,
      2.200113700966458
     ],
     [
      17.055144968732236,
      2.183058555997726
     ],
     [
      16.850483229107446,
      2.0977828311540647
     ],
     [
      16.57760090960773,
      2.012507106310404
     ],
     [
      16.509380329732803,
      2.012507106310404
     ],
     [
      16.38999431495168,
      1.961341671404207
     ],
     [
      16.25355315520182,
      1.9272313814667426
     ],
     [
      16.04889141557703,
      1.8760659465605458
     ],
     [
      15.776009096077317,
      1.824900511654349
     ],
     [
      15.65662308129619,
      1.807845366685617
     ],
     [
      15.520181921546333,
      1.807845366685617
     ],
     [
      15.281409891984083,
      1.7566799317794202
     ],
     [
      15.11085844229676,
      1.739624786810688
     ],
     [
      14.837976122797045,
      1.739624786810688
     ],
     [
      14.769755542922114,
      1.7225696418419556
     ],
     [
      14.65036952814099,
      1.671404206935759
     ],
     [
      14.582148948266061,
      1.671404206935759
     ],
     [
      14.51392836839113,
      1.6543490619670267
     ],
     [
      14.360432063672542,
      1.60318362706083
     ],
     [
      14.326321773735078,
      1.5861284820920978
     ],
     [
      14.206935758953952,
      1.4837976122797043
     ],
     [
      14.155770324047754,
      1.44968732234224
     ],
     [
      14.087549744172826,
      1.4326321773735078
     ],
     [
      14.019329164297897,
      1.381466742467311
     ],
     [
      13.951108584422968,
      1.3473564525298465
     ],
     [
      13.899943149516771,
      1.3303013075611143
     ],
     [
      13.848777714610575,
      1.3132461625923821
     ],
     [
      13.797612279704378,
      1.3132461625923821
     ],
     [
      13.74644684479818,
      1.2961910176236497
     ],
     [
      13.627060830017056,
      1.2450255827174532
     ],
     [
      13.490619670267197,
      1.176805002842524
     ],
     [
      13.388288800454804,
      1.1085844229675952
     ],
     [
      13.251847640704947,
      1.023308698123934
     ],
     [
      12.876634451392837,
      0.7504263786242183
     ],
     [
      12.82546901648664,
      0.7333712336554861
     ],
     [
      12.791358726549175,
      0.6651506537805572
     ],
     [
      12.706083001705515,
      0.6139852188743604
     ],
     [
      12.58669698692439,
      0.5969300739056282
     ],
     [
      12.552586696986925,
      0.5628197839681638
     ],
     [
      12.51847640704946,
      0.5628197839681638
     ],
     [
      12.484366117111996,
      0.5457646389994315
     ],
     [
      12.399090392268334,
      0.4945992040932348
     ],
     [
      12.296759522455941,
      0.40932347924957363
     ],
     [
      12.228538942581013,
      0.3752131893121092
     ],
     [
      12.126208072768618,
      0.34110289937464466
     ],
     [
      12.092097782831154,
      0.3069926094371802
     ],
     [
      12.040932347924958,
      0.289937464468448
     ],
     [
      11.98976691301876,
      0.27288231949971575
     ],
     [
      11.887436043206367,
      0.2558271745309835
     ],
     [
      11.819215463331439,
      0.22171688459351904
     ],
     [
      11.580443433769187,
      0.10233086981239341
     ],
     [
      11.478112563956794,
      0.03411028993746447
     ],
     [
      11.426947129050598,
      0.0
     ],
     [
      0.0,
      0.0
     ]
    ],
    "type": "LineString"
   },
   "properties": {
    "elevation": 290.0
   },
   "type": "Feature"
  },
  {
   "geometry": {
    "coordinates": [
     [
      2.6435474701534964,
      12.05798749289369
     ],
     [
      2.7288231949971573,
      12.05798749289369
     ],
     [
      2.7288231949971573,
      12.109152927799887
     ],
     [
      2.694712905059693,
      12.143263217737351
     ],
     [
      2.6264923251847643,
      12.126208072768618
     ],
     [
      2.6264923251847643,
      12.092097782831154
     ],
     [
      2.6435474701534964,
      12.05798749289369
     ]
    ],
    "type": "LineString"
   },
   "properties": {
    "elevation": 290.0
   },
   "type": "Feature"
  },
  {
   "geometry": {
    "coordinates": [
     [
      6.480955088118249,
      8.08413871517908
     ],
     [
      6.480955088118249,
      8.08413871517908
     ]
    ],
    "type": "LineString"
   },
   "properties": {
    "elevation": 290.0
   },
   "type": "Feature"
  },
  {
   "geometry": {
    "coordinates": [
     [
      6.515065378055714,
      8.067083570210347
     ],
     [
      6.515065378055714,
      8.067083570210347
     ]
    ],
    "type": "LineString"
   },
   "properties": {
    "elevation": 290.0
   },
   "type": "Feature"
  },
  {
   "geometry": {
    "coordinates": [
     [
      8.357021034678795,
      2.370665150653781
     ],
     [
      8.357021034678795,
      2.370665150653781
     ]
    ],
    "type": "LineString"
   },
   "properties": {
    "elevation": 290.0
   },
   "type": "Feature"
  },
  {
   "geometry": {
    "coordinates": [
     [
      8.101193860147811,
      2.2853894258101195
     ],
     [
      8.101193860147811,
      2.2853894258101195
     ]
    ],
    "type": "LineString"
   },
   "properties": {
    "elevation": 290.0
   },
   "type": "Feature"
  },
  {
   "geometry": {
    "coordinates": [
     [
      4.417282546901649,
      2.2683342808413873
     ],
     [
      4.417282546901649,
      2.2683342808413873
     ]
    ],
    "type": "LineString"
   },
   "properties": {
    "elevation": 290.0
   },
   "type": "Feature"
  },
  {
   "geometry": {
    "coordinates": [
     [
      24.88345650938033,
      2.2342239909039225
     ],
     [
      24.815235929505402,
      2.2342239909039225
     ],
     [
      24.88345650938033,
      2.2342239909039225
     ]
    ],
    "type": "LineString"
   },
   "properties": {
    "elevation": 290.0
   },
   "type": "Feature"
  },
  {
   "geometry": {
    "coordinates": [
     [
      4.434337691870381,
      2.2342239909039225
     ],
     [
      4.434337691870381,
      2.2342239909039225
     ]
    ],
    "type": "LineString"
   },
   "properties": {
    "elevation": 290.0
   },
   "type": "Feature"
  },
  {
   "geometry": {
    "coordinates": [
     [
      24.934621944286526,
      2.183058555997726
     ],
     [
      24.934621944286526,
      2.183058555997726
     ]
    ],
    "type": "LineString"
   },
   "properties": {
    "elevation": 290.0
   },
   "type": "Feature"
  },
  {
   "geometry": {
    "coordinates": [
     [
      2.5071063104036386,
      0.0
     ],
     [
      2.4900511654349065,
      0.03411028993746447
     ],
     [
      2.4388857305287095,
      0.13644115974985788
     ],
     [
      2.370665150653781,
      0.289937464468448
     ],
     [
      2.336554860716316,
      0.40932347924957363
     ],
     [
      2.2853894258101195,
      0.5628197839681638
     ],
     [
      2.2683342808413873,
      0.6310403638430927
     ],
     [
      2.251279135872655,
      0.801591813530415
     ],
     [
      2.2171688459351904,
      0.9550881182490052
     ],
     [
      2.1489482660602617,
      1.2109152927799887
     ],
     [
      2.0636725412166004,
      1.44968732234224
     ],
     [
      2.012507106310404,
      1.6202387720295623
     ],
     [
      1.9954519613416715,
      1.7566799317794202
     ],
     [
      1.961341671404207,
      1.824900511654349
     ],
     [
      1.9442865264354747,
      1.893121091529278
     ],
     [
      1.9272313814667426,
      2.029562251279136
     ],
     [
      1.8760659465605458,
      2.166003411028994
     ],
     [
      1.8590108015918136,
      2.2342239909039225
     ],
     [
      1.807845366685617,
      2.4559408754974417
     ],
     [
      1.7907902217168847,
      2.609437180216032
     ],
     [
      1.739624786810688,
      2.74587833996589
     ],
     [
      1.739624786810688,
      2.8140989198408186
     ],
     [
      1.7225696418419556,
      2.8823194997157477
     ],
     [
      1.671404206935759,
      3.0017055144968734
     ],
     [
      1.6543490619670267,
      3.069926094371802
     ],
     [
      1.6543490619670267,
      3.138146674246731
     ],
     [
      1.5861284820920978,
      3.3257532689027856
     ],
     [
      1.5861284820920978,
      3.3939738487777147
     ],
     [
      1.534963047185901,
      3.5133598635588403
     ],
     [
      1.5179079022171689,
      3.632745878339966
     ],
     [
      1.44968732234224,
      3.854462762933485
     ],
     [
      1.4326321773735078,
      3.9056281978396816
     ],
     [
      1.381466742467311,
      4.076179647527004
     ],
     [
      1.3644115974985787,
      4.127345082433201
     ],
     [
      1.3303013075611143,
      4.178510517339397
     ],
     [
      1.3132461625923821,
      4.229675952245594
     ],
     [
      1.3132461625923821,
      4.280841387151791
     ],
     [
      1.2961910176236497,
      4.332006822057988
     ],
     [
      1.176805002842524,
      4.673109721432632
     ],
     [
      1.1085844229675952,
      4.792495736213758
     ],
     [
      1.091529277998863,
      4.843661171119955
     ],
     [
      1.0403638430926663,
      5.014212620807277
     ],
     [
      1.023308698123934,
      5.082433200682206
     ],
     [
      1.006253553155202,
      5.287094940306993
     ],
     [
      0.9550881182490052,
      5.542922114837976
     ],
     [
      0.9039226833428085,
      5.662308129619102
     ],
     [
      0.8868675383740762,
      5.730528709494031
     ],
     [
      0.869812393405344,
      5.79874928936896
     ],
     [
      0.8527572484366117,
      5.884025014212621
     ],
     [
      0.8357021034678795,
      5.9693007390562824
     ],
     [
      0.8186469584991473,
      6.0716316088686755
     ],
     [
      0.8186469584991473,
      6.1739624786810685
     ],
     [
      0.7845366685616828,
      6.276293348493462
     ],
     [
      0.7674815235929505,
      6.3786242183058555
     ],
     [
      0.7504263786242183,
      6.498010233086982
     ],
     [
      0.7504263786242183,
      6.651506537805571
     ],
     [
      0.6992609437180216,
      6.907333712336555
     ],
     [
      0.6822057987492893,
      7.060830017055145
     ],
     [
      0.6822057987492893,
      7.231381466742468
     ],
     [
      0.6651506537805572,
      7.2484366117112
     ],
     [
      0.6651506537805572,
      7.40193291642979
     ],
     [
      0.6822057987492893,
      7.470153496304719
     ],
     [
      0.7333712336554861,
      7.589539511085844
     ],
     [
      0.7504263786242183,
      7.6236498010233085
     ],
     [
      0.801591813530415,
      7.691870380898238
     ],
     [
      0.8357021034678795,
      7.760090960773167
     ],
     [
      0.869812393405344,
      7.845366685616828
     ],
     [
      0.9380329732802729,
      8.032973280272882
     ],
     [
      0.9550881182490052,
      8.08413871517908
     ],
     [
      0.9550881182490052,
      8.152359295054008
     ],
     [
      1.023308698123934,
      8.339965889710063
     ],
     [
      1.0403638430926663,
      8.425241614553723
     ],
     [
      1.091529277998863,
      8.69812393405344
     ],
     [
      1.1085844229675952,
      8.919840818646959
     ],
     [
      1.159749857873792,
      9.107447413303014
     ],
     [
      1.176805002842524,
      9.209778283115407
     ],
     [
      1.2109152927799887,
      9.431495167708926
     ],
     [
      1.2279704377487208,
      9.550881182490052
     ],
     [
      1.2450255827174532,
      9.670267197271176
     ],
     [
      1.2450255827174532,
      9.789653212052302
     ],
     [
      1.2961910176236497,
      10.028425241614555
     ],
     [
      1.3132461625923821,
      10.164866401364412
     ],
     [
      1.3644115974985787,
      10.591245025582717
     ],
     [
      1.381466742467311,
      10.744741330301308
     ],
     [
      1.4155770324047754,
      11.06878908470722
     ],
     [
      1.4155770324047754,
      11.358726549175667
     ],
     [
      1.44968732234224,
      11.648664013644117
     ],
     [
      1.4667424673109721,
      11.768050028425241
     ],
     [
      1.5179079022171689,
      11.9044911881751
     ],
     [
      1.534963047185901,
      11.97271176805003
     ],
     [
      1.534963047185901,
      12.450255827174532
     ],
     [
      1.5179079022171689,
      12.569641841955656
     ],
     [
      1.4837976122797043,
      12.671972711768051
     ],
     [
      1.4667424673109721,
      12.791358726549175
     ],
     [
      1.44968732234224,
      12.97896532120523
     ],
     [
      1.44968732234224,
      13.030130756111427
     ],
     [
      1.4837976122797043,
      13.081296191017623
     ],
     [
      1.4837976122797043,
      13.217737350767482
     ],
     [
      1.44968732234224,
      13.285957930642411
     ],
     [
      9.977259806708357,
      13.285957930642411
     ],
     [
      10.028425241614555,
      13.268902785673678
     ],
     [
      10.062535531552019,
      13.251847640704947
     ],
     [
      10.096645821489483,
      13.217737350767482
     ],
     [
      10.318362706083002,
      13.13246162592382
     ],
     [
      10.386583285957931,
      13.081296191017623
     ],
     [
      10.437748720864128,
      13.081296191017623
     ],
     [
      10.591245025582717,
      13.013075611142694
     ],
     [
      10.898237635019898,
      12.859579306424106
     ],
     [
      11.051733939738488,
      12.808413871517908
     ],
     [
      11.085844229675953,
      12.791358726549175
     ],
     [
      11.154064809550881,
      12.74019329164298
     ],
     [
      11.392836839113132,
      12.637862421830587
     ],
     [
      11.546333143831722,
      12.535531552018192
     ],
     [
      11.580443433769187,
      12.51847640704946
     ],
     [
      11.665719158612848,
      12.501421262080727
     ],
     [
      11.9044911881751,
      12.382035247299603
     ],
     [
      11.955656623081296,
      12.36498010233087
     ],
     [
      12.006822057987494,
      12.36498010233087
     ],
     [
      12.347924957362137,
      12.245594087549744
     ],
     [
      12.382035247299603,
      12.228538942581013
     ],
     [
      12.416145537237067,
      12.194428652643548
     ],
     [
      12.637862421830587,
      12.109152927799887
     ],
     [
      12.671972711768051,
      12.092097782831154
     ],
     [
      12.706083001705515,
      12.075042637862422
     ],
     [
      12.774303581580444,
      12.023877202956225
     ],
     [
      12.842524161455373,
      11.955656623081296
     ],
     [
      12.961910176236499,
      11.887436043206367
     ],
     [
      13.098351335986356,
      11.819215463331439
     ],
     [
      13.303013075611142,
      11.75099488345651
     ],
     [
      13.456509380329733,
      11.733939738487777
     ],
     [
      13.524729960204661,
      11.699829448550313
     ],
     [
      13.592950540079592,
      11.682774303581581
     ],
     [
      13.678226264923252,
      11.665719158612848
     ],
     [
      13.763501989766914,
      11.665719158612848
     ],
     [
      14.002274019329164,
      11.614553723706651
     ],
     [
      14.087549744172826,
      11.59749857873792
     ],
     [
      14.138715179079023,
      11.580443433769187
     ],
     [
      14.189880613985219,
      11.546333143831722
     ],
     [
      14.292211483797612,
      11.529277998862991
     ],
     [
      14.34337691870381,
      11.512222853894258
     ],
     [
      14.582148948266061,
      11.409891984081865
     ],
     [
      14.684479818078454,
      11.392836839113132
     ],
     [
      14.769755542922114,
      11.358726549175667
     ],
     [
      14.855031267765776,
      11.324616259238203
     ],
     [
      15.008527572484367,
      11.256395679363274
     ],
     [
      15.434906196702672,
      11.051733939738488
     ],
     [
      15.588402501421262,
      10.98351335986356
     ],
     [
      15.673678226264924,
      10.966458214894827
     ],
     [
      16.031836270608302,
      10.795906765207505
     ],
     [
      16.134167140420693,
      10.76179647527004
     ],
     [
      16.27060830017055,
      10.710631040363843
     ],
     [
      16.441159749857874,
      10.676520750426379
     ],
     [
      16.49232518476407,
      10.642410460488914
     ],
     [
      16.560545764639,
      10.625355315520181
     ],
     [
      16.662876634451393,
      10.625355315520181
     ],
     [
      16.731097214326322,
      10.60830017055145
     ],
     [
      16.850483229107446,
      10.557134735645253
     ],
     [
      16.95281409891984,
      10.505969300739057
     ],
     [
      17.038089823763503,
      10.420693575895395
     ],
     [
      17.0892552586697,
      10.403638430926662
     ],
     [
      17.140420693575894,
      10.352472996020467
     ],
     [
      17.17453098351336,
      10.352472996020467
     ],
     [
      17.259806708357022,
      10.284252416145538
     ],
     [
      17.39624786810688,
      10.21603183627061
     ],
     [
      17.498578737919274,
      10.181921546333143
     ],
     [
      17.63501989766913,
      10.113700966458214
     ],
     [
      17.754405912450256,
      10.045480386583286
     ],
     [
      17.839681637293918,
      9.99431495167709
     ],
     [
      17.890847072200113,
      9.943149516770893
     ],
     [
      17.976122797043775,
      9.909039226833428
     ],
     [
      18.02728823194997,
      9.857873791927231
     ],
     [
      18.0955088118249,
      9.8408186469585
     ],
     [
      18.129619101762366,
      9.806708357021035
     ],
     [
      18.163729391699828,
      9.789653212052302
     ],
     [
      18.197839681637294,
      9.789653212052302
     ],
     [
      18.23194997157476,
      9.772598067083571
     ],
     [
      18.266060261512223,
      9.738487777146107
     ],
     [
      18.30017055144969,
      9.721432632177374
     ],
     [
      18.368391131324618,
      9.704377487208642
     ],
     [
      18.436611711199546,
      9.653212052302445
     ],
     [
      18.55599772598067,
      9.602046617396248
     ],
     [
      18.641273450824333,
      9.584991472427516
     ],
     [
      18.726549175667994,
      9.533826037521319
     ],
     [
      18.811824900511656,
      9.499715747583855
     ],
     [
      18.965321205230246,
      9.448550312677657
     ],
     [
      19.08470722001137,
      9.431495167708926
     ],
     [
      19.204093234792495,
      9.380329732802728
     ],
     [
      19.272313814667424,
      9.363274587833997
     ],
     [
      19.408754974417285,
      9.363274587833997
     ],
     [
      19.52814098919841,
      9.346219442865264
     ],
     [
      19.579306424104605,
      9.3121091529278
     ],
     [
      19.698692438885733,
      9.295054007959068
     ],
     [
      19.85218874360432,
      9.243888573052871
     ],
     [
      19.954519613416714,
      9.192723138146674
     ],
     [
      20.07390562819784,
      9.141557703240478
     ],
     [
      20.1591813530415,
      9.09039226833428
     ],
     [
      20.2103467879477,
      9.039226833428085
     ],
     [
      20.261512222853895,
      9.022171688459352
     ],
     [
      20.31267765776009,
      8.971006253553155
     ],
     [
      20.363843092666286,
      8.953951108584423
     ],
     [
      20.483229107447414,
      8.868675383740761
     ],
     [
      20.568504832291076,
      8.800454803865833
     ],
     [
      20.790221716884595,
      8.612848209209778
     ],
     [
      20.99488345650938,
      8.408186469584992
     ],
     [
      21.13132461625924,
      8.254690164866402
     ],
     [
      21.199545196134167,
      8.16941444002274
     ],
     [
      21.250710631040363,
      8.08413871517908
     ],
     [
      21.387151790790224,
      7.930642410460489
     ],
     [
      21.557703240477544,
      7.777146105741899
     ],
     [
      21.66003411028994,
      7.657760090960774
     ],
     [
      21.6941444002274,
      7.6407049459920415
     ],
     [
      21.711199545196134,
      7.6236498010233085
     ],
     [
      21.83058555997726,
      7.487208641273451
     ],
     [
      21.89880613985219,
      7.40193291642979
     ],
     [
      21.949971574758386,
      7.333712336554861
     ],
     [
      21.96702671972712,
      7.2484366117112
     ],
     [
      21.98408186469585,
      7.2143263217737355
     ],
     [
      22.018192154633315,
      7.163160886867539
     ],
     [
      22.103467879476977,
      7.077885162023877
     ],
     [
      22.12052302444571,
      7.043774872086413
     ],
     [
      22.12052302444571,
      7.0096645821489485
     ],
     [
      22.171688459351905,
      6.94144400227402
     ],
     [
      22.18874360432064,
      6.907333712336555
     ],
     [
      22.239909039226834,
      6.770892552586697
     ],
     [
      22.256964184195567,
      6.668561682774303
     ],
     [
      22.29107447413303,
      6.600341102899375
     ],
     [
      22.427515633882887,
      6.327458783399659
     ],
     [
      22.478681068789086,
      6.242183058555998
     ],
     [
      22.529846503695282,
      6.191017623649802
     ],
     [
      22.581011938601478,
      6.10574189880614
     ],
     [
      22.649232518476406,
      5.9693007390562824
     ],
     [
      22.802728823194997,
      5.662308129619102
     ],
     [
      22.81978396816373,
      5.577032404775441
     ],
     [
      22.870949403069925,
      5.49175667993178
     ],
     [
      22.88800454803866,
      5.406480955088118
     ],
     [
      22.956225127913587,
      5.2529846503695286
     ],
     [
      23.092666287663445,
      5.031267765776009
     ],
     [
      23.092666287663445,
      4.997157475838545
     ],
     [
      23.109721432632178,
      4.96304718590108
     ],
     [
      23.12677657760091,
      4.945992040932348
     ],
     [
      23.143831722569644,
      4.945992040932348
     ],
     [
      23.160886867538373,
      4.9289368959636155
     ],
     [
      23.212052302444572,
      4.843661171119955
     ],
     [
      23.246162592382035,
      4.775440591245026
     ],
     [
      23.297328027288234,
      4.673109721432632
     ],
     [
      23.314383172256964,
      4.570778851620239
     ],
     [
      23.382603752131892,
      4.417282546901649
     ],
     [
      23.399658897100625,
      4.383172256964184
     ],
     [
      23.43376918703809,
      4.34906196702672
     ],
     [
      23.45082433200682,
      4.280841387151791
     ],
     [
      23.51904491188175,
      4.195565662308129
     ],
     [
      23.587265491756682,
      4.110289937464469
     ],
     [
      23.911313246162592,
      3.786242183058556
     ],
     [
      24.081864695849916,
      3.649801023308698
     ],
     [
      24.11597498578738,
      3.615690733371234
     ],
     [
      24.184195565662307,
      3.5304150085275725
     ],
     [
      24.26947129050597,
      3.428084138715179
     ],
     [
      24.337691870380898,
      3.342808413871518
     ],
     [
      24.35474701534963,
      3.291642978965321
     ],
     [
      24.388857305287097,
      3.20636725412166
     ],
     [
      24.42296759522456,
      3.104036384309267
     ],
     [
      24.42296759522456,
      2.9846503695281412
     ],
     [
      24.457077885162025,
      2.89937464468448
     ],
     [
      24.491188175099488,
      2.8652643547470156
     ],
     [
      24.50824332006822,
      2.831154064809551
     ],
     [
      24.50824332006822,
      2.7970437748720864
     ],
     [
      24.57646389994315,
      2.677657760090961
     ],
     [
      24.66173962478681,
      2.5753268902785673
     ],
     [
      24.712905059693007,
      2.472996020466174
     ],
     [
      24.781125639567936,
      2.387720295622513
     ],
     [
      24.88345650938033,
      2.2683342808413873
     ],
     [
      25.03695281409892,
      2.1318931210915295
     ],
     [
      25.071063104036384,
      2.0977828311540647
     ],
     [
      25.10517339397385,
      2.029562251279136
     ],
     [
      25.156338828880045,
      1.9783968163729393
     ],
     [
      25.19044911881751,
      1.9272313814667426
     ],
     [
      25.224559408754974,
      1.8760659465605458
     ],
     [
      25.241614553723707,
      1.8419556566230812
     ],
     [
      25.25866969869244,
      1.807845366685617
     ],
     [
      25.309835133598636,
      1.6884593519044913
     ],
     [
      25.32689027856737,
      1.6372939169982945
     ],
     [
      25.309835133598636,
      1.534963047185901
     ],
     [
      25.275724843661173,
      1.534963047185901
     ],
     [
      25.25866969869244,
      1.5520181921546334
     ],
     [
      25.139283683911312,
      1.5690733371233656
     ],
     [
      25.019897669130188,
      1.60318362706083
     ],
     [
      24.88345650938033,
      1.671404206935759
     ],
     [
      24.747015349630473,
      1.7566799317794202
     ],
     [
      24.695849914724274,
      1.7907902217168847
     ],
     [
      24.610574189880616,
      1.8760659465605458
     ],
     [
      24.542353610005687,
      1.9272313814667426
     ],
     [
      24.42296759522456,
      1.9954519613416715
     ],
     [
      24.26947129050597,
      2.0807276861853325
     ],
     [
      24.150085275724845,
      2.1489482660602617
     ],
     [
      24.11597498578738,
      2.166003411028994
     ],
     [
      24.081864695849916,
      2.166003411028994
     ],
     [
      24.04775440591245,
      2.200113700966458
     ],
     [
      24.013644115974987,
      2.2171688459351904
     ],
     [
      23.860147811256397,
      2.2853894258101195
     ],
     [
      23.67254121660034,
      2.370665150653781
     ],
     [
      23.45082433200682,
      2.4388857305287095
     ],
     [
      23.365548607163163,
      2.4900511654349065
     ],
     [
      23.263217737350768,
      2.524161455372371
     ],
     [
      23.109721432632178,
      2.5753268902785673
     ],
     [
      23.024445707788516,
      2.5923820352472995
     ],
     [
      22.922114837976125,
      2.609437180216032
     ],
     [
      22.717453098351335,
      2.6264923251847643
     ],
     [
      22.44457077885162,
      2.6264923251847643
     ],
     [
      22.274019329164297,
      2.609437180216032
     ],
     [
      22.171688459351905,
      2.5923820352472995
     ],
     [
      22.052302444570778,
      2.5753268902785673
     ],
     [
      22.001137009664582,
      2.558271745309835
     ],
     [
      21.949971574758386,
      2.524161455372371
     ],
     [
      21.89880613985219,
      2.5071063104036386
     ],
     [
      21.81353041500853,
      2.5071063104036386
     ],
     [
      21.59181353041501,
      2.4388857305287095
     ],
     [
      21.250710631040363,
      2.370665150653781
     ],
     [
      21.14837976122797,
      2.353610005685048
     ],
     [
      20.43206367254122,
      2.353610005685048
     ],
     [
      20.31267765776009,
      2.370665150653781
     ],
     [
      20.22740193291643,
      2.387720295622513
     ],
     [
      20.14212620807277,
      2.4218305855599773
     ],
     [
      20.05685048322911,
      2.4388857305287095
     ],
     [
      19.886299033541786,
      2.4559408754974417
     ],
     [
      19.56225127913587,
      2.4900511654349065
     ],
     [
      19.340534394542352,
      2.4900511654349065
     ],
     [
      19.187038089823766,
      2.472996020466174
     ],
     [
      18.948266060261513,
      2.4218305855599773
     ],
     [
      18.880045480386585,
      2.404775440591245
     ],
     [
      18.77771461057419,
      2.370665150653781
     ],
     [
      18.675383740761795,
      2.319499715747584
     ],
     [
      18.6242183058556,
      2.3024445707788517
     ],
     [
      18.573052870949404,
      2.2853894258101195
     ],
     [
      18.436611711199546,
      2.2683342808413873
     ],
     [
      18.31722569641842,
      2.251279135872655
     ],
     [
      18.214894826606027,
      2.251279135872655
     ],
     [
      18.112563956793633,
      2.2853894258101195
     ],
     [
      17.839681637293918,
      2.3024445707788517
     ],
     [
      17.686185332575327,
      2.3024445707788517
     ],
     [
      17.48152359295054,
      2.2853894258101195
     ],
     [
      17.345082433200684,
      2.251279135872655
     ],
     [
      17.191586128482093,
      2.2171688459351904
     ],
     [
      17.123365548607165,
      2.200113700966458
     ],
     [
      17.055144968732236,
      2.183058555997726
     ],
     [
      16.850483229107446,
      2.0977828311540647
     ],
     [
      16.57760090960773,
      2.012507106310404
     ],
     [
      16.509380329732803,
      2.012507106310404
     ],
     [
      16.38999431495168,
      1.961341671404207
     ],
     [
      16.25355315520182,
      1.9272313814667426
     ],
     [
      16.04889141557703,
      1.8760659465605458
     ],
     [
      15.776009096077317,
      1.824900511654349
     ],
     [
      15.65662308129619,
      1.807845366685617
     ],
     [
      15.520181921546333,
      1.807845366685617
     ],
     [
      15.281409891984083,
      1.7566799317794202
     ],
     [
      15.11085844229676,
      1.739624786810688
     ],
     [
      14.837976122797045,
      1.739624786810688
     ],
     [
      14.769755542922114,
      1.7225696418419556
     ],
     [
      14.65036952814099,
      1.671404206935759
     ],
     [
      14.582148948266061,
      1.671404206935759
     ],
     [
      14.51392836839113,
      1.6543490619670267
     ],
     [
      14.360432063672542,
      1.60318362706083
     ],
     [
      14.326321773735078,
      1.5861284820920978
     ],
     [
      14.206935758953952,
      1.4837976122797043
     ],
     [
      14.155770324047754,
      1.44968732234224
     ],
     [
      14.087549744172826,
      1.4326321773735078
     ],
     [
      14.019329164297897,
      1.381466742467311
     ],
     [
      13.951108584422968,
      1.3473564525298465
     ],
     [
      13.899943149516771,
      1.3303013075611143
     ],
     [
      13.848777714610575,
      1.3132461625923821
     ],
     [
      13.797612279704378,
      1.3132461625923821
     ],
     [
      13.74644684479818,
      1.2961910176236497
     ],
     [
      13.627060830017056,
      1.2450255827174532
     ],
     [
      13.490619670267197,
      1.176805002842524
     ],
     [
      13.388288800454804,
      1.1085844229675952
     ],
     [
      13.251847640704947,
      1.023308698123934
     ],
     [
      12.876634451392837,
      0.7504263786242183
     ],
     [
      12.82546901648664,
      0.7333712336554861
     ],
     [
      12.791358726549175,
      0.6651506537805572
     ],
     [
      12.706083001705515,
      0.6139852188743604
     ],
     [
      12.58669698692439,
      0.5969300739056282
     ],
     [
      12.552586696986925,
      0.5628197839681638
     ],
     [
      12.51847640704946,
      0.5628197839681638
     ],
     [
      12.484366117111996,
      0.5457646389994315
     ],
     [
      12.399090392268334,
      0.4945992040932348
     ],
     [
      12.296759522455941,
      0.40932347924957363
     ],
     [
      12.228538942581013,
      0.3752131893121092
     ],
     [
      12.126208072768618,
      0.34110289937464466
     ],
     [
      12.092097782831154,
      0.3069926094371802
     ],
     [
      12.040932347924958,
      0.289937464468448
     ],
     [
      11.98976691301876,
      0.27288231949971575
     ],
     [
      11.887436043206367,
      0.2558271745309835
     ],
     [
      11.819215463331439,
      0.22171688459351904
     ],
     [
      11.580443433769187,
      0.10233086981239341
     ],
     [
      11.478112563956794,
      0.03411028993746447
     ],
     [
      11.426947129050598,
      0.0
     ],
     [
      2.5071063104036386,
      0.0
     ]
    ],
    "type": "LineString"
   },
   "properties": {
    "elevation": 300.0
   },
   "type": "Feature"
  },
  {
   "geometry": {
    "coordinates": [
     [
      2.6435474701534964,
      12.05798749289369
     ],
     [
      2.7288231949971573,
      12.05798749289369
     ],
     [
      2.7288231949971573,
      12.109152927799887
     ],
     [
      2.694712905059693,
      12.143263217737351
     ],
     [
      2.6264923251847643,
      12.126208072768618
     ],
     [
      2.6264923251847643,
      12.092097782831154
     ],
     [
      2.6435474701534964,
      12.05798749289369
     ]
    ],
    "type": "LineString"
   },
   "properties": {
    "elevation": 300.0
   },
   "type": "Feature"
  },
  {
   "geometry": {
    "coordinates": [
     [
      6.480955088118249,
      8.08413871517908
     ],
     [
      6.480955088118249,
      8.08413871517908
     ]
    ],
    "type": "LineString"
   },
   "properties": {
    "elevation": 300.0
   },
   "type": "Feature"
  },
  {
   "geometry": {
    "coordinates": [
     [
      6.515065378055714,
      8.067083570210347
     ],
     [
      6.515065378055714,
      8.067083570210347
     ]
    ],
    "type": "LineString"
   },
   "properties": {
    "elevation": 300.0
   },
   "type": "Feature"
  },
  {
   "geometry": {
    "coordinates": [
     [
      8.357021034678795,
      2.370665150653781
     ],
     [
      8.357021034678795,
      2.370665150653781
     ]
    ],
    "type": "LineString"
   },
   "properties": {
    "elevation": 300.0
   },
   "type": "Feature"
  },
  {
   "geometry": {
    "coordinates": [
     [
      8.101193860147811,
      2.2853894258101195
     ],
     [
      8.101193860147811,
      2.2853894258101195
     ]
    ],
    "type": "LineString"
   },
   "properties": {
    "elevation": 300.0
   },
   "type": "Feature"
  },
  {
   "geometry": {
    "coordinates": [
     [
      4.417282546901649,
      2.2683342808413873
     ],
     [
      4.417282546901649,
      2.2683342808413873
     ]
    ],
    "type": "LineString"
   },
   "properties": {
    "elevation": 300.0
   },
   "type": "Feature"
  },
  {
   "geometry": {
    "coordinates": [
     [
      24.88345650938033,
      2.2342239909039225
     ],
     [
      24.815235929505402,
      2.2342239909039225
     ],
     [
      24.88345650938033,
      2.2342239909039225
     ]
    ],
    "type": "LineString"
   },
   "properties": {
    "elevation": 300.0
   },
   "type": "Feature"
  },
  {
   "geometry": {
    "coordinates": [
     [
      4.434337691870381,
      2.2342239909039225
     ],
     [
      4.434337691870381,
      2.2342239909039225
     ]
    ],
    "type": "LineString"
   },
   "properties": {
    "elevation": 300.0
   },
   "type": "Feature"
  },
  {
   "geometry": {
    "coordinates": [
     [
      24.934621944286526,
      2.183058555997726
     ],
     [
      24.934621944286526,
      2.183058555997726
     ]
    ],
    "type": "LineString"
   },
   "properties": {
    "elevation": 300.0
   },
   "type": "Feature"
  },
  {
   "geometry": {
    "coordinates": [
     [
      2.5071063104036386,
      0.0
     ],
     [
      2.4900511654349065,
      0.03411028993746447
     ],
     [
      2.4388857305287095,
      0.13644115974985788
     ],
     [
      2.370665150653781,
      0.289937464468448
     ],
     [
      2.336554860716316,
      0.40932347924957363
     ],
     [
      2.2853894258101195,
      0.5628197839681638
     ],
     [
      2.2683342808413873,
      0.6310403638430927
     ],
     [
      2.251279135872655,
      0.801591813530415
     ],
     [
      2.2171688459351904,
      0.9550881182490052
     ],
     [
      2.1489482660602617,
      1.2109152927799887
     ],
     [
      2.0636725412166004,
      1.44968732234224
     ],
     [
      2.012507106310404,
      1.6202387720295623
     ],
     [
      1.9954519613416715,
      1.7566799317794202
     ],
     [
      1.961341671404207,
      1.824900511654349
     ],
     [
      1.9442865264354747,
      1.893121091529278
     ],
     [
      1.9272313814667426,
      2.029562251279136
     ],
     [
      1.8760659465605458,
      2.166003411028994
     ],
     [
      1.8590108015918136,
      2.2342239909039225
     ],
     [
      1.807845366685617,
      2.4559408754974417
     ],
     [
      1.7907902217168847,
      2.609437180216032
     ],
     [
      1.739624786810688,
      2.74587833996589
     ],
     [
      1.739624786810688,
      2.8140989198408186
     ],
     [
      1.7225696418419556,
      2.8823194997157477
     ],
     [
      1.671404206935759,
      3.0017055144968734
     ],
     [
      1.6543490619670267,
      3.069926094371802
     ],
     [
      1.6543490619670267,
      3.138146674246731
     ],
     [
      1.5861284820920978,
      3.3257532689027856
     ],
     [
      1.5861284820920978,
      3.3939738487777147
     ],
     [
      1.534963047185901,
      3.5133598635588403
     ],
     [
      1.5179079022171689,
      3.632745878339966
     ],
     [
      1.44968732234224,
      3.854462762933485
     ],
     [
      1.4326321773735078,
      3.9056281978396816
     ],
     [
      1.381466742467311,
      4.076179647527004
     ],
     [
      1.3644115974985787,
      4.127345082433201
     ],
     [
      1.3303013075611143,
      4.178510517339397
     ],
     [
      1.3132461625923821,
      4.229675952245594
     ],
     [
      1.3132461625923821,
      4.280841387151791
     ],
     [
      1.2961910176236497,
      4.332006822057988
     ],
     [
      1.176805002842524,
      4.673109721432632
     ],
     [
      1.1085844229675952,
      4.792495736213758
     ],
     [
      1.091529277998863,
      4.843661171119955
     ],
     [
      1.0403638430926663,
      5.014212620807277
     ],
     [
      1.023308698123934,
      5.082433200682206
     ],
     [
      1.006253553155202,
      5.287094940306993
     ],
     [
      0.9550881182490052,
      5.542922114837976
     ],
     [
      0.9039226833428085,
      5.662308129619102
     ],
     [
      0.8868675383740762,
      5.730528709494031
     ],
     [
      0.869812393405344,
      5.79874928936896
     ],
     [
      0.8527572484366117,
      5.884025014212621
     ],
     [
      0.8357021034678795,
      5.9693007390562824
     ],
     [
      0.8186469584991473,
      6.0716316088686755
     ],
     [
      0.8186469584991473,
      6.1739624786810685
     ],
     [
      0.7845366685616828,
      6.276293348493462
     ],
     [
      0.7674815235929505,
      6.3786242183058555
     ],
     [
      0.7504263786242183,
      6.498010233086982
     ],
     [
      0.7504263786242183,
      6.651506537805571
     ],
     [
      0.6992609437180216,
      6.907333712336555
     ],
     [
      0.6822057987492893,
      7.060830017055145
     ],
     [
      0.6822057987492893,
      7.231381466742468
     ],
     [
      0.6651506537805572,
      7.2484366117112
     ],
     [
      0.6651506537805572,
      7.40193291642979
     ],
     [
      0.6822057987492893,
      7.470153496304719
     ],
     [
      0.7333712336554861,
      7.589539511085844
     ],
     [
      0.7504263786242183,
      7.6236498010233085
     ],
     [
      0.801591813530415,
      7.691870380898238
     ],
     [
      0.8357021034678795,
      7.760090960773167
     ],
     [
      0.869812393405344,
      7.845366685616828
     ],
     [
      0.9380329732802729,
      8.032973280272882
     ],
     [
      0.9550881182490052,
      8.08413871517908
     ],
     [
      0.9550881182490052,
      8.152359295054008
     ],
     [
      1.023308698123934,
      8.339965889710063
     ],
     [
      1.0403638430926663,
      8.425241614553723
     ],
     [
      1.091529277998863,
      8.69812393405344
     ],
     [
      1.1085844229675952,
      8.919840818646959
     ],
     [
      1.159749857873792,
      9.107447413303014
     ],
     [
      1.176805002842524,
      9.209778283115407
     ],
     [
      1.2109152927799887,
      9.431495167708926
     ],
     [
      1.2279704377487208,
      9.550881182490052
     ],
     [
      1.2450255827174532,
      9.670267197271176
     ],
     [
      1.2450255827174532,
      9.789653212052302
     ],
     [
      1.2961910176236497,
      10.028425241614555
     ],
     [
      1.3132461625923821,
      10.164866401364412
     ],
     [
      1.3644115974985787,
      10.591245025582717
     ],
     [
      1.381466742467311,
      10.744741330301308
     ],
     [
      1.4155770324047754,
      11.06878908470722
     ],
     [
      1.4155770324047754,
      11.358726549175667
     ],
     [
      1.44968732234224,
      11.648664013644117
     ],
     [
      1.4667424673109721,
      11.768050028425241
     ],
     [
      1.5179079022171689,
      11.9044911881751
     ],
     [
      1.534963047185901,
      11.97271176805003
     ],
     [
      1.534963047185901,
      12.450255827174532
     ],
     [
      1.5179079022171689,
      12.569641841955656
     ],
     [
      1.4837976122797043,
      12.671972711768051
     ],
     [
      1.4667424673109721,
      12.791358726549175
     ],
     [
      1.44968732234224,
      12.97896532120523
     ],
     [
      1.44968732234224,
      13.030130756111427
     ],
     [
      1.4837976122797043,
      13.081296191017623
     ],
     [
      1.4837976122797043,
      13.217737350767482
     ],
     [
      1.44968732234224,
      13.285957930642411
     ],
     [
      6.87322342239909,
      13.285957930642411
     ],
     [
      6.907333712336555,
      13.251847640704947
     ],
     [
      6.94144400227402,
      13.217737350767482
     ],
     [
      7.180216031836271,
      13.081296191017623
     ],
     [
      7.265491756679932,
      13.064241046048892
     ],
     [
      7.384877771461057,
      12.996020466173963
     ],
     [
      7.504263786242183,
      12.944855031267766
     ],
     [
      7.55542922114838,
      12.927799886299034
     ],
     [
      7.674815235929506,
      12.910744741330301
     ],
     [
      7.794201250710631,
      12.859579306424106
     ],
     [
      7.913587265491757,
      12.791358726549175
     ],
     [
      7.998862990335418,
      12.757248436611711
     ],
     [
      8.015918135304151,
      12.791358726549175
     ],
     [
      8.050028425241615,
      12.774303581580444
     ],
     [
      8.050028425241615,
      12.757248436611711
     ],
     [
      8.08413871517908,
      12.723138146674247
     ],
     [
      8.135304150085275,
      12.706083001705515
     ],
     [
      8.16941444002274,
      12.689027856736782
     ],
     [
      8.135304150085275,
      12.671972711768051
     ],
     [
      8.186469584991473,
      12.654917566799318
     ],
     [
      8.220579874928937,
      12.620807276861854
     ],
     [
      8.254690164866402,
      12.620807276861854
     ],
     [
      8.288800454803866,
      12.60375213189312
     ],
     [
      8.374076179647528,
      12.535531552018192
     ],
     [
      8.408186469584992,
      12.51847640704946
     ],
     [
      8.510517339397385,
      12.484366117111996
     ],
     [
      8.69812393405344,
      12.433200682205799
     ],
     [
      8.783399658897102,
      12.399090392268334
     ],
     [
      8.919840818646959,
      12.347924957362137
     ],
     [
      8.971006253553155,
      12.296759522455941
     ],
     [
      9.056281978396816,
      12.279704377487208
     ],
     [
      9.141557703240478,
      12.228538942581013
     ],
     [
      9.22683342808414,
      12.21148379761228
     ],
     [
      9.3121091529278,
      12.160318362706084
     ],
     [
      9.397384877771461,
      12.143263217737351
     ],
     [
      9.482660602615123,
      12.092097782831154
     ],
     [
      9.567936327458783,
      12.075042637862422
     ],
     [
      9.772598067083571,
      12.023877202956225
     ],
     [
      9.857873791927231,
      12.023877202956225
     ],
     [
      9.909039226833428,
      12.006822057987494
     ],
     [
      9.960204661739626,
      11.97271176805003
     ],
     [
      10.011370096645821,
      11.955656623081296
     ],
     [
      10.062535531552019,
      11.955656623081296
     ],
     [
      10.113700966458214,
      11.938601478112565
     ],
     [
      10.505969300739057,
      11.802160318362706
     ],
     [
      10.744741330301308,
      11.682774303581581
     ],
     [
      10.83001705514497,
      11.665719158612848
     ],
     [
      10.98351335986356,
      11.59749857873792
     ],
     [
      11.205230244457079,
      11.478112563956794
     ],
     [
      11.392836839113132,
      11.409891984081865
     ],
     [
      11.733939738487777,
      11.239340534394543
     ],
     [
      11.785105173393974,
      11.188175099488346
     ],
     [
      11.83627060830017,
      11.171119954519614
     ],
     [
      11.887436043206367,
      11.137009664582148
     ],
     [
      12.040932347924958,
      10.98351335986356
     ],
     [
      12.126208072768618,
      10.932347924957362
     ],
     [
      12.160318362706084,
      10.91529277998863
     ],
     [
      12.194428652643548,
      10.898237635019898
     ],
     [
      12.313814667424673,
      10.8470722001137
     ],
     [
      12.58669698692439,
      10.76179647527004
     ],
     [
      12.706083001705515,
      10.710631040363843
     ],
     [
      12.961910176236499,
      10.574189880613986
     ],
     [
      13.013075611142694,
      10.557134735645253
     ],
     [
      13.11540648095509,
      10.540079590676521
     ],
     [
      13.166571915861285,
      10.505969300739057
     ],
     [
      13.217737350767482,
      10.488914155770324
     ],
     [
      13.337123365548607,
      10.45480386583286
     ],
     [
      13.405343945423537,
      10.45480386583286
     ],
     [
      13.473564525298466,
      10.420693575895395
     ],
     [
      13.558840250142126,
      10.420693575895395
     ],
     [
      13.627060830017056,
      10.403638430926662
     ],
     [
      13.695281409891985,
      10.386583285957931
     ],
     [
      13.88288800454804,
      10.335417851051734
     ],
     [
      14.002274019329164,
      10.284252416145538
     ],
     [
      14.12166003411029,
      10.267197271176805
     ],
     [
      14.241046048891416,
      10.21603183627061
     ],
     [
      14.360432063672542,
      10.198976691301876
     ],
     [
      14.582148948266061,
      10.130756111426948
     ],
     [
      14.752700397953383,
      10.07959067652075
     ],
     [
      15.025582717453098,
      9.99431495167709
     ],
     [
      15.076748152359295,
      9.977259806708357
     ],
     [
      15.127913587265493,
      9.943149516770893
     ],
     [
      15.451961341671405,
      9.857873791927231
     ],
     [
      15.5031267765776,
      9.8408186469585
     ],
     [
      15.605457646389995,
      9.789653212052302
     ],
     [
      15.65662308129619,
      9.789653212052302
     ],
     [
      15.707788516202388,
      9.772598067083571
     ],
     [
      15.980670835702103,
      9.653212052302445
     ],
     [
      16.083001705514498,
      9.636156907333712
     ],
     [
      16.32177373507675,
      9.550881182490052
     ],
     [
      16.407049459920408,
      9.516770892552588
     ],
     [
      16.475270039795337,
      9.482660602615123
     ],
     [
      16.57760090960773,
      9.431495167708926
     ],
     [
      16.816372939169984,
      9.277998862990335
     ],
     [
      16.969869243888574,
      9.175667993177942
     ],
     [
      17.072200113700966,
      9.07333712336555
     ],
     [
      17.157475838544627,
      9.00511654349062
     ],
     [
      17.225696418419556,
      8.953951108584423
     ],
     [
      17.362137578169413,
      8.868675383740761
     ],
     [
      17.447413303013075,
      8.817509948834566
     ],
     [
      17.532689027856737,
      8.800454803865833
     ],
     [
      17.600909607731666,
      8.766344513928368
     ],
     [
      17.70324047754406,
      8.715179079022171
     ],
     [
      17.822626492325185,
      8.646958499147242
     ],
     [
      17.92495736213758,
      8.578737919272314
     ],
     [
      18.01023308698124,
      8.510517339397385
     ],
     [
      18.07845366685617,
      8.459351904491188
     ],
     [
      18.1466742467311,
      8.442296759522456
     ],
     [
      18.55599772598067,
      8.220579874928937
     ],
     [
      18.675383740761795,
      8.16941444002274
     ],
     [
      18.965321205230246,
      8.050028425241615
     ],
     [
      19.067652075042638,
      8.015918135304151
     ],
     [
      19.357589539511086,
      7.913587265491757
     ],
     [
      19.408754974417285,
      7.896532120523025
     ],
     [
      19.494030699260943,
      7.896532120523025
     ],
     [
      19.545196134167142,
      7.879476975554292
     ],
     [
      19.61341671404207,
      7.845366685616828
     ],
     [
      19.715747583854462,
      7.794201250710631
     ],
     [
      19.76691301876066,
      7.760090960773167
     ],
     [
      19.869243888573052,
      7.657760090960774
     ],
     [
      19.93746446844798,
      7.606594656054576
     ],
     [
      19.98862990335418,
      7.572484366117112
     ],
     [
      20.039795338260376,
      7.538374076179648
     ],
     [
      20.176236498010233,
      7.470153496304719
     ],
     [
      20.244457077885162,
      7.418988061398522
     ],
     [
      20.31267765776009,
      7.350767481523593
     ],
     [
      20.329732802728824,
      7.350767481523593
     ],
     [
      20.38089823763502,
      7.299602046617396
     ],
     [
      20.38089823763502,
      7.282546901648664
     ],
     [
      20.449118817509948,
      7.2143263217737355
     ],
     [
      20.500284252416147,
      7.180216031836271
     ],
     [
      20.551449687322343,
      7.163160886867539
     ],
     [
      20.585559977259805,
      7.129050596930074
     ],
     [
      20.60261512222854,
      7.129050596930074
     ],
     [
      20.61967026719727,
      7.1119954519613415
     ],
     [
      20.61967026719727,
      7.094940306992609
     ],
     [
      20.653780557134738,
      7.060830017055145
     ],
     [
      20.6878908470722,
      6.992609437180216
     ],
     [
      20.704945992040933,
      6.924388857305288
     ],
     [
      20.722001137009666,
      6.890278567367822
     ],
     [
      20.773166571915862,
      6.8050028425241615
     ],
     [
      20.824332006822058,
      6.736782262649233
     ],
     [
      20.960773166571915,
      6.583285957930642
     ],
     [
      20.99488345650938,
      6.532120523024446
     ],
     [
      21.046048891415577,
      6.446844798180785
     ],
     [
      21.097214326321772,
      6.361569073337123
     ],
     [
      21.114269471290505,
      6.327458783399659
     ],
     [
      21.13132461625924,
      6.293348493462195
     ],
     [
      21.165434906196705,
      6.1739624786810685
     ],
     [
      21.250710631040363,
      6.020466173962479
     ],
     [
      21.28482092097783,
      5.9693007390562824
     ],
     [
      21.353041500852758,
      5.901080159181353
     ],
     [
      21.37009664582149,
      5.849914724275156
     ],
     [
      21.404206935758953,
      5.781694144400228
     ],
     [
      21.421262080727686,
      5.730528709494031
     ],
     [
      21.43831722569642,
      5.662308129619102
     ],
     [
      21.455372370665152,
      5.594087549744173
     ],
     [
      21.455372370665152,
      5.49175667993178
     ],
     [
      21.506537805571348,
      5.389425810119386
     ],
     [
      21.52359295054008,
      5.287094940306993
     ],
     [
      21.608868675383743,
      5.184764070494599
     ],
     [
      21.625923820352472,
      5.150653780557135
     ],
     [
      21.625923820352472,
      5.11654349061967
     ],
     [
      21.66003411028994,
      5.082433200682206
     ],
     [
      21.67708925525867,
      5.031267765776009
     ],
     [
      21.6941444002274,
      4.980102330869813
     ],
     [
      21.7453098351336,
      4.758385446276294
     ],
     [
      21.76236498010233,
      4.6219442865264355
     ],
     [
      21.76236498010233,
      4.434337691870381
     ],
     [
      21.81353041500853,
      4.280841387151791
     ],
     [
      21.83058555997726,
      4.127345082433201
     ],
     [
      21.84764070494599,
      4.076179647527004
     ],
     [
      21.91586128482092,
      3.9567936327458786
     ],
     [
      21.949971574758386,
      3.8715179079022173
     ],
     [
      21.96702671972712,
      3.8203524729960208
     ],
     [
      21.949971574758386,
      3.6839113132461625
     ],
     [
      21.89880613985219,
      3.6668561682774303
     ],
     [
      21.796475270039796,
      3.632745878339966
     ],
     [
      21.728254690164867,
      3.615690733371234
     ],
     [
      21.625923820352472,
      3.5986355884025016
     ],
     [
      21.52359295054008,
      3.5815804434337695
     ],
     [
      21.080159181353043,
      3.5815804434337695
     ],
     [
      20.722001137009666,
      3.615690733371234
     ],
     [
      20.551449687322343,
      3.5986355884025016
     ],
     [
      20.483229107447414,
      3.5986355884025016
     ],
     [
      20.43206367254122,
      3.632745878339966
     ],
     [
      20.295622512791358,
      3.649801023308698
     ],
     [
      20.1591813530415,
      3.649801023308698
     ],
     [
      20.022740193291643,
      3.6839113132461625
     ],
     [
      19.869243888573052,
      3.700966458214895
     ],
     [
      18.948266060261513,
      3.6839113132461625
     ],
     [
      18.914155770324047,
      3.700966458214895
     ],
     [
      18.692438885730528,
      3.632745878339966
     ],
     [
      18.607163160886866,
      3.632745878339966
     ],
     [
      18.521887436043208,
      3.5986355884025016
     ],
     [
      18.436611711199546,
      3.5815804434337695
     ],
     [
      18.33428084138715,
      3.564525298465037
     ],
     [
      18.197839681637294,
      3.5474701534963047
     ],
     [
      18.061398521887437,
      3.5304150085275725
     ],
     [
      17.720295622512793,
      3.5304150085275725
     ],
     [
      17.515633882888004,
      3.479249573621376
     ],
     [
      17.39624786810688,
      3.479249573621376
     ],
     [
      17.310972143263218,
      3.428084138715179
     ],
     [
      17.259806708357022,
      3.411028993746447
     ],
     [
      17.208641273450823,
      3.3939738487777147
     ],
     [
      17.0892552586697,
      3.3598635588402503
     ],
     [
      16.918703808982375,
      3.342808413871518
     ],
     [
      16.850483229107446,
      3.3086981239340534
     ],
     [
      16.76520750426379,
      3.291642978965321
     ],
     [
      16.509380329732803,
      3.274587833996589
     ],
     [
      16.441159749857874,
      3.257532689027857
     ],
     [
      16.11711199545196,
      3.1552018192154634
     ],
     [
      15.980670835702103,
      3.138146674246731
     ],
     [
      15.861284820920979,
      3.104036384309267
     ],
     [
      15.741898806139853,
      3.069926094371802
     ],
     [
      15.520181921546333,
      3.0017055144968734
     ],
     [
      15.247299602046617,
      2.916429789653212
     ],
     [
      15.196134167140421,
      2.8823194997157477
     ],
     [
      15.144968732234224,
      2.8652643547470156
     ],
     [
      15.025582717453098,
      2.848209209778283
     ],
     [
      14.73564525298465,
      2.74587833996589
     ],
     [
      14.616259238203526,
      2.711768050028425
     ],
     [
      14.548038658328595,
      2.711768050028425
     ],
     [
      14.479818078453667,
      2.677657760090961
     ],
     [
      14.411597498578738,
      2.6606026151222286
     ],
     [
      14.326321773735078,
      2.6606026151222286
     ],
     [
      14.27515633882888,
      2.6435474701534964
     ],
     [
      14.036384309266628,
      2.524161455372371
     ],
     [
      13.916998294485504,
      2.4900511654349065
     ],
     [
      13.797612279704378,
      2.4388857305287095
     ],
     [
      13.678226264923252,
      2.370665150653781
     ],
     [
      13.592950540079592,
      2.353610005685048
     ],
     [
      13.558840250142126,
      2.319499715747584
     ],
     [
      13.388288800454804,
      2.251279135872655
     ],
     [
      13.20068220579875,
      2.166003411028994
     ],
     [
      13.166571915861285,
      2.1489482660602617
     ],
     [
      13.13246162592382,
      2.114837976122797
     ],
     [
      13.098351335986356,
      2.0977828311540647
     ],
     [
      12.757248436611711,
      1.9442865264354747
     ],
     [
      12.382035247299603,
      1.739624786810688
     ],
     [
      12.313814667424673,
      1.7225696418419556
     ],
     [
      12.279704377487208,
      1.6884593519044913
     ],
     [
      12.21148379761228,
      1.671404206935759
     ],
     [
      12.126208072768618,
      1.6202387720295623
     ],
     [
      12.040932347924958,
      1.534963047185901
     ],
     [
      11.97271176805003,
      1.5179079022171689
     ],
     [
      11.785105173393974,
      1.3985218874360432
     ],
     [
      11.409891984081865,
      1.2279704377487208
     ],
     [
      11.392836839113132,
      1.1938601478112565
     ],
     [
      11.358726549175667,
      1.176805002842524
     ],
     [
      11.307561114269472,
      1.1426947129050598
     ],
     [
      11.239340534394543,
      1.1085844229675952
     ],
     [
      11.171119954519614,
      1.091529277998863
     ],
     [
      11.137009664582148,
      1.0744741330301308
     ],
     [
      11.051733939738488,
      1.006253553155202
     ],
     [
      11.000568504832291,
      0.9721432632177374
     ],
     [
      10.898237635019898,
      0.9380329732802729
     ],
     [
      10.83001705514497,
      0.8868675383740762
     ],
     [
      10.795906765207505,
      0.869812393405344
     ],
     [
      10.744741330301308,
      0.869812393405344
     ],
     [
      10.659465605457646,
      0.8186469584991473
     ],
     [
      10.60830017055145,
      0.7674815235929505
     ],
     [
      10.557134735645253,
      0.7504263786242183
     ],
     [
      10.284252416145538,
      0.6480955088118249
     ],
     [
      10.21603183627061,
      0.6310403638430927
     ],
     [
      10.130756111426948,
      0.6139852188743604
     ],
     [
      10.045480386583286,
      0.6139852188743604
     ],
     [
      9.977259806708357,
      0.5969300739056282
     ],
     [
      9.789653212052302,
      0.5457646389994315
     ],
     [
      9.738487777146107,
      0.5287094940306992
     ],
     [
      9.68732234223991,
      0.511654349061967
     ],
     [
      9.550881182490052,
      0.4434337691870381
     ],
     [
      9.499715747583855,
      0.42637862421830586
     ],
     [
      9.448550312677657,
      0.40932347924957363
     ],
     [
      9.22683342808414,
      0.34110289937464466
     ],
     [
      9.15861284820921,
      0.34110289937464466
     ],
     [
      9.039226833428085,
      0.289937464468448
     ],
     [
      8.971006253553155,
      0.27288231949971575
     ],
     [
      8.902785673678226,
      0.27288231949971575
     ],
     [
      8.834565093803297,
      0.2558271745309835
     ],
     [
      8.646958499147242,
      0.20466173962478681
     ],
     [
      8.578737919272314,
      0.1876065946560546
     ],
     [
      8.47640704945992,
      0.13644115974985788
     ],
     [
      8.357021034678795,
      0.11938601478112565
     ],
     [
      8.254690164866402,
      0.06822057987492894
     ],
     [
      8.203524729960204,
      0.06822057987492894
     ],
     [
      8.152359295054008,
      0.051165434906196704
     ],
     [
      8.067083570210347,
      0.0
     ],
     [
      2.5071063104036386,
      0.0
     ]
    ],
    "type": "LineString"
   },
   "properties": {
    "elevation": 310.0
   },
   "type": "Feature"
  },
  {
   "geometry": {
    "coordinates": [
     [
      2.6435474701534964,
      12.05798749289369
     ],
     [
      2.7288231949971573,
      12.05798749289369
     ],
     [
      2.7288231949971573,
      12.109152927799887
     ],
     [
      2.694712905059693,
      12.143263217737351
     ],
     [
      2.6264923251847643,
      12.126208072768618
     ],
     [
      2.6264923251847643,
      12.092097782831154
     ],
     [
      2.6435474701534964,
      12.05798749289369
     ]
    ],
    "type": "LineString"
   },
   "properties": {
    "elevation": 310.0
   },
   "type": "Feature"
  },
  {
   "geometry": {
    "coordinates": [
     [
      6.480955088118249,
      8.08413871517908
     ],
     [
      6.480955088118249,
      8.08413871517908
     ]
    ],
    "type": "LineString"
   },
   "properties": {
    "elevation": 310.0
   },
   "type": "Feature"
  },
  {
   "geometry": {
    "coordinates": [
     [
      6.515065378055714,
      8.067083570210347
     ],
     [
      6.515065378055714,
      8.067083570210347
     ]
    ],
    "type": "LineString"
   },
   "properties": {
    "elevation": 310.0
   },
   "type": "Feature"
  },
  {
   "geometry": {
    "coordinates": [
     [
      8.357021034678795,
      2.370665150653781
     ],
     [
      8.357021034678795,
      2.370665150653781
     ]
    ],
    "type": "LineString"
   },
   "properties": {
    "elevation": 310.0
   },
   "type": "Feature"
  },
  {
   "geometry": {
    "coordinates": [
     [
      8.101193860147811,
      2.2853894258101195
     ],
     [
      8.101193860147811,
      2.2853894258101195
     ]
    ],
    "type": "LineString"
   },
   "properties": {
    "elevation": 310.0
   },
   "type": "Feature"
  },
  {
   "geometry": {
    "coordinates": [
     [
      4.417282546901649,
      2.2683342808413873
     ],
     [
      4.417282546901649,
      2.2683342808413873
     ]
    ],
    "type": "LineString"
   },
   "properties": {
    "elevation": 310.0
   },
   "type": "Feature"
  },
  {
   "geometry": {
    "coordinates": [
     [
      4.434337691870381,
      2.2342239909039225
     ],
     [
      4.434337691870381,
      2.2342239909039225
     ]
    ],
    "type": "LineString"
   },
   "properties": {
    "elevation": 310.0
   },
   "type": "Feature"
  },
  {
   "geometry": {
    "coordinates": [
     [
      3.786242183058556,
      0.5457646389994315
     ],
     [
      3.7180216031836273,
      0.579874928936896
     ],
     [
      3.615690733371234,
      0.6310403638430927
     ],
     [
      3.5133598635588403,
      0.7333712336554861
     ],
     [
      3.479249573621376,
      0.7845366685616828
     ],
     [
      3.445139283683911,
      0.8357021034678795
     ],
     [
      3.428084138715179,
      0.869812393405344
     ],
     [
      3.411028993746447,
      0.9039226833428085
     ],
     [
      3.3598635588402503,
      1.023308698123934
     ],
     [
      3.3257532689027856,
      1.1256395679363276
     ],
     [
      3.3086981239340534,
      1.176805002842524
     ],
     [
      3.274587833996589,
      1.3303013075611143
     ],
     [
      3.257532689027857,
      1.381466742467311
     ],
     [
      3.2234223990903925,
      1.4326321773735078
     ],
     [
      3.20636725412166,
      1.4837976122797043
     ],
     [
      3.121091529277999,
      1.7566799317794202
     ],
     [
      2.916429789653212,
      2.4218305855599773
     ],
     [
      2.8652643547470156,
      2.5923820352472995
     ],
     [
      2.848209209778283,
      2.711768050028425
     ],
     [
      2.7799886299033543,
      2.8823194997157477
     ],
     [
      2.7799886299033543,
      2.9505400795906764
     ],
     [
      2.711768050028425,
      3.121091529277999
     ],
     [
      2.6606026151222286,
      3.3086981239340534
     ],
     [
      2.6435474701534964,
      3.3769187038089825
     ],
     [
      2.6435474701534964,
      3.462194428652644
     ],
     [
      2.6264923251847643,
      3.5304150085275725
     ],
     [
      2.5753268902785673,
      3.6839113132461625
     ],
     [
      2.558271745309835,
      3.7350767481523595
     ],
     [
      2.5071063104036386,
      3.9056281978396816
     ],
     [
      2.4900511654349065,
      3.9567936327458786
     ],
     [
      2.4559408754974417,
      4.0079590676520755
     ],
     [
      2.4388857305287095,
      4.059124502558272
     ],
     [
      2.4388857305287095,
      4.110289937464469
     ],
     [
      2.4218305855599773,
      4.161455372370665
     ],
     [
      2.404775440591245,
      4.212620807276862
     ],
     [
      2.251279135872655,
      4.587833996588971
     ],
     [
      2.183058555997726,
      4.775440591245026
     ],
     [
      2.0977828311540647,
      5.014212620807277
     ],
     [
      2.012507106310404,
      5.2529846503695286
     ],
     [
      2.012507106310404,
      5.304150085275725
     ],
     [
      1.9783968163729393,
      5.355315520181922
     ],
     [
      1.9442865264354747,
      5.474701534963048
     ],
     [
      1.9272313814667426,
      5.577032404775441
     ],
     [
      1.9272313814667426,
      5.679363274587834
     ],
     [
      1.893121091529278,
      5.7646389994314955
     ],
     [
      1.8760659465605458,
      5.884025014212621
     ],
     [
      1.8760659465605458,
      6.020466173962479
     ],
     [
      1.8590108015918136,
      6.139852188743604
     ],
     [
      1.807845366685617,
      6.293348493462195
     ],
     [
      1.7907902217168847,
      6.446844798180785
     ],
     [
      1.7737350767481523,
      6.515065378055714
     ],
     [
      1.739624786810688,
      6.617396247868107
     ],
     [
      1.671404206935759,
      6.770892552586697
     ],
     [
      1.671404206935759,
      6.907333712336555
     ],
     [
      1.6884593519044913,
      7.043774872086413
     ],
     [
      1.7225696418419556,
      7.180216031836271
     ],
     [
      1.7225696418419556,
      7.3166571915861285
     ],
     [
      1.739624786810688,
      7.453098351335987
     ],
     [
      1.7566799317794202,
      7.521318931210915
     ],
     [
      1.7907902217168847,
      7.572484366117112
     ],
     [
      1.8760659465605458,
      7.896532120523025
     ],
     [
      1.9272313814667426,
      7.998862990335418
     ],
     [
      1.9442865264354747,
      8.050028425241615
     ],
     [
      1.9783968163729393,
      8.16941444002274
     ],
     [
      2.012507106310404,
      8.288800454803866
     ],
     [
      2.012507106310404,
      8.357021034678795
     ],
     [
      2.0807276861853325,
      8.54462762933485
     ],
     [
      2.0807276861853325,
      8.612848209209778
     ],
     [
      2.1318931210915295,
      8.749289368959637
     ],
     [
      2.1489482660602617,
      8.817509948834566
     ],
     [
      2.166003411028994,
      8.919840818646959
     ],
     [
      2.183058555997726,
      9.056281978396816
     ],
     [
      2.200113700966458,
      9.192723138146674
     ],
     [
      2.2171688459351904,
      9.397384877771461
     ],
     [
      2.2171688459351904,
      9.431495167708926
     ],
     [
      2.200113700966458,
      9.584991472427516
     ],
     [
      2.2171688459351904,
      9.772598067083571
     ],
     [
      2.2342239909039225,
      9.92609437180216
     ],
     [
      2.251279135872655,
      10.045480386583286
     ],
     [
      2.2853894258101195,
      10.164866401364412
     ],
     [
      2.3024445707788517,
      10.403638430926662
     ],
     [
      2.336554860716316,
      10.523024445707788
     ],
     [
      2.353610005685048,
      10.642410460488914
     ],
     [
      2.353610005685048,
      10.812961910176236
     ],
     [
      2.387720295622513,
      10.966458214894827
     ],
     [
      2.387720295622513,
      11.341671404206936
     ],
     [
      2.370665150653781,
      11.495167708925527
     ],
     [
      2.353610005685048,
      11.580443433769187
     ],
     [
      2.336554860716316,
      11.648664013644117
     ],
     [
      2.2853894258101195,
      11.819215463331439
     ],
     [
      2.2683342808413873,
      11.870380898237634
     ],
     [
      2.2171688459351904,
      11.98976691301876
     ],
     [
      2.1489482660602617,
      12.126208072768618
     ],
     [
      2.0636725412166004,
      12.21148379761228
     ],
     [
      2.012507106310404,
      12.313814667424673
     ],
     [
      1.961341671404207,
      12.467310972143263
     ],
     [
      1.9442865264354747,
      12.569641841955656
     ],
     [
      1.9442865264354747,
      12.757248436611711
     ],
     [
      1.9783968163729393,
      12.842524161455373
     ],
     [
      1.9954519613416715,
      12.876634451392837
     ],
     [
      2.012507106310404,
      12.89368959636157
     ],
     [
      2.046617396247868,
      12.910744741330301
     ],
     [
      2.0636725412166004,
      12.927799886299034
     ],
     [
      2.0807276861853325,
      12.944855031267766
     ],
     [
      2.0977828311540647,
      12.996020466173963
     ],
     [
      2.1489482660602617,
      13.047185901080159
     ],
     [
      2.251279135872655,
      13.234792495736214
     ],
     [
      2.2853894258101195,
      13.285957930642411
     ],
     [
      4.7242751563388286,
      13.285957930642411
     ],
     [
      4.792495736213758,
      13.20068220579875
     ],
     [
      4.945992040932348,
      13.081296191017623
     ],
     [
      5.218874360432064,
      12.808413871517908
     ],
     [
      5.304150085275725,
      12.757248436611711
     ],
     [
      5.406480955088118,
      12.654917566799318
     ],
     [
      5.49175667993178,
      12.58669698692439
     ],
     [
      5.645252984650369,
      12.467310972143263
     ],
     [
      5.7646389994314955,
      12.382035247299603
     ],
     [
      5.815804434337692,
      12.36498010233087
     ],
     [
      5.884025014212621,
      12.296759522455941
     ],
     [
      5.935190449118817,
      12.279704377487208
     ],
     [
      5.986355884025015,
      12.228538942581013
     ],
     [
      6.10574189880614,
      12.160318362706084
     ],
     [
      6.139852188743604,
      12.160318362706084
     ],
     [
      6.583285957930642,
      11.9044911881751
     ],
     [
      6.685616827743036,
      11.853325753268903
     ],
     [
      7.077885162023877,
      11.682774303581581
     ],
     [
      7.163160886867539,
      11.648664013644117
     ],
     [
      7.2484366117112,
      11.614553723706651
     ],
     [
      7.299602046617396,
      11.59749857873792
     ],
     [
      7.350767481523593,
      11.59749857873792
     ],
     [
      7.40193291642979,
      11.580443433769187
     ],
     [
      7.504263786242183,
      11.529277998862991
     ],
     [
      7.606594656054576,
      11.495167708925527
     ],
     [
      7.777146105741899,
      11.495167708925527
     ],
     [
      7.879476975554292,
      11.478112563956794
     ],
     [
      7.930642410460489,
      11.461057418988062
     ],
     [
      8.015918135304151,
      11.409891984081865
     ],
     [
      8.288800454803866,
      11.324616259238203
     ],
     [
      8.425241614553723,
      11.307561114269472
     ],
     [
      8.493462194428654,
      11.273450824332008
     ],
     [
      8.629903354178511,
      11.256395679363274
     ],
     [
      8.715179079022171,
      11.22228538942581
     ],
     [
      8.85162023877203,
      11.171119954519614
     ],
     [
      8.93689596361569,
      11.119954519613417
     ],
     [
      8.988061398521888,
      11.119954519613417
     ],
     [
      9.124502558271745,
      11.051733939738488
     ],
     [
      9.209778283115407,
      10.98351335986356
     ],
     [
      9.329164297896533,
      10.91529277998863
     ],
     [
      9.363274587833997,
      10.898237635019898
     ],
     [
      9.482660602615123,
      10.8470722001137
     ],
     [
      9.636156907333712,
      10.778851620238772
     ],
     [
      9.755542922114838,
      10.727686185332576
     ],
     [
      9.8408186469585,
      10.693575895395112
     ],
     [
      9.92609437180216,
      10.676520750426379
     ],
     [
      10.011370096645821,
      10.625355315520181
     ],
     [
      10.113700966458214,
      10.60830017055145
     ],
     [
      10.30130756111427,
      10.540079590676521
     ],
     [
      10.386583285957931,
      10.488914155770324
     ],
     [
      10.471859010801593,
      10.471859010801593
     ],
     [
      10.591245025582717,
      10.420693575895395
     ],
     [
      10.710631040363843,
      10.352472996020467
     ],
     [
      10.795906765207505,
      10.335417851051734
     ],
     [
      10.83001705514497,
      10.318362706083002
     ],
     [
      10.932347924957362,
      10.250142126208074
     ],
     [
      10.98351335986356,
      10.21603183627061
     ],
     [
      11.051733939738488,
      10.198976691301876
     ],
     [
      11.137009664582148,
      10.181921546333143
     ],
     [
      11.324616259238203,
      10.164866401364412
     ],
     [
      11.409891984081865,
      10.147811256395679
     ],
     [
      11.461057418988062,
      10.130756111426948
     ],
     [
      11.495167708925527,
      10.113700966458214
     ],
     [
      11.546333143831722,
      10.062535531552019
     ],
     [
      11.59749857873792,
      10.062535531552019
     ],
     [
      11.631608868675384,
      10.045480386583286
     ],
     [
      11.716884593519046,
      9.99431495167709
     ],
     [
      11.785105173393974,
      9.92609437180216
     ],
     [
      11.853325753268903,
      9.891984081864695
     ],
     [
      11.955656623081296,
      9.857873791927231
     ],
     [
      12.023877202956225,
      9.789653212052302
     ],
     [
      12.05798749289369,
      9.789653212052302
     ],
     [
      12.109152927799887,
      9.738487777146107
     ],
     [
      12.143263217737351,
      9.721432632177374
     ],
     [
      12.296759522455941,
      9.653212052302445
     ],
     [
      12.450255827174532,
      9.584991472427516
     ],
     [
      12.60375213189312,
      9.516770892552588
     ],
     [
      12.689027856736782,
      9.499715747583855
     ],
     [
      12.876634451392837,
      9.380329732802728
     ],
     [
      12.910744741330301,
      9.363274587833997
     ],
     [
      12.944855031267766,
      9.363274587833997
     ],
     [
      13.013075611142694,
      9.3121091529278
     ],
     [
      13.047185901080159,
      9.295054007959068
     ],
     [
      13.20068220579875,
      9.22683342808414
     ],
     [
      13.285957930642411,
      9.209778283115407
     ],
     [
      13.371233655486073,
      9.15861284820921
     ],
     [
      13.422399090392268,
      9.141557703240478
     ],
     [
      13.592950540079592,
      9.09039226833428
     ],
     [
      13.695281409891985,
      9.07333712336555
     ],
     [
      13.780557134735645,
      9.056281978396816
     ],
     [
      13.934053439454235,
      9.056281978396816
     ],
     [
      13.985218874360433,
      9.022171688459352
     ],
     [
      14.053439454235361,
      9.022171688459352
     ],
     [
      14.189880613985219,
      8.953951108584423
     ],
     [
      14.292211483797612,
      8.93689596361569
     ],
     [
      14.479818078453667,
      8.868675383740761
     ],
     [
      14.786810687890847,
      8.749289368959637
     ],
     [
      14.991472427515633,
      8.664013644115975
     ],
     [
      15.11085844229676,
      8.612848209209778
     ],
     [
      15.451961341671405,
      8.459351904491188
     ],
     [
      15.65662308129619,
      8.357021034678795
     ],
     [
      15.741898806139853,
      8.305855599772599
     ],
     [
      15.79306424104605,
      8.271745309835135
     ],
     [
      15.997725980670836,
      8.118249005116544
     ],
     [
      16.219442865264355,
      7.896532120523025
     ],
     [
      16.32177373507675,
      7.811256395679363
     ],
     [
      16.407049459920408,
      7.743035815804435
     ],
     [
      16.560545764639,
      7.6236498010233085
     ],
     [
      16.628766344513927,
      7.572484366117112
     ],
     [
      16.679931779420127,
      7.538374076179648
     ],
     [
      16.816372939169984,
      7.470153496304719
     ],
     [
      17.003979533826037,
      7.333712336554861
     ],
     [
      17.0892552586697,
      7.282546901648664
     ],
     [
      17.259806708357022,
      7.197271176805003
     ],
     [
      17.515633882888004,
      7.043774872086413
     ],
     [
      17.80557134735645,
      6.856168277430358
     ],
     [
      17.85673678226265,
      6.822057987492894
     ],
     [
      17.907902217168846,
      6.787947697555429
     ],
     [
      17.993177942012508,
      6.7026719727117685
     ],
     [
      18.02728823194997,
      6.685616827743036
     ],
     [
      18.061398521887437,
      6.668561682774303
     ],
     [
      18.214894826606027,
      6.617396247868107
     ],
     [
      18.40250142126208,
      6.600341102899375
     ],
     [
      18.487777146105742,
      6.56623081296191
     ],
     [
      18.521887436043208,
      6.549175667993178
     ],
     [
      18.55599772598067,
      6.515065378055714
     ],
     [
      18.726549175667994,
      6.446844798180785
     ],
     [
      18.77771461057419,
      6.41273450824332
     ],
     [
      18.914155770324047,
      6.293348493462195
     ],
     [
      18.982376350198976,
      6.242183058555998
     ],
     [
      19.118817509948833,
      6.156907333712336
     ],
     [
      19.204093234792495,
      6.10574189880614
     ],
     [
      19.23820352472996,
      6.088686753837408
     ],
     [
      19.323479249573623,
      6.0716316088686755
     ],
     [
      19.357589539511086,
      6.054576463899943
     ],
     [
      19.408754974417285,
      6.020466173962479
     ],
     [
      19.545196134167142,
      5.8669698692438885
     ],
     [
      19.596361569073338,
      5.832859579306424
     ],
     [
      19.61341671404207,
      5.79874928936896
     ],
     [
      19.61341671404207,
      5.7646389994314955
     ],
     [
      19.647527003979533,
      5.713473564525299
     ],
     [
      19.664582148948266,
      5.628197839681637
     ],
     [
      19.698692438885733,
      5.628197839681637
     ],
     [
      19.698692438885733,
      5.594087549744173
     ],
     [
      19.749857873791928,
      5.525866969869244
     ],
     [
      19.801023308698124,
      5.42353610005685
     ],
     [
      19.886299033541786,
      5.235929505400796
     ],
     [
      19.886299033541786,
      5.150653780557135
     ],
     [
      19.869243888573052,
      5.082433200682206
     ],
     [
      19.85218874360432,
      5.048322910744742
     ],
     [
      19.801023308698124,
      4.980102330869813
     ],
     [
      19.78396816372939,
      4.96304718590108
     ],
     [
      19.76691301876066,
      4.96304718590108
     ],
     [
      19.732802728823195,
      4.9289368959636155
     ],
     [
      19.698692438885733,
      4.911881750994883
     ],
     [
      19.6304718590108,
      4.894826606026151
     ],
     [
      19.52814098919841,
      4.877771461057419
     ],
     [
      19.408754974417285,
      4.877771461057419
     ],
     [
      19.289368959636157,
      4.843661171119955
     ],
     [
      18.982376350198976,
      4.843661171119955
     ],
     [
      18.743604320636727,
      4.80955088118249
     ],
     [
      18.487777146105742,
      4.80955088118249
     ],
     [
      18.30017055144969,
      4.758385446276294
     ],
     [
      18.07845366685617,
      4.741330301307562
     ],
     [
      17.907902217168846,
      4.707220011370096
     ],
     [
      17.822626492325185,
      4.690164866401364
     ],
     [
      17.77146105741899,
      4.673109721432632
     ],
     [
      17.63501989766913,
      4.604889141557703
     ],
     [
      17.583854462762933,
      4.587833996588971
     ],
     [
      17.532689027856737,
      4.570778851620239
     ],
     [
      17.413303013075613,
      4.536668561682775
     ],
     [
      17.345082433200684,
      4.536668561682775
     ],
     [
      17.276861853325755,
      4.50255827174531
     ],
     [
      17.208641273450823,
      4.485503126776577
     ],
     [
      17.123365548607165,
      4.468447981807845
     ],
     [
      17.003979533826037,
      4.468447981807845
     ],
     [
      16.918703808982375,
      4.451392836839113
     ],
     [
      16.850483229107446,
      4.417282546901649
     ],
     [
      16.71404206935759,
      4.400227401932916
     ],
     [
      16.64582148948266,
      4.383172256964184
     ],
     [
      16.594656054576465,
      4.366117111995452
     ],
     [
      16.33882888004548,
      4.263786242183059
     ],
     [
      16.202387720295622,
      4.246731097214327
     ],
     [
      16.01478112563957,
      4.178510517339397
     ],
     [
      15.929505400795907,
      4.178510517339397
     ],
     [
      15.861284820920979,
      4.144400227401933
     ],
     [
      15.707788516202388,
      4.110289937464469
     ],
     [
      15.622512791358727,
      4.110289937464469
     ],
     [
      15.366685616827743,
      4.04206935758954
     ],
     [
      15.196134167140421,
      3.9738487777146108
     ],
     [
      15.127913587265493,
      3.9738487777146108
     ],
     [
      15.093803297328028,
      3.9567936327458786
     ],
     [
      15.059693007390564,
      3.939738487777146
     ],
     [
      14.991472427515633,
      3.8885730528709495
     ],
     [
      14.88914155770324,
      3.837407617964753
     ],
     [
      14.73564525298465,
      3.769187038089824
     ],
     [
      14.599204093234793,
      3.7180216031836273
     ],
     [
      14.548038658328595,
      3.700966458214895
     ],
     [
      14.27515633882888,
      3.632745878339966
     ],
     [
      14.104604889141559,
      3.632745878339966
     ],
     [
      13.934053439454235,
      3.564525298465037
     ],
     [
      13.81466742467311,
      3.5474701534963047
     ],
     [
      13.66117111995452,
      3.496304718590108
     ],
     [
      13.439454235361001,
      3.411028993746447
     ],
     [
      13.35417851051734,
      3.3769187038089825
     ],
     [
      13.166571915861285,
      3.291642978965321
     ],
     [
      12.842524161455373,
      3.138146674246731
     ],
     [
      12.74019329164298,
      3.0869812393405343
     ],
     [
      12.569641841955656,
      3.0017055144968734
     ],
     [
      12.347924957362137,
      2.8652643547470156
     ],
     [
      11.699829448550313,
      2.541216600341103
     ],
     [
      11.529277998862991,
      2.4900511654349065
     ],
     [
      11.426947129050598,
      2.4388857305287095
     ],
     [
      11.22228538942581,
      2.336554860716316
     ],
     [
      11.137009664582148,
      2.2853894258101195
     ],
     [
      11.085844229675953,
      2.2342239909039225
     ],
     [
      11.017623649801024,
      2.200113700966458
     ],
     [
      10.881182490051165,
      2.1318931210915295
     ],
     [
      10.540079590676521,
      1.961341671404207
     ],
     [
      10.386583285957931,
      1.893121091529278
     ],
     [
      10.198976691301876,
      1.807845366685617
     ],
     [
      10.147811256395679,
      1.807845366685617
     ],
     [
      10.113700966458214,
      1.7907902217168847
     ],
     [
      10.07959067652075,
      1.7566799317794202
     ],
     [
      10.045480386583286,
      1.7566799317794202
     ],
     [
      10.011370096645821,
      1.7225696418419556
     ],
     [
      9.977259806708357,
      1.7055144968732234
     ],
     [
      9.909039226833428,
      1.6884593519044913
     ],
     [
      9.772598067083571,
      1.6543490619670267
     ],
     [
      9.68732234223991,
      1.6543490619670267
     ],
     [
      9.61910176236498,
      1.6372939169982945
     ],
     [
      9.567936327458783,
      1.6202387720295623
     ],
     [
      9.482660602615123,
      1.5861284820920978
     ],
     [
      9.363274587833997,
      1.5179079022171689
     ],
     [
      9.260943718021604,
      1.5008527572484367
     ],
     [
      9.209778283115407,
      1.4667424673109721
     ],
     [
      9.15861284820921,
      1.44968732234224
     ],
     [
      9.107447413303014,
      1.44968732234224
     ],
     [
      9.056281978396816,
      1.4155770324047754
     ],
     [
      9.00511654349062,
      1.3985218874360432
     ],
     [
      8.732234223990904,
      1.3132461625923821
     ],
     [
      8.664013644115975,
      1.3132461625923821
     ],
     [
      8.442296759522456,
      1.2450255827174532
     ],
     [
      8.271745309835135,
      1.176805002842524
     ],
     [
      8.101193860147811,
      1.1256395679363276
     ],
     [
      7.981807845366686,
      1.1085844229675952
     ],
     [
      7.86242183058556,
      1.0574189880613984
     ],
     [
      7.794201250710631,
      1.0403638430926663
     ],
     [
      7.6236498010233085,
      1.023308698123934
     ],
     [
      7.538374076179648,
      0.9891984081864696
     ],
     [
      7.453098351335987,
      0.9721432632177374
     ],
     [
      7.265491756679932,
      0.9550881182490052
     ],
     [
      7.094940306992609,
      0.9039226833428085
     ],
     [
      6.651506537805571,
      0.8357021034678795
     ],
     [
      6.56623081296191,
      0.8186469584991473
     ],
     [
      6.395679363274588,
      0.7674815235929505
     ],
     [
      6.276293348493462,
      0.7504263786242183
     ],
     [
      5.9693007390562824,
      0.7504263786242183
     ],
     [
      5.474701534963048,
      0.7163160886867539
     ],
     [
      5.235929505400796,
      0.6992609437180216
     ],
     [
      5.065378055713474,
      0.6822057987492893
     ],
     [
      4.7242751563388286,
      0.6310403638430927
     ],
     [
      4.536668561682775,
      0.6310403638430927
     ],
     [
      4.417282546901649,
      0.6139852188743604
     ],
     [
      4.246731097214327,
      0.5628197839681638
     ],
     [
      4.144400227401933,
      0.5457646389994315
     ],
     [
      3.9056281978396816,
      0.5287094940306992
     ],
     [
      3.786242183058556,
      0.5457646389994315
     ]
    ],
    "type": "LineString"
   },
   "properties": {
    "elevation": 320.0
   },
   "type": "Feature"
  },
  {
   "geometry": {
    "coordinates": [
     [
      2.6435474701534964,
      12.05798749289369
     ],
     [
      2.7288231949971573,
      12.05798749289369
     ],
     [
      2.7288231949971573,
      12.109152927799887
     ],
     [
      2.694712905059693,
      12.143263217737351
     ],
     [
      2.6264923251847643,
      12.126208072768618
     ],
     [
      2.6264923251847643,
      12.092097782831154
     ],
     [
      2.6435474701534964,
      12.05798749289369
     ]
    ],
    "type": "LineString"
   },
   "properties": {
    "elevation": 320.0
   },
   "type": "Feature"
  },
  {
   "geometry": {
    "coordinates": [
     [
      6.480955088118249,
      8.08413871517908
     ],
     [
      6.480955088118249,
      8.08413871517908
     ]
    ],
    "type": "LineString"
   },
   "properties": {
    "elevation": 320.0
   },
   "type": "Feature"
  },
  {
   "geometry": {
    "coordinates": [
     [
      6.515065378055714,
      8.067083570210347
     ],
     [
      6.515065378055714,
      8.067083570210347
     ]
    ],
    "type": "LineString"
   },
   "properties": {
    "elevation": 320.0
   },
   "type": "Feature"
  },
  {
   "geometry": {
    "coordinates": [
     [
      8.357021034678795,
      2.370665150653781
     ],
     [
      8.357021034678795,
      2.370665150653781
     ]
    ],
    "type": "LineString"
   },
   "properties": {
    "elevation": 320.0
   },
   "type": "Feature"
  },
  {
   "geometry": {
    "coordinates": [
     [
      8.101193860147811,
      2.2853894258101195
     ],
     [
      8.101193860147811,
      2.2853894258101195
     ]
    ],
    "type": "LineString"
   },
   "properties": {
    "elevation": 320.0
   },
   "type": "Feature"
  },
  {
   "geometry": {
    "coordinates": [
     [
      4.417282546901649,
      2.2683342808413873
     ],
     [
      4.417282546901649,
      2.2683342808413873
     ]
    ],
    "type": "LineString"
   },
   "properties": {
    "elevation": 320.0
   },
   "type": "Feature"
  },
  {
   "geometry": {
    "coordinates": [
     [
      4.434337691870381,
      2.2342239909039225
     ],
     [
      4.434337691870381,
      2.2342239909039225
     ]
    ],
    "type": "LineString"
   },
   "properties": {
    "elevation": 320.0
   },
   "type": "Feature"
  },
  {
   "geometry": {
    "coordinates": [
     [
      6.225127913587266,
      1.7225696418419556
     ],
     [
      5.713473564525299,
      1.739624786810688
     ],
     [
      5.49175667993178,
      1.7566799317794202
     ],
     [
      5.304150085275725,
      1.7737350767481523
     ],
     [
      5.184764070494599,
      1.7907902217168847
     ],
     [
      5.082433200682206,
      1.807845366685617
     ],
     [
      4.860716316088687,
      1.8760659465605458
     ],
     [
      4.792495736213758,
      1.8760659465605458
     ],
     [
      4.707220011370096,
      1.893121091529278
     ],
     [
      4.673109721432632,
      1.9101762364980104
     ],
     [
      4.604889141557703,
      1.9783968163729393
     ],
     [
      4.587833996588971,
      1.9783968163729393
     ],
     [
      4.536668561682775,
      2.029562251279136
     ],
     [
      4.50255827174531,
      2.0977828311540647
     ],
     [
      4.485503126776577,
      2.166003411028994
     ],
     [
      4.451392836839113,
      2.200113700966458
     ],
     [
      4.417282546901649,
      2.2171688459351904
     ],
     [
      4.383172256964184,
      2.2683342808413873
     ],
     [
      4.34906196702672,
      2.319499715747584
     ],
     [
      4.297896532120523,
      2.404775440591245
     ],
     [
      4.246731097214327,
      2.5071063104036386
     ],
     [
      4.229675952245594,
      2.541216600341103
     ],
     [
      4.178510517339397,
      2.677657760090961
     ],
     [
      4.127345082433201,
      2.74587833996589
     ],
     [
      4.04206935758954,
      2.9334849346219443
     ],
     [
      4.025014212620808,
      3.0187606594656056
     ],
     [
      3.9738487777146108,
      3.104036384309267
     ],
     [
      3.9567936327458786,
      3.1893121091529277
     ],
     [
      3.8715179079022173,
      3.3598635588402503
     ],
     [
      3.837407617964753,
      3.445139283683911
     ],
     [
      3.803297328027288,
      3.5474701534963047
     ],
     [
      3.786242183058556,
      3.5986355884025016
     ],
     [
      3.7521318931210916,
      3.7521318931210916
     ],
     [
      3.7350767481523595,
      3.803297328027288
     ],
     [
      3.6839113132461625,
      3.939738487777146
     ],
     [
      3.615690733371234,
      4.127345082433201
     ],
     [
      3.496304718590108,
      4.366117111995452
     ],
     [
      3.462194428652644,
      4.468447981807845
     ],
     [
      3.342808413871518,
      4.8266060261512225
     ],
     [
      3.274587833996589,
      5.1335986355884025
     ],
     [
      3.20636725412166,
      5.355315520181922
     ],
     [
      3.121091529277999,
      5.628197839681637
     ],
     [
      3.104036384309267,
      5.679363274587834
     ],
     [
      3.0869812393405343,
      5.730528709494031
     ],
     [
      3.0017055144968734,
      5.918135304150085
     ],
     [
      2.9334849346219443,
      6.10574189880614
     ],
     [
      2.916429789653212,
      6.156907333712336
     ],
     [
      2.848209209778283,
      6.3786242183058555
     ],
     [
      2.8140989198408186,
      6.498010233086982
     ],
     [
      2.7970437748720864,
      6.56623081296191
     ],
     [
      2.7799886299033543,
      6.7026719727117685
     ],
     [
      2.7799886299033543,
      6.958499147242752
     ],
     [
      2.762933484934622,
      6.975554292211484
     ],
     [
      2.762933484934622,
      7.2143263217737355
     ],
     [
      2.7799886299033543,
      7.350767481523593
     ],
     [
      2.7970437748720864,
      7.470153496304719
     ],
     [
      2.8140989198408186,
      7.538374076179648
     ],
     [
      2.89937464468448,
      7.760090960773167
     ],
     [
      2.916429789653212,
      7.845366685616828
     ],
     [
      2.9334849346219443,
      7.9476975554292215
     ],
     [
      2.9505400795906764,
      8.050028425241615
     ],
     [
      2.9505400795906764,
      8.32291074474133
     ],
     [
      2.9846503695281412,
      8.425241614553723
     ],
     [
      2.9846503695281412,
      8.527572484366118
     ],
     [
      3.0017055144968734,
      8.612848209209778
     ],
     [
      3.0187606594656056,
      8.664013644115975
     ],
     [
      3.121091529277999,
      8.919840818646959
     ],
     [
      3.138146674246731,
      9.056281978396816
     ],
     [
      3.1893121091529277,
      9.192723138146674
     ],
     [
      3.20636725412166,
      9.260943718021604
     ],
     [
      3.2404775440591247,
      9.414440022740193
     ],
     [
      3.257532689027857,
      9.499715747583855
     ],
     [
      3.274587833996589,
      9.670267197271176
     ],
     [
      3.3086981239340534,
      9.755542922114838
     ],
     [
      3.3257532689027856,
      9.8408186469585
     ],
     [
      3.342808413871518,
      9.943149516770893
     ],
     [
      3.342808413871518,
      10.062535531552019
     ],
     [
      3.411028993746447,
      10.386583285957931
     ],
     [
      3.445139283683911,
      10.642410460488914
     ],
     [
      3.462194428652644,
      10.778851620238772
     ],
     [
      3.479249573621376,
      11.085844229675953
     ],
     [
      3.496304718590108,
      11.205230244457079
     ],
     [
      3.5474701534963047,
      11.426947129050598
     ],
     [
      3.5474701534963047,
      11.529277998862991
     ],
     [
      3.564525298465037,
      11.563388288800455
     ],
     [
      3.632745878339966,
      11.59749857873792
     ],
     [
      3.8203524729960208,
      11.59749857873792
     ],
     [
      3.939738487777146,
      11.580443433769187
     ],
     [
      4.04206935758954,
      11.563388288800455
     ],
     [
      4.246731097214327,
      11.512222853894258
     ],
     [
      4.297896532120523,
      11.495167708925527
     ],
     [
      4.383172256964184,
      11.461057418988062
     ],
     [
      4.536668561682775,
      11.3757816941444
     ],
     [
      4.775440591245026,
      11.290505969300739
     ],
     [
      4.894826606026151,
      11.290505969300739
     ],
     [
      4.945992040932348,
      11.273450824332008
     ],
     [
      5.031267765776009,
      11.239340534394543
     ],
     [
      5.099488345650938,
      11.205230244457079
     ],
     [
      5.201819215463331,
      11.154064809550881
     ],
     [
      5.338260375213189,
      11.051733939738488
     ],
     [
      5.4405912450255824,
      11.000568504832291
     ],
     [
      5.679363274587834,
      10.881182490051165
     ],
     [
      5.815804434337692,
      10.83001705514497
     ],
     [
      5.8669698692438885,
      10.83001705514497
     ],
     [
      5.918135304150085,
      10.812961910176236
     ],
     [
      6.037521318931211,
      10.76179647527004
     ],
     [
      6.191017623649802,
      10.693575895395112
     ],
     [
      6.225127913587266,
      10.676520750426379
     ],
     [
      6.293348493462195,
      10.625355315520181
     ],
     [
      6.361569073337123,
      10.60830017055145
     ],
     [
      6.429789653212053,
      10.557134735645253
     ],
     [
      6.498010233086982,
      10.540079590676521
     ],
     [
      6.532120523024446,
      10.505969300739057
     ],
     [
      6.56623081296191,
      10.488914155770324
     ],
     [
      6.668561682774303,
      10.45480386583286
     ],
     [
      6.753837407617965,
      10.420693575895395
     ],
     [
      6.856168277430358,
      10.403638430926662
     ],
     [
      6.907333712336555,
      10.369528140989198
     ],
     [
      6.958499147242752,
      10.352472996020467
     ],
     [
      7.043774872086413,
      10.335417851051734
     ],
     [
      7.197271176805003,
      10.318362706083002
     ],
     [
      7.521318931210915,
      10.318362706083002
     ],
     [
      7.589539511085844,
      10.352472996020467
     ],
     [
      7.725980670835702,
      10.352472996020467
     ],
     [
      7.828311540648095,
      10.335417851051734
     ],
     [
      7.879476975554292,
      10.318362706083002
     ],
     [
      7.964752700397954,
      10.284252416145538
     ],
     [
      8.050028425241615,
      10.23308698123934
     ],
     [
      8.101193860147811,
      10.21603183627061
     ],
     [
      8.220579874928937,
      10.181921546333143
     ],
     [
      8.288800454803866,
      10.164866401364412
     ],
     [
      8.391131324616259,
      10.164866401364412
     ],
     [
      8.47640704945992,
      10.147811256395679
     ],
     [
      8.561682774303582,
      10.130756111426948
     ],
     [
      8.595793064241047,
      10.113700966458214
     ],
     [
      8.646958499147242,
      10.062535531552019
     ],
     [
      8.783399658897102,
      9.99431495167709
     ],
     [
      8.902785673678226,
      9.943149516770893
     ],
     [
      9.022171688459352,
      9.909039226833428
     ],
     [
      9.09039226833428,
      9.874928936895964
     ],
     [
      9.192723138146674,
      9.823763501989767
     ],
     [
      9.414440022740193,
      9.704377487208642
     ],
     [
      9.636156907333712,
      9.567936327458783
     ],
     [
      9.68732234223991,
      9.516770892552588
     ],
     [
      9.823763501989767,
      9.448550312677657
     ],
     [
      10.181921546333143,
      9.295054007959068
     ],
     [
      10.471859010801593,
      9.175667993177942
     ],
     [
      10.557134735645253,
      9.141557703240478
     ],
     [
      10.710631040363843,
      9.09039226833428
     ],
     [
      10.83001705514497,
      9.107447413303014
     ],
     [
      10.864127345082434,
      9.107447413303014
     ],
     [
      10.966458214894827,
      9.07333712336555
     ],
     [
      11.000568504832291,
      9.039226833428085
     ],
     [
      11.034678794769755,
      9.039226833428085
     ],
     [
      11.119954519613417,
      8.971006253553155
     ],
     [
      11.290505969300739,
      8.919840818646959
     ],
     [
      11.358726549175667,
      8.868675383740761
     ],
     [
      11.392836839113132,
      8.85162023877203
     ],
     [
      11.512222853894258,
      8.800454803865833
     ],
     [
      11.59749857873792,
      8.766344513928368
     ],
     [
      11.768050028425241,
      8.715179079022171
     ],
     [
      11.97271176805003,
      8.612848209209778
     ],
     [
      12.05798749289369,
      8.595793064241047
     ],
     [
      12.21148379761228,
      8.527572484366118
     ],
     [
      12.330869812393406,
      8.459351904491188
     ],
     [
      12.51847640704946,
      8.357021034678795
     ],
     [
      12.689027856736782,
      8.254690164866402
     ],
     [
      12.944855031267766,
      8.101193860147811
     ],
     [
      12.996020466173963,
      8.067083570210347
     ],
     [
      13.098351335986356,
      7.981807845366686
     ],
     [
      13.149516770892554,
      7.964752700397954
     ],
     [
      13.320068220579875,
      7.828311540648095
     ],
     [
      13.405343945423537,
      7.777146105741899
     ],
     [
      13.74644684479818,
      7.572484366117112
     ],
     [
      14.053439454235361,
      7.418988061398522
     ],
     [
      14.155770324047754,
      7.350767481523593
     ],
     [
      14.360432063672542,
      7.2143263217737355
     ],
     [
      14.565093803297328,
      7.0096645821489485
     ],
     [
      14.65036952814099,
      6.94144400227402
     ],
     [
      14.701534963047186,
      6.907333712336555
     ],
     [
      14.752700397953383,
      6.890278567367822
     ],
     [
      14.80386583285958,
      6.856168277430358
     ],
     [
      14.88914155770324,
      6.787947697555429
     ],
     [
      14.991472427515633,
      6.7026719727117685
     ],
     [
      15.04263786242183,
      6.634451392836839
     ],
     [
      15.230244457077886,
      6.463899943149517
     ],
     [
      15.383740761796476,
      6.293348493462195
     ],
     [
      15.383740761796476,
      6.208072768618534
     ],
     [
      15.366685616827743,
      6.1739624786810685
     ],
     [
      15.315520181921547,
      6.10574189880614
     ],
     [
      15.298465036952814,
      6.020466173962479
     ],
     [
      15.315520181921547,
      5.9693007390562824
     ],
     [
      15.298465036952814,
      5.901080159181353
     ],
     [
      15.230244457077886,
      5.696418419556566
     ],
     [
      15.179079022171688,
      5.5599772598067085
     ],
     [
      15.144968732234224,
      5.474701534963048
     ],
     [
      15.093803297328028,
      5.355315520181922
     ],
     [
      15.076748152359295,
      5.321205230244457
     ],
     [
      15.059693007390564,
      5.287094940306993
     ],
     [
      15.008527572484367,
      5.235929505400796
     ],
     [
      14.95736213757817,
      5.218874360432064
     ],
     [
      14.855031267765776,
      5.184764070494599
     ],
     [
      14.769755542922114,
      5.167708925525867
     ],
     [
      14.667424673109721,
      5.167708925525867
     ],
     [
      14.548038658328595,
      5.11654349061967
     ],
     [
      14.428652643547471,
      5.099488345650938
     ],
     [
      14.360432063672542,
      5.082433200682206
     ],
     [
      14.258101193860147,
      5.031267765776009
     ],
     [
      14.155770324047754,
      5.014212620807277
     ],
     [
      13.9681637293917,
      4.945992040932348
     ],
     [
      13.848777714610575,
      4.877771461057419
     ],
     [
      13.797612279704378,
      4.860716316088687
     ],
     [
      13.74644684479818,
      4.860716316088687
     ],
     [
      13.610005685048323,
      4.80955088118249
     ],
     [
      13.251847640704947,
      4.673109721432632
     ],
     [
      13.166571915861285,
      4.6219442865264355
     ],
     [
      13.081296191017623,
      4.604889141557703
     ],
     [
      12.927799886299034,
      4.536668561682775
     ],
     [
      12.89368959636157,
      4.5196134167140425
     ],
     [
      12.859579306424106,
      4.485503126776577
     ],
     [
      12.82546901648664,
      4.468447981807845
     ],
     [
      12.416145537237067,
      4.280841387151791
     ],
     [
      12.313814667424673,
      4.212620807276862
     ],
     [
      12.21148379761228,
      4.127345082433201
     ],
     [
      12.126208072768618,
      4.076179647527004
     ],
     [
      11.97271176805003,
      3.990903922683343
     ],
     [
      11.938601478112565,
      3.9738487777146108
     ],
     [
      11.887436043206367,
      3.9738487777146108
     ],
     [
      11.853325753268903,
      3.9567936327458786
     ],
     [
      11.75099488345651,
      3.854462762933485
     ],
     [
      11.716884593519046,
      3.837407617964753
     ],
     [
      11.665719158612848,
      3.803297328027288
     ],
     [
      11.631608868675384,
      3.786242183058556
     ],
     [
      11.563388288800455,
      3.769187038089824
     ],
     [
      11.512222853894258,
      3.7180216031836273
     ],
     [
      11.461057418988062,
      3.700966458214895
     ],
     [
      11.409891984081865,
      3.6668561682774303
     ],
     [
      11.290505969300739,
      3.564525298465037
     ],
     [
      11.239340534394543,
      3.5304150085275725
     ],
     [
      11.137009664582148,
      3.479249573621376
     ],
     [
      11.034678794769755,
      3.445139283683911
     ],
     [
      10.932347924957362,
      3.3939738487777147
     ],
     [
      10.676520750426379,
      3.257532689027857
     ],
     [
      10.284252416145538,
      3.0187606594656056
     ],
     [
      10.113700966458214,
      2.9334849346219443
     ],
     [
      9.567936327458783,
      2.6606026151222286
     ],
     [
      9.346219442865264,
      2.5753268902785673
     ],
     [
      9.192723138146674,
      2.524161455372371
     ],
     [
      9.00511654349062,
      2.4900511654349065
     ],
     [
      8.885730528709495,
      2.4388857305287095
     ],
     [
      8.800454803865833,
      2.4218305855599773
     ],
     [
      8.527572484366118,
      2.387720295622513
     ],
     [
      8.442296759522456,
      2.370665150653781
     ],
     [
      8.32291074474133,
      2.319499715747584
     ],
     [
      8.186469584991473,
      2.3024445707788517
     ],
     [
      8.08413871517908,
      2.251279135872655
     ],
     [
      8.050028425241615,
      2.2342239909039225
     ],
     [
      8.050028425241615,
      2.2683342808413873
     ],
     [
      7.998862990335418,
      2.2683342808413873
     ],
     [
      7.9476975554292215,
      2.251279135872655
     ],
     [
      7.86242183058556,
      2.2171688459351904
     ],
     [
      7.794201250710631,
      2.166003411028994
     ],
     [
      7.760090960773167,
      2.1489482660602617
     ],
     [
      7.70892552586697,
      2.1318931210915295
     ],
     [
      7.589539511085844,
      2.0977828311540647
     ],
     [
      7.487208641273451,
      2.0977828311540647
     ],
     [
      7.40193291642979,
      2.0807276861853325
     ],
     [
      7.333712336554861,
      2.0636725412166004
     ],
     [
      7.146105741898806,
      2.012507106310404
     ],
     [
      7.026719727117681,
      1.961341671404207
     ],
     [
      6.907333712336555,
      1.9442865264354747
     ],
     [
      6.856168277430358,
      1.9272313814667426
     ],
     [
      6.685616827743036,
      1.8419556566230812
     ],
     [
      6.3786242183058555,
      1.739624786810688
     ],
     [
      6.276293348493462,
      1.7225696418419556
     ],
     [
      6.225127913587266,
      1.7225696418419556
     ]
    ],
    "type": "LineString"
   },
   "properties": {
    "elevation": 330.0
   },
   "type": "Feature"
  },
  {
   "geometry": {
    "coordinates": [
     [
      6.480955088118249,
      8.08413871517908
     ],
     [
      6.480955088118249,
      8.08413871517908
     ]
    ],
    "type": "LineString"
   },
   "properties": {
    "elevation": 330.0
   },
   "type": "Feature"
  },
  {
   "geometry": {
    "coordinates": [
     [
      6.515065378055714,
      8.067083570210347
     ],
     [
      6.515065378055714,
      8.067083570210347
     ]
    ],
    "type": "LineString"
   },
   "properties": {
    "elevation": 330.0
   },
   "type": "Feature"
  },
  {
   "geometry": {
    "coordinates": [
     [
      8.357021034678795,
      2.370665150653781
     ],
     [
      8.357021034678795,
      2.370665150653781
     ]
    ],
    "type": "LineString"
   },
   "properties": {
    "elevation": 330.0
   },
   "type": "Feature"
  },
  {
   "geometry": {
    "coordinates": [
     [
      8.101193860147811,
      2.2853894258101195
     ],
     [
      8.101193860147811,
      2.2853894258101195
     ]
    ],
    "type": "LineString"
   },
   "properties": {
    "elevation": 330.0
   },
   "type": "Feature"
  },
  {
   "geometry": {
    "coordinates": [
     [
      4.417282546901649,
      2.2683342808413873
     ],
     [
      4.417282546901649,
      2.2683342808413873
     ]
    ],
    "type": "LineString"
   },
   "properties": {
    "elevation": 330.0
   },
   "type": "Feature"
  },
  {
   "geometry": {
    "coordinates": [
     [
      4.434337691870381,
      2.2342239909039225
     ],
     [
      4.434337691870381,
      2.2342239909039225
     ]
    ],
    "type": "LineString"
   },
   "properties": {
    "elevation": 330.0
   },
   "type": "Feature"
  },
  {
   "geometry": {
    "coordinates": [
     [
      6.361569073337123,
      2.9675952245594086
     ],
     [
      6.1739624786810685,
      2.9846503695281412
     ],
     [
      6.0716316088686755,
      3.0017055144968734
     ],
     [
      6.020466173962479,
      3.0187606594656056
     ],
     [
      5.884025014212621,
      3.069926094371802
     ],
     [
      5.79874928936896,
      3.104036384309267
     ],
     [
      5.679363274587834,
      3.1552018192154634
     ],
     [
      5.645252984650369,
      3.1722569641841956
     ],
     [
      5.474701534963048,
      3.342808413871518
     ],
     [
      5.4405912450255824,
      3.3939738487777147
     ],
     [
      5.406480955088118,
      3.445139283683911
     ],
     [
      5.355315520181922,
      3.5304150085275725
     ],
     [
      5.355315520181922,
      3.564525298465037
     ],
     [
      5.321205230244457,
      3.5986355884025016
     ],
     [
      5.270039795338261,
      3.7180216031836273
     ],
     [
      5.099488345650938,
      4.110289937464469
     ],
     [
      5.048322910744742,
      4.229675952245594
     ],
     [
      5.014212620807277,
      4.366117111995452
     ],
     [
      4.96304718590108,
      4.451392836839113
     ],
     [
      4.945992040932348,
      4.536668561682775
     ],
     [
      4.894826606026151,
      4.6219442865264355
     ],
     [
      4.860716316088687,
      4.758385446276294
     ],
     [
      4.758385446276294,
      4.980102330869813
     ],
     [
      4.707220011370096,
      5.1335986355884025
     ],
     [
      4.673109721432632,
      5.2529846503695286
     ],
     [
      4.6560545764639,
      5.372370665150654
     ],
     [
      4.604889141557703,
      5.49175667993178
     ],
     [
      4.587833996588971,
      5.611142694712905
     ],
     [
      4.536668561682775,
      5.730528709494031
     ],
     [
      4.5196134167140425,
      5.849914724275156
     ],
     [
      4.468447981807845,
      5.9693007390562824
     ],
     [
      4.451392836839113,
      6.037521318931211
     ],
     [
      4.434337691870381,
      6.10574189880614
     ],
     [
      4.417282546901649,
      6.225127913587266
     ],
     [
      4.400227401932916,
      6.344513928368391
     ],
     [
      4.383172256964184,
      6.480955088118249
     ],
     [
      4.366117111995452,
      6.7026719727117685
     ],
     [
      4.34906196702672,
      7.282546901648664
     ],
     [
      4.34906196702672,
      7.453098351335987
     ],
     [
      4.383172256964184,
      7.657760090960774
     ],
     [
      4.383172256964184,
      7.896532120523025
     ],
     [
      4.400227401932916,
      8.050028425241615
     ],
     [
      4.417282546901649,
      8.186469584991473
     ],
     [
      4.434337691870381,
      8.305855599772599
     ],
     [
      4.451392836839113,
      8.442296759522456
     ],
     [
      4.468447981807845,
      8.510517339397385
     ],
     [
      4.485503126776577,
      8.578737919272314
     ],
     [
      4.536668561682775,
      8.715179079022171
     ],
     [
      4.604889141557703,
      8.868675383740761
     ],
     [
      4.758385446276294,
      9.175667993177942
     ],
     [
      4.843661171119955,
      9.329164297896533
     ],
     [
      4.980102330869813,
      9.533826037521319
     ],
     [
      5.048322910744742,
      9.602046617396248
     ],
     [
      5.150653780557135,
      9.61910176236498
     ],
     [
      5.218874360432064,
      9.602046617396248
     ],
     [
      5.270039795338261,
      9.584991472427516
     ],
     [
      5.304150085275725,
      9.567936327458783
     ],
     [
      5.372370665150654,
      9.499715747583855
     ],
     [
      5.4405912450255824,
      9.482660602615123
     ],
     [
      5.525866969869244,
      9.46560545764639
     ],
     [
      5.679363274587834,
      9.397384877771461
     ],
     [
      5.781694144400228,
      9.380329732802728
     ],
     [
      5.79874928936896,
      9.397384877771461
     ],
     [
      5.884025014212621,
      9.380329732802728
     ],
     [
      5.95224559408755,
      9.363274587833997
     ],
     [
      6.054576463899943,
      9.3121091529278
     ],
     [
      6.10574189880614,
      9.295054007959068
     ],
     [
      6.276293348493462,
      9.243888573052871
     ],
     [
      6.395679363274588,
      9.22683342808414
     ],
     [
      6.446844798180785,
      9.209778283115407
     ],
     [
      6.498010233086982,
      9.175667993177942
     ],
     [
      6.600341102899375,
      9.15861284820921
     ],
     [
      6.736782262649233,
      9.09039226833428
     ],
     [
      6.856168277430358,
      9.056281978396816
     ],
     [
      7.265491756679932,
      8.953951108584423
     ],
     [
      7.333712336554861,
      8.953951108584423
     ],
     [
      7.453098351335987,
      8.971006253553155
     ],
     [
      7.538374076179648,
      8.988061398521888
     ],
     [
      7.657760090960774,
      9.056281978396816
     ],
     [
      7.777146105741899,
      9.056281978396816
     ],
     [
      7.811256395679363,
      9.039226833428085
     ],
     [
      7.845366685616828,
      9.022171688459352
     ],
     [
      7.896532120523025,
      8.971006253553155
     ],
     [
      7.964752700397954,
      8.93689596361569
     ],
     [
      8.032973280272882,
      8.919840818646959
     ],
     [
      8.08413871517908,
      8.885730528709495
     ],
     [
      8.118249005116544,
      8.85162023877203
     ],
     [
      8.118249005116544,
      8.834565093803297
     ],
     [
      8.135304150085275,
      8.817509948834566
     ],
     [
      8.16941444002274,
      8.800454803865833
     ],
     [
      8.220579874928937,
      8.783399658897102
     ],
     [
      8.357021034678795,
      8.766344513928368
     ],
     [
      8.408186469584992,
      8.732234223990904
     ],
     [
      8.664013644115975,
      8.664013644115975
     ],
     [
      8.749289368959637,
      8.629903354178511
     ],
     [
      8.834565093803297,
      8.595793064241047
     ],
     [
      8.868675383740761,
      8.578737919272314
     ],
     [
      8.902785673678226,
      8.54462762933485
     ],
     [
      8.93689596361569,
      8.527572484366118
     ],
     [
      9.175667993177942,
      8.425241614553723
     ],
     [
      9.329164297896533,
      8.32291074474133
     ],
     [
      9.448550312677657,
      8.254690164866402
     ],
     [
      9.482660602615123,
      8.237635019897668
     ],
     [
      9.516770892552588,
      8.237635019897668
     ],
     [
      9.550881182490052,
      8.203524729960204
     ],
     [
      9.584991472427516,
      8.186469584991473
     ],
     [
      9.738487777146107,
      8.118249005116544
     ],
     [
      9.891984081864695,
      8.118249005116544
     ],
     [
      9.943149516770893,
      8.101193860147811
     ],
     [
      9.99431495167709,
      8.050028425241615
     ],
     [
      10.028425241614555,
      8.032973280272882
     ],
     [
      10.062535531552019,
      8.032973280272882
     ],
     [
      10.130756111426948,
      7.981807845366686
     ],
     [
      10.250142126208074,
      7.9476975554292215
     ],
     [
      10.403638430926662,
      7.86242183058556
     ],
     [
      10.523024445707788,
      7.811256395679363
     ],
     [
      10.642410460488914,
      7.811256395679363
     ],
     [
      10.693575895395112,
      7.777146105741899
     ],
     [
      10.744741330301308,
      7.760090960773167
     ],
     [
      10.778851620238772,
      7.760090960773167
     ],
     [
      10.76179647527004,
      7.725980670835702
     ],
     [
      10.83001705514497,
      7.691870380898238
     ],
     [
      10.932347924957362,
      7.657760090960774
     ],
     [
      11.085844229675953,
      7.6236498010233085
     ],
     [
      11.137009664582148,
      7.606594656054576
     ],
     [
      11.239340534394543,
      7.55542922114838
     ],
     [
      11.392836839113132,
      7.487208641273451
     ],
     [
      11.426947129050598,
      7.470153496304719
     ],
     [
      11.478112563956794,
      7.436043206367255
     ],
     [
      11.529277998862991,
      7.40193291642979
     ],
     [
      11.614553723706651,
      7.333712336554861
     ],
     [
      11.682774303581581,
      7.265491756679932
     ],
     [
      11.83627060830017,
      7.094940306992609
     ],
     [
      11.887436043206367,
      7.026719727117681
     ],
     [
      11.938601478112565,
      6.958499147242752
     ],
     [
      11.97271176805003,
      6.890278567367822
     ],
     [
      12.023877202956225,
      6.822057987492894
     ],
     [
      12.05798749289369,
      6.8050028425241615
     ],
     [
      12.075042637862422,
      6.753837407617965
     ],
     [
      12.109152927799887,
      6.719727117680501
     ],
     [
      12.143263217737351,
      6.719727117680501
     ],
     [
      12.160318362706084,
      6.668561682774303
     ],
     [
      12.177373507674815,
      6.651506537805571
     ],
     [
      12.279704377487208,
      6.583285957930642
     ],
     [
      12.296759522455941,
      6.56623081296191
     ],
     [
      12.296759522455941,
      6.549175667993178
     ],
     [
      12.330869812393406,
      6.515065378055714
     ],
     [
      12.382035247299603,
      6.429789653212053
     ],
     [
      12.382035247299603,
      6.208072768618534
     ],
     [
      12.36498010233087,
      6.156907333712336
     ],
     [
      12.296759522455941,
      6.037521318931211
     ],
     [
      12.296759522455941,
      5.918135304150085
     ],
     [
      12.330869812393406,
      5.849914724275156
     ],
     [
      12.330869812393406,
      5.79874928936896
     ],
     [
      12.313814667424673,
      5.747583854462763
     ],
     [
      12.279704377487208,
      5.713473564525299
     ],
     [
      12.228538942581013,
      5.679363274587834
     ],
     [
      12.109152927799887,
      5.611142694712905
     ],
     [
      11.955656623081296,
      5.525866969869244
     ],
     [
      11.887436043206367,
      5.508811824900512
     ],
     [
      11.819215463331439,
      5.457646389994315
     ],
     [
      11.648664013644117,
      5.389425810119386
     ],
     [
      11.546333143831722,
      5.321205230244457
     ],
     [
      11.239340534394543,
      5.11654349061967
     ],
     [
      11.119954519613417,
      5.014212620807277
     ],
     [
      10.98351335986356,
      4.877771461057419
     ],
     [
      10.898237635019898,
      4.80955088118249
     ],
     [
      10.744741330301308,
      4.690164866401364
     ],
     [
      10.45480386583286,
      4.468447981807845
     ],
     [
      10.267197271176805,
      4.332006822057988
     ],
     [
      10.21603183627061,
      4.3149516770892555
     ],
     [
      10.164866401364412,
      4.263786242183059
     ],
     [
      10.113700966458214,
      4.246731097214327
     ],
     [
      10.062535531552019,
      4.195565662308129
     ],
     [
      10.011370096645821,
      4.178510517339397
     ],
     [
      9.960204661739626,
      4.127345082433201
     ],
     [
      9.909039226833428,
      4.110289937464469
     ],
     [
      9.857873791927231,
      4.059124502558272
     ],
     [
      9.772598067083571,
      4.0079590676520755
     ],
     [
      9.584991472427516,
      3.9056281978396816
     ],
     [
      9.397384877771461,
      3.837407617964753
     ],
     [
      9.329164297896533,
      3.786242183058556
     ],
     [
      9.295054007959068,
      3.769187038089824
     ],
     [
      9.00511654349062,
      3.649801023308698
     ],
     [
      8.902785673678226,
      3.615690733371234
     ],
     [
      8.749289368959637,
      3.564525298465037
     ],
     [
      8.595793064241047,
      3.564525298465037
     ],
     [
      8.54462762933485,
      3.5474701534963047
     ],
     [
      8.493462194428654,
      3.5133598635588403
     ],
     [
      8.442296759522456,
      3.5133598635588403
     ],
     [
      8.357021034678795,
      3.479249573621376
     ],
     [
      8.271745309835135,
      3.428084138715179
     ],
     [
      8.067083570210347,
      3.3598635588402503
     ],
     [
      7.9476975554292215,
      3.342808413871518
     ],
     [
      7.879476975554292,
      3.3257532689027856
     ],
     [
      7.811256395679363,
      3.274587833996589
     ],
     [
      7.743035815804435,
      3.257532689027857
     ],
     [
      7.589539511085844,
      3.20636725412166
     ],
     [
      7.521318931210915,
      3.1893121091529277
     ],
     [
      7.453098351335987,
      3.1722569641841956
     ],
     [
      7.333712336554861,
      3.1722569641841956
     ],
     [
      7.2484366117112,
      3.138146674246731
     ],
     [
      7.163160886867539,
      3.0869812393405343
     ],
     [
      7.1119954519613415,
      3.069926094371802
     ],
     [
      6.907333712336555,
      3.0187606594656056
     ],
     [
      6.753837407617965,
      2.9846503695281412
     ],
     [
      6.583285957930642,
      2.9675952245594086
     ],
     [
      6.361569073337123,
      2.9675952245594086
     ]
    ],
    "type": "LineString"
   },
   "properties": {
    "elevation": 340.0
   },
   "type": "Feature"
  },
  {
   "geometry": {
    "coordinates": [
     [
      6.480955088118249,
      8.08413871517908
     ],
     [
      6.480955088118249,
      8.08413871517908
     ]
    ],
    "type": "LineString"
   },
   "properties": {
    "elevation": 340.0
   },
   "type": "Feature"
  },
  {
   "geometry": {
    "coordinates": [
     [
      6.515065378055714,
      8.067083570210347
     ],
     [
      6.515065378055714,
      8.067083570210347
     ]
    ],
    "type": "LineString"
   },
   "properties": {
    "elevation": 340.0
   },
   "type": "Feature"
  },
  {
   "geometry": {
    "coordinates": [
     [
      7.265491756679932,
      4.3149516770892555
     ],
     [
      7.129050596930074,
      4.383172256964184
     ],
     [
      7.077885162023877,
      4.383172256964184
     ],
     [
      7.026719727117681,
      4.400227401932916
     ],
     [
      6.94144400227402,
      4.451392836839113
     ],
     [
      6.856168277430358,
      4.468447981807845
     ],
     [
      6.822057987492894,
      4.485503126776577
     ],
     [
      6.787947697555429,
      4.50255827174531
     ],
     [
      6.719727117680501,
      4.553723706651507
     ],
     [
      6.617396247868107,
      4.6560545764639
     ],
     [
      6.532120523024446,
      4.7242751563388286
     ],
     [
      6.515065378055714,
      4.7242751563388286
     ],
     [
      6.463899943149517,
      4.775440591245026
     ],
     [
      6.344513928368391,
      4.945992040932348
     ],
     [
      6.293348493462195,
      5.048322910744742
     ],
     [
      6.276293348493462,
      5.11654349061967
     ],
     [
      6.25923820352473,
      5.150653780557135
     ],
     [
      6.208072768618534,
      5.218874360432064
     ],
     [
      6.208072768618534,
      5.270039795338261
     ],
     [
      6.156907333712336,
      5.355315520181922
     ],
     [
      6.139852188743604,
      5.406480955088118
     ],
     [
      6.10574189880614,
      5.577032404775441
     ],
     [
      6.037521318931211,
      5.781694144400228
     ],
     [
      5.986355884025015,
      5.918135304150085
     ],
     [
      5.884025014212621,
      6.10574189880614
     ],
     [
      5.815804434337692,
      6.310403638430927
     ],
     [
      5.79874928936896,
      6.395679363274588
     ],
     [
      5.781694144400228,
      6.549175667993178
     ],
     [
      5.7646389994314955,
      6.770892552586697
     ],
     [
      5.7646389994314955,
      7.060830017055145
     ],
     [
      5.781694144400228,
      7.265491756679932
     ],
     [
      5.79874928936896,
      7.333712336554861
     ],
     [
      5.849914724275156,
      7.470153496304719
     ],
     [
      5.849914724275156,
      7.572484366117112
     ],
     [
      5.884025014212621,
      7.674815235929506
     ],
     [
      5.884025014212621,
      7.811256395679363
     ],
     [
      5.901080159181353,
      7.913587265491757
     ],
     [
      5.918135304150085,
      8.032973280272882
     ],
     [
      5.935190449118817,
      8.08413871517908
     ],
     [
      5.95224559408755,
      8.135304150085275
     ],
     [
      5.9693007390562824,
      8.16941444002274
     ],
     [
      5.986355884025015,
      8.203524729960204
     ],
     [
      6.037521318931211,
      8.254690164866402
     ],
     [
      6.088686753837408,
      8.271745309835135
     ],
     [
      6.122797043774872,
      8.271745309835135
     ],
     [
      6.156907333712336,
      8.254690164866402
     ],
     [
      6.310403638430927,
      8.152359295054008
     ],
     [
      6.361569073337123,
      8.135304150085275
     ],
     [
      6.41273450824332,
      8.135304150085275
     ],
     [
      6.463899943149517,
      8.118249005116544
     ],
     [
      6.498010233086982,
      8.101193860147811
     ],
     [
      6.532120523024446,
      8.08413871517908
     ],
     [
      6.549175667993178,
      8.067083570210347
     ],
     [
      6.549175667993178,
      8.050028425241615
     ],
     [
      6.583285957930642,
      8.015918135304151
     ],
     [
      6.583285957930642,
      7.998862990335418
     ],
     [
      6.600341102899375,
      7.981807845366686
     ],
     [
      6.651506537805571,
      7.964752700397954
     ],
     [
      6.685616827743036,
      7.913587265491757
     ],
     [
      6.7026719727117685,
      7.930642410460489
     ],
     [
      6.890278567367822,
      7.811256395679363
     ],
     [
      6.94144400227402,
      7.777146105741899
     ],
     [
      7.026719727117681,
      7.691870380898238
     ],
     [
      7.060830017055145,
      7.674815235929506
     ],
     [
      7.129050596930074,
      7.657760090960774
     ],
     [
      7.333712336554861,
      7.606594656054576
     ],
     [
      7.384877771461057,
      7.572484366117112
     ],
     [
      7.453098351335987,
      7.55542922114838
     ],
     [
      7.521318931210915,
      7.538374076179648
     ],
     [
      7.589539511085844,
      7.538374076179648
     ],
     [
      7.725980670835702,
      7.487208641273451
     ],
     [
      7.879476975554292,
      7.470153496304719
     ],
     [
      7.998862990335418,
      7.418988061398522
     ],
     [
      8.118249005116544,
      7.40193291642979
     ],
     [
      8.237635019897668,
      7.367822626492325
     ],
     [
      8.288800454803866,
      7.350767481523593
     ],
     [
      8.339965889710063,
      7.333712336554861
     ],
     [
      8.374076179647528,
      7.3166571915861285
     ],
     [
      8.425241614553723,
      7.265491756679932
     ],
     [
      8.54462762933485,
      7.2143263217737355
     ],
     [
      8.578737919272314,
      7.231381466742468
     ],
     [
      8.612848209209778,
      7.2143263217737355
     ],
     [
      8.69812393405344,
      7.146105741898806
     ],
     [
      8.766344513928368,
      7.1119954519613415
     ],
     [
      8.817509948834566,
      7.077885162023877
     ],
     [
      8.868675383740761,
      7.077885162023877
     ],
     [
      8.902785673678226,
      7.043774872086413
     ],
     [
      8.971006253553155,
      7.026719727117681
     ],
     [
      9.039226833428085,
      6.975554292211484
     ],
     [
      9.07333712336555,
      6.975554292211484
     ],
     [
      9.192723138146674,
      6.890278567367822
     ],
     [
      9.22683342808414,
      6.924388857305288
     ],
     [
      9.277998862990335,
      6.856168277430358
     ],
     [
      9.414440022740193,
      6.8050028425241615
     ],
     [
      9.448550312677657,
      6.770892552586697
     ],
     [
      9.533826037521319,
      6.7026719727117685
     ],
     [
      9.499715747583855,
      6.651506537805571
     ],
     [
      9.584991472427516,
      6.56623081296191
     ],
     [
      9.653212052302445,
      6.480955088118249
     ],
     [
      9.704377487208642,
      6.41273450824332
     ],
     [
      9.738487777146107,
      6.361569073337123
     ],
     [
      9.755542922114838,
      6.327458783399659
     ],
     [
      9.789653212052302,
      6.242183058555998
     ],
     [
      9.823763501989767,
      6.156907333712336
     ],
     [
      9.8408186469585,
      6.10574189880614
     ],
     [
      9.8408186469585,
      6.003411028993747
     ],
     [
      9.823763501989767,
      5.935190449118817
     ],
     [
      9.789653212052302,
      5.8669698692438885
     ],
     [
      9.789653212052302,
      5.79874928936896
     ],
     [
      9.755542922114838,
      5.730528709494031
     ],
     [
      9.704377487208642,
      5.628197839681637
     ],
     [
      9.670267197271176,
      5.577032404775441
     ],
     [
      9.567936327458783,
      5.474701534963048
     ],
     [
      9.567936327458783,
      5.457646389994315
     ],
     [
      9.482660602615123,
      5.372370665150654
     ],
     [
      9.363274587833997,
      5.304150085275725
     ],
     [
      9.295054007959068,
      5.2529846503695286
     ],
     [
      9.209778283115407,
      5.150653780557135
     ],
     [
      9.175667993177942,
      5.1335986355884025
     ],
     [
      9.124502558271745,
      5.099488345650938
     ],
     [
      9.00511654349062,
      5.031267765776009
     ],
     [
      8.93689596361569,
      4.997157475838545
     ],
     [
      8.902785673678226,
      4.980102330869813
     ],
     [
      8.800454803865833,
      4.945992040932348
     ],
     [
      8.766344513928368,
      4.9289368959636155
     ],
     [
      8.732234223990904,
      4.894826606026151
     ],
     [
      8.69812393405344,
      4.877771461057419
     ],
     [
      8.595793064241047,
      4.843661171119955
     ],
     [
      8.493462194428654,
      4.792495736213758
     ],
     [
      8.254690164866402,
      4.6560545764639
     ],
     [
      8.203524729960204,
      4.6219442865264355
     ],
     [
      8.118249005116544,
      4.536668561682775
     ],
     [
      8.032973280272882,
      4.50255827174531
     ],
     [
      7.981807845366686,
      4.485503126776577
     ],
     [
      7.879476975554292,
      4.468447981807845
     ],
     [
      7.811256395679363,
      4.451392836839113
     ],
     [
      7.777146105741899,
      4.434337691870381
     ],
     [
      7.743035815804435,
      4.400227401932916
     ],
     [
      7.70892552586697,
      4.383172256964184
     ],
     [
      7.40193291642979,
      4.383172256964184
     ],
     [
      7.384877771461057,
      4.366117111995452
     ],
     [
      7.350767481523593,
      4.34906196702672
     ],
     [
      7.384877771461057,
      4.332006822057988
     ],
     [
      7.333712336554861,
      4.332006822057988
     ],
     [
      7.3166571915861285,
      4.3149516770892555
     ],
     [
      7.265491756679932,
      4.3149516770892555
     ]
    ],
    "type": "LineString"
   },
   "properties": {
    "elevation": 350.0
   },
   "type": "Feature"
  },
  {
   "geometry": {
    "coordinates": [
     [
      6.480955088118249,
      8.08413871517908
     ],
     [
      6.480955088118249,
      8.08413871517908
     ]
    ],
    "type": "LineString"
   },
   "properties": {
    "elevation": 350.0
   },
   "type": "Feature"
  },
  {
   "geometry": {
    "coordinates": [
     [
      6.515065378055714,
      8.067083570210347
     ],
     [
      6.515065378055714,
      8.067083570210347
     ]
    ],
    "type": "LineString"
   },
   "properties": {
    "elevation": 350.0
   },
   "type": "Feature"
  }
 ],
 "type": "FeatureCollection"
}