{
    "features": [
        {
            "geometry": {
                "coordinates": [
                    [
                        0,
                        665
                    ],
                    [
                        0,
                        672
                    ],
                    [
                        13,
                        679
                    ],
                    [
                        13,
                        686
                    ],
                    [
                        26,
                        693
                    ],
                    [
                        26,
                        700
                    ],
                    [
                        39,
                        714
                    ],
                    [
                        39,
                        721
                    ],
                    [
                        52,
                        728
                    ],
                    [
                        52,
                        735
                    ],
                    [
                        52,
                        742
                    ],
                    [
                        65,
                        749
                    ],
                    [
                        65,
                        756
                    ]
                ],
                "type": "LineString"
            },
            "properties": {
                "elevation": 5.0
            },
            "type": "Feature"
        },
        {
            "geometry": {
                "coordinates": [
                    [
                        0,
                        49
                    ],
                    [
                        13,
                        28
                    ],
                    [
                        13,
                        35
                    ],
                    [
                        26,
                        7
                    ],
                    [
                        26,
                        14
                    ]
                ],
                "type": "LineString"
            },
            "properties": {
                "elevation": 5.0
            },
            "type": "Feature"
        },
        {
            "geometry": {
                "coordinates": [
                    [
                        1300,
                        700
                    ],
                    [
                        1300,
                        742
                    ],
                    [
                        1313,
                        665
                    ],
                    [
                        1313,
                        756
                    ],
                    [
                        1326,
                        637
                    ]
                ],
                "type": "LineString"
            },
            "properties": {
                "elevation": 8.0
            },
            "type": "Feature"
        },
        {
            "geometry": {
                "coordinates": [
                    [
                        1261,
                        588
                    ],
                    [
                        1274,
                        567
                    ],
                    [
                        1274,
                        672
                    ],
                    [
                        1274,
                        686
                    ],
                    [
                        1274,
                        693
                    ],
                    [
                        1274,
                        700
                    ],
                    [
                        1287,
                        721
                    ],
                    [
                        1287,
                        728
                    ],
                    [
                        1287,
                        735
                    ],
                    [
                        1313,
                        546
                    ]
                ],
                "type": "LineString"
            },
            "properties": {
                "elevation": 8.0
            },
            "type": "Feature"
        },
        {
            "geometry": {
                "coordinates": [
                    [
                        1144,
                        756
                    ],
                    [
                        1170,
                        749
                    ],
                    [
                        1183,
                        749
                    ],
                    [
                        1209,
                        756
                    ]
                ],
                "type": "LineString"
            },
            "properties": {
                "elevation": 8.0
            },
            "type": "Feature"
        },
        {
            "geometry": {
                "coordinates": [
                    [
                        0,
                        483
                    ],
                    [
                        0,
                        490
                    ],
                    [
                        13,
                        504
                    ],
                    [
                        13,
                        511
                    ],
                    [
                        26,
                        525
                    ],
                    [
                        26,
                        532
                    ],
                    [
                        39,
                        546
                    ],
                    [
                        39,
                        553
                    ],
                    [
                        52,
                        567
                    ],
                    [
                        52,
                        574
                    ],
                    [
                        65,
                        588
                    ],
                    [
                        65,
                        595
                    ],
                    [
                        78,
                        602
                    ],
                    [
                        91,
                        616
                    ],
                    [
                        91,
                        623
                    ],
                    [
                        104,
                        630
                    ],
                    [
                        104,
                        637
                    ],
                    [
                        117,
                        651
                    ],
                    [
                        117,
                        658
                    ],
                    [
                        130,
                        665
                    ],
                    [
                        130,
                        672
                    ],
                    [
                        143,
                        679
                    ],
                    [
                        143,
                        686
                    ],
                    [
                        143,
                        693
                    ],
                    [
                        156,
                        714
                    ],
                    [
                        169,
                        728
                    ],
                    [
                        169,
                        735
                    ],
                    [
                        182,
                        742
                    ]
                ],
                "type": "LineString"
            },
            "properties": {
                "elevation": 22.0
            },
            "type": "Feature"
        },
        {
            "geometry": {
                "coordinates": [
                    [
                        1027,
                        742
                    ],
                    [
                        1092,
                        700
                    ],
                    [
                        1118,
                        707
                    ],
                    [
                        1144,
                        714
                    ],
                    [
                        1157,
                        714
                    ],
                    [
                        1170,
                        707
                    ],
                    [
                        1183,
                        560
                    ],
                    [
                        1183,
                        616
                    ],
                    [
                        1183,
                        700
                    ],
                    [
                        1196,
                        651
                    ],
                    [
                        1196,
                        679
                    ],
                    [
                        1196,
                        686
                    ],
                    [
                        1209,
                        504
                    ],
                    [
                        1287,
                        427
                    ],
                    [
                        1300,
                        287
                    ],
                    [
                        1313,
                        217
                    ],
                    [
                        1326,
                        91
                    ],
                    [
                        1326,
                        98
                    ],
                    [
                        1326,
                        105
                    ],
                    [
                        1326,
                        126
                    ]
                ],
                "type": "LineString"
            },
            "properties": {
                "elevation": 22.0
            },
            "type": "Feature"
        },
        {
            "geometry": {
                "coordinates": [
                    [
                        117,
                        427
                    ],
                    [
                        130,
                        189
                    ],
                    [
                        156,
                        112
                    ],
                    [
                        156,
                        119
                    ],
                    [
                        156,
                        126
                    ],
                    [
                        169,
                        91
                    ],
                    [
                        169,
                        98
                    ],
                    [
                        182,
                        70
                    ],
                    [
                        182,
                        77
                    ],
                    [
                        195,
                        63
                    ],
                    [
                        195,
                        70
                    ],
                    [
                        208,
                        21
                    ],
                    [
                        208,
                        28
                    ],
                    [
                        208,
                        35
                    ],
                    [
                        221,
                        7
                    ],
                    [
                        221,
                        14
                    ],
                    [
                        234,
                        0
                    ],
                    [
                        260,
                        686
                    ],
                    [
                        273,
                        707
                    ],
                    [
                        299,
                        756
                    ]
                ],
                "type": "LineString"
            },
            "properties": {
                "elevation": 37.0
            },
            "type": "Feature"
        },
        {
            "geometry": {
                "coordinates": [
                    [
                        845,
                        749
                    ],
                    [
                        858,
                        728
                    ],
                    [
                        871,
                        707
                    ],
                    [
                        884,
                        693
                    ],
                    [
                        910,
                        651
                    ],
                    [
                        923,
                        637
                    ],
                    [
                        936,
                        616
                    ],
                    [
                        949,
                        602
                    ],
                    [
                        962,
                        581
                    ],
                    [
                        975,
                        567
                    ],
                    [
                        1001,
                        532
                    ],
                    [
                        1027,
                        490
                    ],
                    [
                        1053,
                        427
                    ],
                    [
                        1066,
                        399
                    ],
                    [
                        1079,
                        378
                    ],
                    [
                        1092,
                        343
                    ],
                    [
                        1105,
                        238
                    ],
                    [
                        1118,
                        70
                    ],
                    [
                        1118,
                        77
                    ]
                ],
                "type": "LineString"
            },
            "properties": {
                "elevation": 37.0
            },
            "type": "Feature"
        },
        {
            "geometry": {
                "coordinates": [
                    [
                        260,
                        308
                    ],
                    [
                        260,
                        315
                    ],
                    [
                        260,
                        322
                    ],
                    [
                        260,
                        329
                    ],
                    [
                        260,
                        336
                    ],
                    [
                        260,
                        343
                    ],
                    [
                        260,
                        350
                    ],
                    [
                        260,
                        357
                    ],
                    [
                        260,
                        364
                    ],
                    [
                        260,
                        371
                    ],
                    [
                        260,
                        378
                    ],
                    [
                        260,
                        385
                    ],
                    [
                        260,
                        392
                    ],
                    [
                        273,
                        273
                    ],
                    [
                        273,
                        280
                    ],
                    [
                        273,
                        441
                    ],
                    [
                        273,
                        448
                    ],
                    [
                        273,
                        455
                    ],
                    [
                        286,
                        238
                    ],
                    [
                        286,
                        245
                    ],
                    [
                        286,
                        252
                    ],
                    [
                        286,
                        476
                    ],
                    [
                        286,
                        483
                    ],
                    [
                        286,
                        490
                    ],
                    [
                        286,
                        497
                    ],
                    [
                        299,
                        189
                    ],
                    [
                        299,
                        196
                    ],
                    [
                        299,
                        203
                    ],
                    [
                        299,
                        511
                    ],
                    [
                        299,
                        518
                    ],
                    [
                        299,
                        525
                    ],
                    [
                        312,
                        182
                    ],
                    [
                        312,
                        539
                    ],
                    [
                        312,
                        546
                    ],
                    [
                        325,
                        154
                    ],
                    [
                        325,
                        161
                    ],
                    [
                        325,
                        168
                    ],
                    [
                        325,
                        567
                    ],
                    [
                        325,
                        574
                    ],
                    [
                        325,
                        581
                    ],
                    [
                        338,
                        133
                    ],
                    [
                        338,
                        602
                    ],
                    [
                        338,
                        609
                    ],
                    [
                        338,
                        616
                    ],
                    [
                        351,
                        119
                    ],
                    [
                        351,
                        126
                    ],
                    [
                        351,
                        637
                    ],
                    [
                        351,
                        644
                    ],
                    [
                        351,
                        651
                    ],
                    [
                        364,
                        98
                    ],
                    [
                        364,
                        105
                    ],
                    [
                        364,
                        658
                    ],
                    [
                        364,
                        665
                    ],
                    [
                        364,
                        672
                    ],
                    [
                        377,
                        84
                    ],
                    [
                        377,
                        91
                    ],
                    [
                        377,
                        686
                    ],
                    [
                        377,
                        693
                    ],
                    [
                        390,
                        70
                    ],
                    [
                        390,
                        77
                    ],
                    [
                        390,
                        700
                    ],
                    [
                        390,
                        707
                    ],
                    [
                        390,
                        714
                    ],
                    [
                        390,
                        721
                    ],
                    [
                        390,
                        728
                    ],
                    [
                        403,
                        63
                    ],
                    [
                        403,
                        749
                    ],
                    [
                        403,
                        756
                    ],
                    [
                        416,
                        49
                    ],
                    [
                        429,
                        35
                    ],
                    [
                        429,
                        42
                    ],
                    [
                        442,
                        28
                    ],
                    [
                        455,
                        21
                    ],
                    [
                        468,
                        7
                    ],
                    [
                        468,
                        14
                    ],
                    [
                        481,
                        0
                    ]
                ],
                "type": "LineString"
            },
            "properties": {
                "elevation": 65.0
            },
            "type": "Feature"
        },
        {
            "geometry": {
                "coordinates": [
                    [
                        754,
                        742
                    ],
                    [
                        767,
                        735
                    ],
                    [
                        780,
                        721
                    ],
                    [
                        806,
                        686
                    ],
                    [
                        832,
                        644
                    ],
                    [
                        858,
                        602
                    ],
                    [
                        871,
                        581
                    ],
                    [
                        884,
                        567
                    ],
                    [
                        897,
                        553
                    ],
                    [
                        923,
                        518
                    ],
                    [
                        936,
                        497
                    ],
                    [
                        949,
                        476
                    ],
                    [
                        962,
                        441
                    ],
                    [
                        962,
                        448
                    ],
                    [
                        988,
                        350
                    ],
                    [
                        988,
                        357
                    ],
                    [
                        988,
                        364
                    ],
                    [
                        1001,
                        21
                    ],
                    [
                        1001,
                        28
                    ],
                    [
                        1001,
                        189
                    ],
                    [
                        1001,
                        196
                    ],
                    [
                        1001,
                        294
                    ],
                    [
                        1001,
                        301
                    ],
                    [
                        1001,
                        308
                    ]
                ],
                "type": "LineString"
            },
            "properties": {
                "elevation": 65.0
            },
            "type": "Feature"
        },
        {
            "geometry": {
                "coordinates": [
                    [
                        416,
                        378
                    ],
                    [
                        416,
                        385
                    ],
                    [
                        416,
                        392
                    ],
                    [
                        416,
                        399
                    ],
                    [
                        416,
                        406
                    ],
                    [
                        429,
                        329
                    ],
                    [
                        429,
                        336
                    ],
                    [
                        429,
                        343
                    ],
                    [
                        429,
                        350
                    ],
                    [
                        429,
                        427
                    ],
                    [
                        429,
                        434
                    ],
                    [
                        429,
                        441
                    ],
                    [
                        429,
                        448
                    ],
                    [
                        429,
                        455
                    ],
                    [
                        442,
                        287
                    ],
                    [
                        442,
                        294
                    ],
                    [
                        442,
                        301
                    ],
                    [
                        442,
                        490
                    ],
                    [
                        442,
                        497
                    ],
                    [
                        442,
                        504
                    ],
                    [
                        455,
                        273
                    ],
                    [
                        455,
                        525
                    ],
                    [
                        455,
                        532
                    ],
                    [
                        455,
                        539
                    ],
                    [
                        468,
                        259
                    ],
                    [
                        468,
                        553
                    ],
                    [
                        468,
                        560
                    ],
                    [
                        468,
                        567
                    ],
                    [
                        481,
                        238
                    ],
                    [
                        481,
                        245
                    ],
                    [
                        481,
                        588
                    ],
                    [
                        481,
                        595
                    ],
                    [
                        481,
                        602
                    ],
                    [
                        494,
                        224
                    ],
                    [
                        494,
                        231
                    ],
                    [
                        494,
                        630
                    ],
                    [
                        494,
                        637
                    ],
                    [
                        494,
                        644
                    ],
                    [
                        507,
                        210
                    ],
                    [
                        507,
                        665
                    ],
                    [
                        507,
                        672
                    ],
                    [
                        507,
                        679
                    ],
                    [
                        520,
                        189
                    ],
                    [
                        520,
                        196
                    ],
                    [
                        520,
                        693
                    ],
                    [
                        520,
                        700
                    ],
                    [
                        533,
                        175
                    ],
                    [
                        533,
                        182
                    ],
                    [
                        533,
                        714
                    ],
                    [
                        533,
                        721
                    ],
                    [
                        546,
                        161
                    ],
                    [
                        546,
                        168
                    ],
                    [
                        546,
                        728
                    ],
                    [
                        546,
                        735
                    ],
                    [
                        559,
                        147
                    ],
                    [
                        559,
                        154
                    ],
                    [
                        572,
                        140
                    ],
                    [
                        585,
                        133
                    ],
                    [
                        598,
                        133
                    ],
                    [
                        611,
                        126
                    ],
                    [
                        611,
                        749
                    ],
                    [
                        624,
                        112
                    ],
                    [
                        637,
                        98
                    ],
                    [
                        637,
                        105
                    ],
                    [
                        637,
                        735
                    ],
                    [
                        650,
                        98
                    ],
                    [
                        650,
                        728
                    ],
                    [
                        663,
                        91
                    ],
                    [
                        676,
                        91
                    ],
                    [
                        689,
                        91
                    ],
                    [
                        689,
                        707
                    ],
                    [
                        702,
                        91
                    ],
                    [
                        715,
                        84
                    ],
                    [
                        728,
                        84
                    ],
                    [
                        741,
                        77
                    ],
                    [
                        741,
                        644
                    ],
                    [
                        754,
                        77
                    ],
                    [
                        754,
                        623
                    ],
                    [
                        780,
                        84
                    ],
                    [
                        793,
                        84
                    ],
                    [
                        793,
                        560
                    ],
                    [
                        806,
                        91
                    ],
                    [
                        819,
                        98
                    ],
                    [
                        832,
                        105
                    ],
                    [
                        832,
                        504
                    ],
                    [
                        845,
                        140
                    ],
                    [
                        845,
                        147
                    ],
                    [
                        845,
                        154
                    ],
                    [
                        845,
                        483
                    ],
                    [
                        858,
                        189
                    ],
                    [
                        858,
                        196
                    ],
                    [
                        858,
                        203
                    ],
                    [
                        858,
                        448
                    ],
                    [
                        871,
                        217
                    ],
                    [
                        871,
                        224
                    ],
                    [
                        871,
                        427
                    ],
                    [
                        884,
                        280
                    ],
                    [
                        884,
                        287
                    ],
                    [
                        884,
                        413
                    ],
                    [
                        897,
                        301
                    ],
                    [
                        897,
                        308
                    ],
                    [
                        897,
                        315
                    ],
                    [
                        897,
                        322
                    ],
                    [
                        897,
                        385
                    ]
                ],
                "type": "LineString"
            },
            "properties": {
                "elevation": 80.0
            },
            "type": "Feature"
        },
        {
            "geometry": {
                "coordinates": [
                    [
                        624,
                        392
                    ],
                    [
                        624,
                        399
                    ],
                    [
                        624,
                        406
                    ],
                    [
                        624,
                        504
                    ],
                    [
                        624,
                        511
                    ],
                    [
                        637,
                        357
                    ],
                    [
                        637,
                        364
                    ],
                    [
                        637,
                        371
                    ],
                    [
                        637,
                        525
                    ],
                    [
                        637,
                        532
                    ],
                    [
                        650,
                        350
                    ],
                    [
                        650,
                        539
                    ],
                    [
                        650,
                        546
                    ],
                    [
                        663,
                        343
                    ],
                    [
                        663,
                        350
                    ],
                    [
                        663,
                        546
                    ],
                    [
                        676,
                        343
                    ],
                    [
                        676,
                        553
                    ],
                    [
                        689,
                        336
                    ],
                    [
                        702,
                        336
                    ],
                    [
                        702,
                        525
                    ],
                    [
                        715,
                        336
                    ],
                    [
                        728,
                        336
                    ],
                    [
                        741,
                        336
                    ],
                    [
                        754,
                        343
                    ],
                    [
                        754,
                        350
                    ]
                ],
                "type": "LineString"
            },
            "properties": {
                "elevation": 92.0
            },
            "type": "Feature"
        },
        {
            "geometry": {
                "coordinates": [
                    [
                        936,
                        742
                    ],
                    [
                        949,
                        721
                    ],
                    [
                        962,
                        700
                    ],
                    [
                        975,
                        679
                    ],
                    [
                        988,
                        658
                    ],
                    [
                        1001,
                        644
                    ],
                    [
                        1014,
                        630
                    ],
                    [
                        1040,
                        609
                    ],
                    [
                        1079,
                        567
                    ],
                    [
                        1105,
                        518
                    ],
                    [
                        1118,
                        490
                    ],
                    [
                        1144,
                        441
                    ],
                    [
                        1183,
                        371
                    ],
                    [
                        1183,
                        378
                    ],
                    [
                        1196,
                        308
                    ],
                    [
                        1196,
                        315
                    ],
                    [
                        1209,
                        210
                    ],
                    [
                        1209,
                        217
                    ],
                    [
                        1222,
                        105
                    ]
                ],
                "type": "LineString"
            },
            "properties": {
                "elevation": 32.0
            },
            "type": "Feature"
        },
        {
            "geometry": {
                "coordinates": [
                    [
                        715,
                        406
                    ],
                    [
                        728,
                        399
                    ],
                    [
                        741,
                        399
                    ],
                    [
                        754,
                        392
                    ],
                    [
                        754,
                        399
                    ],
                    [
                        767,
                        392
                    ],
                    [
                        780,
                        385
                    ],
                    [
                        793,
                        378
                    ],
                    [
                        793,
                        385
                    ],
                    [
                        806,
                        371
                    ],
                    [
                        806,
                        378
                    ],
                    [
                        819,
                        371
                    ],
                    [
                        832,
                        364
                    ],
                    [
                        832,
                        371
                    ],
                    [
                        845,
                        364
                    ]
                ],
                "type": "LineString"
            },
            "properties": {
                "elevation": 0.0
            },
            "type": "Feature"
        },
        {
            "geometry": {
                "coordinates": [
                    [
                        611,
                        420
                    ],
                    [
                        611,
                        427
                    ],
                    [
                        624,
                        420
                    ],
                    [
                        637,
                        420
                    ],
                    [
                        650,
                        413
                    ],
                    [
                        650,
                        420
                    ],
                    [
                        663,
                        413
                    ],
                    [
                        676,
                        413
                    ],
                    [
                        689,
                        406
                    ],
                    [
                        689,
                        413
                    ]
                ],
                "type": "LineString"
            },
            "properties": {
                "elevation": 0.0
            },
            "type": "Feature"
        },
        {
            "geometry": {
                "coordinates": [
                    [
                        598,
                        448
                    ],
                    [
                        598,
                        455
                    ],
                    [
                        598,
                        462
                    ],
                    [
                        598,
                        469
                    ],
                    [
                        598,
                        476
                    ],
                    [
                        598,
                        483
                    ],
                    [
                        598,
                        490
                    ],
                    [
                        598,
                        497
                    ],
                    [
                        598,
                        504
                    ],
                    [
                        598,
                        511
                    ],
                    [
                        611,
                        427
                    ],
                    [
                        611,
                        434
                    ],
                    [
                        611,
                        441
                    ],
                    [
                        611,
                        518
                    ],
                    [
                        611,
                        525
                    ],
                    [
                        611,
                        532
                    ],
                    [
                        624,
                        399
                    ],
                    [
                        624,
                        406
                    ],
                    [
                        624,
                        413
                    ],
                    [
                        624,
                        420
                    ],
                    [
                        624,
                        532
                    ],
                    [
                        624,
                        539
                    ],
                    [
                        637,
                        371
                    ],
                    [
                        637,
                        378
                    ],
                    [
                        637,
                        385
                    ],
                    [
                        637,
                        392
                    ],
                    [
                        637,
                        539
                    ],
                    [
                        637,
                        546
                    ],
                    [
                        650,
                        357
                    ],
                    [
                        650,
                        364
                    ],
                    [
                        650,
                        546
                    ],
                    [
                        650,
                        553
                    ],
                    [
                        663,
                        553
                    ],
                    [
                        663,
                        560
                    ],
                    [
                        676,
                        560
                    ],
                    [
                        702,
                        525
                    ],
                    [
                        754,
                        350
                    ]
                ],
                "type": "LineString"
            },
            "properties": {
                "elevation": 62.0
            },
            "type": "Feature"
        },
        {
            "geometry": {
                "coordinates": [
                    [
                        858,
                        602
                    ],
                    [
                        871,
                        581
                    ],
                    [
                        884,
                        567
                    ],
                    [
                        897,
                        553
                    ],
                    [
                        923,
                        518
                    ],
                    [
                        936,
                        497
                    ],
                    [
                        949,
                        476
                    ],
                    [
                        988,
                        364
                    ],
                    [
                        1001,
                        294
                    ],
                    [
                        1001,
                        301
                    ],
                    [
                        1001,
                        308
                    ]
                ],
                "type": "LineString"
            },
            "properties": {
                "elevation": 129.0
            },
            "type": "Feature"
        },
        {
            "geometry": {
                "coordinates": [
                    [
                        0,
                        665
                    ],
                    [
                        13,
                        679
                    ],
                    [
                        26,
                        693
                    ],
                    [
                        39,
                        707
                    ],
                    [
                        39,
                        714
                    ],
                    [
                        52,
                        728
                    ],
                    [
                        65,
                        749
                    ]
                ],
                "type": "LineString"
            },
            "properties": {
                "elevation": 5.0
            },
            "type": "Feature"
        },
        {
            "geometry": {
                "coordinates": [
                    [
                        1300,
                        700
                    ],
                    [
                        1300,
                        742
                    ],
                    [
                        1313,
                        665
                    ],
                    [
                        1313,
                        756
                    ],
                    [
                        1326,
                        637
                    ]
                ],
                "type": "LineString"
            },
            "properties": {
                "elevation": 5.0
            },
            "type": "Feature"
        },
        {
            "geometry": {
                "coordinates": [
                    [
                        1144,
                        756
                    ],
                    [
                        1170,
                        749
                    ],
                    [
                        1183,
                        749
                    ],
                    [
                        1209,
                        756
                    ]
                ],
                "type": "LineString"
            },
            "properties": {
                "elevation": 68.0
            },
            "type": "Feature"
        },
        {
            "geometry": {
                "coordinates": [
                    [
                        1261,
                        588
                    ],
                    [
                        1274,
                        567
                    ],
                    [
                        1274,
                        672
                    ],
                    [
                        1274,
                        686
                    ],
                    [
                        1274,
                        693
                    ],
                    [
                        1274,
                        700
                    ],
                    [
                        1287,
                        728
                    ],
                    [
                        1287,
                        735
                    ],
                    [
                        1313,
                        546
                    ]
                ],
                "type": "LineString"
            },
            "properties": {
                "elevation": 68.0
            },
            "type": "Feature"
        },
        {
            "geometry": {
                "coordinates": [
                    [
                        1144,
                        714
                    ],
                    [
                        1157,
                        714
                    ],
                    [
                        1170,
                        707
                    ],
                    [
                        1183,
                        560
                    ],
                    [
                        1183,
                        616
                    ],
                    [
                        1183,
                        700
                    ],
                    [
                        1196,
                        651
                    ],
                    [
                        1196,
                        686
                    ],
                    [
                        1209,
                        504
                    ]
                ],
                "type": "LineString"
            },
            "properties": {
                "elevation": 78.0
            },
            "type": "Feature"
        },
        {
            "geometry": {
                "coordinates": [
                    [
                        1300,
                        287
                    ],
                    [
                        1313,
                        217
                    ],
                    [
                        1326,
                        91
                    ],
                    [
                        1326,
                        98
                    ],
                    [
                        1326,
                        105
                    ],
                    [
                        1326,
                        126
                    ]
                ],
                "type": "LineString"
            },
            "properties": {
                "elevation": 78.0
            },
            "type": "Feature"
        },
        {
            "geometry": {
                "coordinates": [
                    [
                        1027,
                        742
                    ],
                    [
                        1092,
                        700
                    ],
                    [
                        1118,
                        707
                    ]
                ],
                "type": "LineString"
            },
            "properties": {
                "elevation": 78.0
            },
            "type": "Feature"
        },
        {
            "geometry": {
                "coordinates": [
                    [
                        949,
                        721
                    ],
                    [
                        962,
                        700
                    ],
                    [
                        975,
                        679
                    ],
                    [
                        988,
                        658
                    ],
                    [
                        1001,
                        644
                    ],
                    [
                        1014,
                        630
                    ],
                    [
                        1040,
                        609
                    ],
                    [
                        1079,
                        567
                    ],
                    [
                        1105,
                        518
                    ],
                    [
                        1118,
                        490
                    ],
                    [
                        1144,
                        441
                    ],
                    [
                        1183,
                        371
                    ],
                    [
                        1183,
                        378
                    ],
                    [
                        1196,
                        315
                    ],
                    [
                        1209,
                        210
                    ],
                    [
                        1209,
                        217
                    ],
                    [
                        1222,
                        105
                    ]
                ],
                "type": "LineString"
            },
            "properties": {
                "elevation": 87.0
            },
            "type": "Feature"
        },
        {
            "geometry": {
                "coordinates": [
                    [
                        0,
                        483
                    ],
                    [
                        0,
                        490
                    ],
                    [
                        13,
                        504
                    ],
                    [
                        13,
                        511
                    ],
                    [
                        26,
                        532
                    ],
                    [
                        39,
                        546
                    ],
                    [
                        52,
                        560
                    ],
                    [
                        65,
                        581
                    ],
                    [
                        78,
                        595
                    ],
                    [
                        91,
                        616
                    ],
                    [
                        104,
                        630
                    ],
                    [
                        117,
                        651
                    ],
                    [
                        130,
                        672
                    ],
                    [
                        130,
                        679
                    ],
                    [
                        143,
                        686
                    ],
                    [
                        143,
                        693
                    ],
                    [
                        156,
                        707
                    ],
                    [
                        156,
                        714
                    ],
                    [
                        169,
                        735
                    ],
                    [
                        182,
                        749
                    ],
                    [
                        182,
                        756
                    ]
                ],
                "type": "LineString"
            },
            "properties": {
                "elevation": 87.0
            },
            "type": "Feature"
        },
        {
            "geometry": {
                "coordinates": [
                    [
                        13,
                        21
                    ],
                    [
                        26,
                        0
                    ],
                    [
                        26,
                        7
                    ]
                ],
                "type": "LineString"
            },
            "properties": {
                "elevation": 87.0
            },
            "type": "Feature"
        },
        {
            "geometry": {
                "coordinates": [
                    [
                        117,
                        427
                    ],
                    [
                        260,
                        686
                    ],
                    [
                        273,
                        707
                    ],
                    [
                        299,
                        756
                    ]
                ],
                "type": "LineString"
            },
            "properties": {
                "elevation": 96.0
            },
            "type": "Feature"
        },
        {
            "geometry": {
                "coordinates": [
                    [
                        845,
                        749
                    ],
                    [
                        858,
                        728
                    ],
                    [
                        871,
                        707
                    ],
                    [
                        884,
                        693
                    ],
                    [
                        910,
                        651
                    ],
                    [
                        923,
                        637
                    ],
                    [
                        936,
                        616
                    ],
                    [
                        949,
                        602
                    ],
                    [
                        975,
                        567
                    ],
                    [
                        1001,
                        532
                    ],
                    [
                        1027,
                        490
                    ],
                    [
                        1053,
                        427
                    ],
                    [
                        1092,
                        343
                    ],
                    [
                        1105,
                        238
                    ]
                ],
                "type": "LineString"
            },
            "properties": {
                "elevation": 96.0
            },
            "type": "Feature"
        },
        {
            "geometry": {
                "coordinates": [
                    [
                        130,
                        189
                    ],
                    [
                        156,
                        105
                    ],
                    [
                        156,
                        112
                    ],
                    [
                        169,
                        91
                    ],
                    [
                        182,
                        70
                    ],
                    [
                        195,
                        56
                    ],
                    [
                        208,
                        28
                    ],
                    [
                        208,
                        35
                    ],
                    [
                        221,
                        14
                    ],
                    [
                        234,
                        0
                    ]
                ],
                "type": "LineString"
            },
            "properties": {
                "elevation": 96.0
            },
            "type": "Feature"
        },
        {
            "geometry": {
                "coordinates": [
                    [
                        260,
                        322
                    ],
                    [
                        260,
                        329
                    ],
                    [
                        260,
                        336
                    ],
                    [
                        260,
                        343
                    ],
                    [
                        260,
                        350
                    ],
                    [
                        260,
                        357
                    ],
                    [
                        260,
                        364
                    ],
                    [
                        260,
                        371
                    ],
                    [
                        260,
                        378
                    ],
                    [
                        260,
                        385
                    ],
                    [
                        260,
                        392
                    ],
                    [
                        260,
                        399
                    ],
                    [
                        273,
                        273
                    ],
                    [
                        273,
                        448
                    ],
                    [
                        273,
                        455
                    ],
                    [
                        286,
                        231
                    ],
                    [
                        286,
                        238
                    ],
                    [
                        286,
                        469
                    ],
                    [
                        299,
                        203
                    ],
                    [
                        299,
                        511
                    ],
                    [
                        299,
                        518
                    ],
                    [
                        312,
                        175
                    ],
                    [
                        312,
                        539
                    ],
                    [
                        312,
                        546
                    ],
                    [
                        325,
                        154
                    ],
                    [
                        325,
                        574
                    ],
                    [
                        325,
                        581
                    ],
                    [
                        338,
                        133
                    ],
                    [
                        338,
                        602
                    ],
                    [
                        351,
                        112
                    ],
                    [
                        351,
                        119
                    ],
                    [
                        351,
                        623
                    ],
                    [
                        351,
                        630
                    ],
                    [
                        364,
                        98
                    ],
                    [
                        364,
                        658
                    ],
                    [
                        364,
                        665
                    ],
                    [
                        377,
                        77
                    ],
                    [
                        377,
                        686
                    ],
                    [
                        390,
                        63
                    ],
                    [
                        390,
                        714
                    ],
                    [
                        403,
                        56
                    ],
                    [
                        403,
                        735
                    ],
                    [
                        403,
                        749
                    ],
                    [
                        403,
                        756
                    ],
                    [
                        416,
                        42
                    ],
                    [
                        429,
                        35
                    ],
                    [
                        442,
                        28
                    ],
                    [
                        455,
                        21
                    ],
                    [
                        468,
                        14
                    ],
                    [
                        481,
                        0
                    ]
                ],
                "type": "LineString"
            },
            "properties": {
                "elevation": 128.0
            },
            "type": "Feature"
        },
        {
            "geometry": {
                "coordinates": [
                    [
                        767,
                        735
                    ],
                    [
                        780,
                        721
                    ],
                    [
                        806,
                        686
                    ],
                    [
                        832,
                        644
                    ],
                    [
                        858,
                        602
                    ],
                    [
                        871,
                        581
                    ],
                    [
                        884,
                        567
                    ],
                    [
                        897,
                        553
                    ],
                    [
                        923,
                        518
                    ],
                    [
                        936,
                        497
                    ],
                    [
                        949,
                        476
                    ],
                    [
                        988,
                        357
                    ],
                    [
                        1001,
                        21
                    ],
                    [
                        1001,
                        28
                    ],
                    [
                        1001,
                        189
                    ],
                    [
                        1001,
                        196
                    ],
                    [
                        1001,
                        294
                    ],
                    [
                        1001,
                        301
                    ],
                    [
                        1001,
                        308
                    ]
                ],
                "type": "LineString"
            },
            "properties": {
                "elevation": 128.0
            },
            "type": "Feature"
        },
        {
            "geometry": {
                "coordinates": [
                    [
                        416,
                        378
                    ],
                    [
                        416,
                        385
                    ],
                    [
                        429,
                        329
                    ],
                    [
                        429,
                        336
                    ],
                    [
                        429,
                        343
                    ],
                    [
                        429,
                        455
                    ],
                    [
                        429,
                        462
                    ],
                    [
                        442,
                        301
                    ],
                    [
                        442,
                        308
                    ],
                    [
                        442,
                        504
                    ],
                    [
                        455,
                        280
                    ],
                    [
                        455,
                        287
                    ],
                    [
                        455,
                        546
                    ],
                    [
                        455,
                        553
                    ],
                    [
                        455,
                        560
                    ],
                    [
                        468,
                        259
                    ],
                    [
                        468,
                        581
                    ],
                    [
                        468,
                        588
                    ],
                    [
                        481,
                        245
                    ],
                    [
                        481,
                        609
                    ],
                    [
                        481,
                        616
                    ],
                    [
                        494,
                        231
                    ],
                    [
                        494,
                        644
                    ],
                    [
                        494,
                        651
                    ],
                    [
                        507,
                        210
                    ],
                    [
                        507,
                        672
                    ],
                    [
                        507,
                        679
                    ],
                    [
                        520,
                        196
                    ],
                    [
                        520,
                        700
                    ],
                    [
                        533,
                        161
                    ],
                    [
                        533,
                        168
                    ],
                    [
                        533,
                        721
                    ],
                    [
                        546,
                        154
                    ],
                    [
                        546,
                        735
                    ],
                    [
                        559,
                        147
                    ],
                    [
                        572,
                        749
                    ],
                    [
                        598,
                        119
                    ],
                    [
                        611,
                        105
                    ],
                    [
                        611,
                        749
                    ],
                    [
                        624,
                        98
                    ],
                    [
                        637,
                        91
                    ],
                    [
                        637,
                        735
                    ],
                    [
                        650,
                        84
                    ],
                    [
                        650,
                        728
                    ],
                    [
                        663,
                        84
                    ],
                    [
                        676,
                        77
                    ],
                    [
                        689,
                        77
                    ],
                    [
                        689,
                        707
                    ],
                    [
                        715,
                        84
                    ],
                    [
                        728,
                        84
                    ],
                    [
                        741,
                        84
                    ],
                    [
                        741,
                        644
                    ],
                    [
                        754,
                        84
                    ],
                    [
                        754,
                        623
                    ],
                    [
                        767,
                        84
                    ],
                    [
                        780,
                        84
                    ],
                    [
                        793,
                        84
                    ],
                    [
                        793,
                        560
                    ],
                    [
                        806,
                        91
                    ],
                    [
                        819,
                        105
                    ],
                    [
                        832,
                        112
                    ],
                    [
                        832,
                        504
                    ],
                    [
                        845,
                        133
                    ],
                    [
                        845,
                        140
                    ],
                    [
                        845,
                        147
                    ],
                    [
                        858,
                        168
                    ],
                    [
                        858,
                        175
                    ],
                    [
                        858,
                        182
                    ],
                    [
                        858,
                        189
                    ],
                    [
                        858,
                        196
                    ],
                    [
                        871,
                        217
                    ],
                    [
                        871,
                        224
                    ],
                    [
                        871,
                        231
                    ],
                    [
                        884,
                        273
                    ],
                    [
                        884,
                        413
                    ],
                    [
                        897,
                        301
                    ],
                    [
                        897,
                        308
                    ],
                    [
                        897,
                        315
                    ],
                    [
                        897,
                        322
                    ],
                    [
                        897,
                        385
                    ]
                ],
                "type": "LineString"
            },
            "properties": {
                "elevation": 171.0
            },
            "type": "Feature"
        },
        {
            "geometry": {
                "coordinates": [
                    [
                        624,
                        385
                    ],
                    [
                        624,
                        392
                    ],
                    [
                        624,
                        504
                    ],
                    [
                        624,
                        511
                    ],
                    [
                        637,
                        371
                    ],
                    [
                        637,
                        532
                    ],
                    [
                        650,
                        357
                    ],
                    [
                        650,
                        546
                    ],
                    [
                        663,
                        343
                    ],
                    [
                        663,
                        553
                    ],
                    [
                        676,
                        329
                    ],
                    [
                        676,
                        553
                    ],
                    [
                        689,
                        546
                    ],
                    [
                        702,
                        322
                    ],
                    [
                        728,
                        322
                    ],
                    [
                        741,
                        329
                    ],
                    [
                        754,
                        350
                    ],
                    [
                        754,
                        357
                    ]
                ],
                "type": "LineString"
            },
            "properties": {
                "elevation": 189.0
            },
            "type": "Feature"
        },
        {
            "geometry": {
                "coordinates": [
                    [
                        39,
                        714
                    ],
                    [
                        65,
                        749
                    ]
                ],
                "type": "LineString"
            },
            "properties": {
                "elevation": 23.0
            },
            "type": "Feature"
        },
        {
            "geometry": {
                "coordinates": [
                    [
                        0,
                        49
                    ],
                    [
                        0,
                        56
                    ],
                    [
                        13,
                        28
                    ],
                    [
                        26,
                        0
                    ],
                    [
                        26,
                        7
                    ]
                ],
                "type": "LineString"
            },
            "properties": {
                "elevation": 23.0
            },
            "type": "Feature"
        },
        {
            "geometry": {
                "coordinates": [
                    [
                        1300,
                        693
                    ],
                    [
                        1300,
                        700
                    ],
                    [
                        1300,
                        742
                    ],
                    [
                        1313,
                        665
                    ],
                    [
                        1313,
                        756
                    ],
                    [
                        1326,
                        637
                    ]
                ],
                "type": "LineString"
            },
            "properties": {
                "elevation": 23.0
            },
            "type": "Feature"
        },
        {
            "geometry": {
                "coordinates": [
                    [
                        1261,
                        588
                    ],
                    [
                        1274,
                        567
                    ],
                    [
                        1274,
                        672
                    ],
                    [
                        1274,
                        686
                    ],
                    [
                        1274,
                        693
                    ],
                    [
                        1274,
                        700
                    ],
                    [
                        1287,
                        721
                    ],
                    [
                        1287,
                        728
                    ],
                    [
                        1287,
                        735
                    ],
                    [
                        1300,
                        756
                    ],
                    [
                        1313,
                        546
                    ]
                ],
                "type": "LineString"
            },
            "properties": {
                "elevation": 26.0
            },
            "type": "Feature"
        },
        {
            "geometry": {
                "coordinates": [
                    [
                        1131,
                        756
                    ],
                    [
                        1144,
                        756
                    ],
                    [
                        1157,
                        749
                    ],
                    [
                        1170,
                        749
                    ],
                    [
                        1183,
                        749
                    ],
                    [
                        1209,
                        756
                    ]
                ],
                "type": "LineString"
            },
            "properties": {
                "elevation": 26.0
            },
            "type": "Feature"
        },
        {
            "geometry": {
                "coordinates": [
                    [
                        0,
                        497
                    ],
                    [
                        26,
                        525
                    ],
                    [
                        39,
                        546
                    ],
                    [
                        52,
                        567
                    ],
                    [
                        65,
                        581
                    ],
                    [
                        65,
                        588
                    ],
                    [
                        78,
                        602
                    ],
                    [
                        78,
                        609
                    ],
                    [
                        91,
                        616
                    ],
                    [
                        91,
                        623
                    ],
                    [
                        104,
                        637
                    ],
                    [
                        117,
                        651
                    ]
                ],
                "type": "LineString"
            },
            "properties": {
                "elevation": 53.0
            },
            "type": "Feature"
        },
        {
            "geometry": {
                "coordinates": [
                    [
                        884,
                        424
                    ],
                    [
                        901,
                        328
                    ],
                    [
                        901,
                        416
                    ],
                    [
                        969,
                        336
                    ]
                ],
                "type": "LineString"
            },
            "properties": {
                "elevation": 1290.0
            },
            "type": "Feature"
        },
        {
            "geometry": {
                "coordinates": [
                    [
                        867,
                        296
                    ],
                    [
                        884,
                        280
                    ],
                    [
                        884,
                        456
                    ],
                    [
                        901,
                        448
                    ],
                    [
                        935,
                        288
                    ],
                    [
                        952,
                        440
                    ],
                    [
                        969,
                        296
                    ],
                    [
                        969,
                        432
                    ],
                    [
                        986,
                        304
                    ],
                    [
                        1020,
                        408
                    ],
                    [
                        1037,
                        400
                    ],
                    [
                        1054,
                        384
                    ]
                ],
                "type": "LineString"
            },
            "properties": {
                "elevation": 1243.0
            },
            "type": "Feature"
        },
        {
            "geometry": {
                "coordinates": [
                    [
                        850,
                        248
                    ],
                    [
                        867,
                        248
                    ],
                    [
                        884,
                        248
                    ],
                    [
                        935,
                        256
                    ]
                ],
                "type": "LineString"
            },
            "properties": {
                "elevation": 1186.0
            },
            "type": "Feature"
        },
        {
            "geometry": {
                "coordinates": [
                    [
                        1037,
                        440
                    ],
                    [
                        1054,
                        432
                    ],
                    [
                        1071,
                        424
                    ],
                    [
                        1139,
                        352
                    ],
                    [
                        1139,
                        376
                    ]
                ],
                "type": "LineString"
            },
            "properties": {
                "elevation": 1186.0
            },
            "type": "Feature"
        },
        {
            "geometry": {
                "coordinates": [
                    [
                        986,
                        272
                    ],
                    [
                        1003,
                        288
                    ]
                ],
                "type": "LineString"
            },
            "properties": {
                "elevation": 1186.0
            },
            "type": "Feature"
        },
        {
            "geometry": {
                "coordinates": [
                    [
                        782,
                        632
                    ],
                    [
                        782,
                        640
                    ],
                    [
                        799,
                        632
                    ],
                    [
                        816,
                        616
                    ],
                    [
                        833,
                        576
                    ],
                    [
                        1003,
                        488
                    ],
                    [
                        1020,
                        480
                    ],
                    [
                        1037,
                        472
                    ],
                    [
                        1122,
                        440
                    ],
                    [
                        1139,
                        432
                    ],
                    [
                        1156,
                        424
                    ],
                    [
                        1258,
                        360
                    ]
                ],
                "type": "LineString"
            },
            "properties": {
                "elevation": 1138.0
            },
            "type": "Feature"
        },
        {
            "geometry": {
                "coordinates": [
                    [
                        867,
                        216
                    ],
                    [
                        884,
                        216
                    ]
                ],
                "type": "LineString"
            },
            "properties": {
                "elevation": 1138.0
            },
            "type": "Feature"
        },
        {
            "geometry": {
                "coordinates": [
                    [
                        340,
                        378
                    ],
                    [
                        340,
                        385
                    ],
                    [
                        340,
                        427
                    ],
                    [
                        357,
                        329
                    ],
                    [
                        357,
                        483
                    ],
                    [
                        374,
                        476
                    ],
                    [
                        408,
                        455
                    ],
                    [
                        442,
                        441
                    ],
                    [
                        476,
                        434
                    ],
                    [
                        493,
                        427
                    ],
                    [
                        561,
                        385
                    ]
                ],
                "type": "LineString"
            },
            "properties": {
                "elevation": 1226.0
            },
            "type": "Feature"
        },
        {
            "geometry": {
                "coordinates": [
                    [
                        476,
                        266
                    ],
                    [
                        510,
                        287
                    ],
                    [
                        544,
                        308
                    ],
                    [
                        561,
                        322
                    ]
                ],
                "type": "LineString"
            },
            "properties": {
                "elevation": 1226.0
            },
            "type": "Feature"
        },
        {
            "geometry": {
                "coordinates": [
                    [
                        255,
                        427
                    ],
                    [
                        255,
                        434
                    ],
                    [
                        289,
                        553
                    ],
                    [
                        340,
                        182
                    ],
                    [
                        357,
                        546
                    ],
                    [
                        374,
                        175
                    ],
                    [
                        374,
                        539
                    ],
                    [
                        391,
                        175
                    ],
                    [
                        425,
                        525
                    ],
                    [
                        442,
                        189
                    ],
                    [
                        476,
                        518
                    ],
                    [
                        544,
                        490
                    ],
                    [
                        578,
                        476
                    ],
                    [
                        629,
                        455
                    ],
                    [
                        646,
                        448
                    ],
                    [
                        663,
                        441
                    ]
                ],
                "type": "LineString"
            },
            "properties": {
                "elevation": 1132.0
            },
            "type": "Feature"
        },
        {
            "geometry": {
                "coordinates": [
                    [
                        306,
                        105
                    ],
                    [
                        425,
                        119
                    ],
                    [
                        476,
                        133
                    ],
                    [
                        663,
                        210
                    ],
                    [
                        731,
                        252
                    ]
                ],
                "type": "LineString"
            },
            "properties": {
                "elevation": 1022.0
            },
            "type": "Feature"
        },
        {
            "geometry": {
                "coordinates": [
                    [
                        272,
                        665
                    ],
                    [
                        493,
                        595
                    ],
                    [
                        510,
                        588
                    ],
                    [
                        527,
                        581
                    ],
                    [
                        578,
                        553
                    ],
                    [
                        595,
                        546
                    ],
                    [
                        612,
                        539
                    ],
                    [
                        629,
                        532
                    ],
                    [
                        731,
                        490
                    ],
                    [
                        765,
                        469
                    ],
                    [
                        799,
                        448
                    ],
                    [
                        833,
                        427
                    ]
                ],
                "type": "LineString"
            },
            "properties": {
                "elevation": 1022.0
            },
            "type": "Feature"
        },
        {
            "geometry": {
                "coordinates": [
                    [
                        884,
                        315
                    ],
                    [
                        901,
                        364
                    ]
                ],
                "type": "LineString"
            },
            "properties": {
                "elevation": 1022.0
            },
            "type": "Feature"
        },
        {
            "geometry": {
                "coordinates": [
                    [
                        170,
                        455
                    ],
                    [
                        187,
                        315
                    ],
                    [
                        187,
                        539
                    ],
                    [
                        204,
                        259
                    ],
                    [
                        204,
                        644
                    ],
                    [
                        255,
                        672
                    ]
                ],
                "type": "LineString"
            },
            "properties": {
                "elevation": 1022.0
            },
            "type": "Feature"
        },
        {
            "geometry": {
                "coordinates": [
                    [
                        136,
                        259
                    ],
                    [
                        153,
                        210
                    ],
                    [
                        170,
                        147
                    ],
                    [
                        187,
                        91
                    ]
                ],
                "type": "LineString"
            },
            "properties": {
                "elevation": 921.0
            },
            "type": "Feature"
        },
        {
            "geometry": {
                "coordinates": [
                    [
                        102,
                        434
                    ],
                    [
                        119,
                        490
                    ],
                    [
                        119,
                        721
                    ],
                    [
                        119,
                        756
                    ],
                    [
                        136,
                        616
                    ],
                    [
                        136,
                        686
                    ]
                ],
                "type": "LineString"
            },
            "properties": {
                "elevation": 921.0
            },
            "type": "Feature"
        },
        {
            "geometry": {
                "coordinates": [
                    [
                        357,
                        714
                    ],
                    [
                        459,
                        672
                    ],
                    [
                        510,
                        658
                    ],
                    [
                        527,
                        651
                    ],
                    [
                        663,
                        595
                    ],
                    [
                        680,
                        588
                    ],
                    [
                        748,
                        553
                    ],
                    [
                        799,
                        532
                    ],
                    [
                        833,
                        525
                    ],
                    [
                        850,
                        518
                    ],
                    [
                        867,
                        511
                    ],
                    [
                        884,
                        504
                    ],
                    [
                        901,
                        497
                    ],
                    [
                        918,
                        490
                    ],
                    [
                        952,
                        462
                    ],
                    [
                        969,
                        448
                    ],
                    [
                        1003,
                        427
                    ],
                    [
                        1037,
                        406
                    ],
                    [
                        1105,
                        371
                    ]
                ],
                "type": "LineString"
            },
            "properties": {
                "elevation": 921.0
            },
            "type": "Feature"
        },
        {
            "geometry": {
                "coordinates": [
                    [
                        850,
                        217
                    ],
                    [
                        884,
                        231
                    ],
                    [
                        935,
                        245
                    ],
                    [
                        986,
                        259
                    ],
                    [
                        1020,
                        266
                    ],
                    [
                        1139,
                        287
                    ]
                ],
                "type": "LineString"
            },
            "properties": {
                "elevation": 921.0
            },
            "type": "Feature"
        },
        {
            "geometry": {
                "coordinates": [
                    [
                        255,
                        35
                    ],
                    [
                        323,
                        42
                    ],
                    [
                        391,
                        49
                    ],
                    [
                        425,
                        56
                    ],
                    [
                        510,
                        77
                    ],
                    [
                        663,
                        140
                    ],
                    [
                        680,
                        147
                    ],
                    [
                        748,
                        182
                    ],
                    [
                        765,
                        189
                    ]
                ],
                "type": "LineString"
            },
            "properties": {
                "elevation": 921.0
            },
            "type": "Feature"
        },
        {
            "geometry": {
                "coordinates": [
                    [
                        476,
                        742
                    ],
                    [
                        510,
                        728
                    ],
                    [
                        527,
                        721
                    ],
                    [
                        544,
                        714
                    ],
                    [
                        612,
                        693
                    ],
                    [
                        629,
                        686
                    ],
                    [
                        646,
                        679
                    ],
                    [
                        799,
                        609
                    ],
                    [
                        850,
                        595
                    ],
                    [
                        918,
                        574
                    ],
                    [
                        935,
                        567
                    ],
                    [
                        952,
                        560
                    ],
                    [
                        969,
                        553
                    ],
                    [
                        1020,
                        518
                    ],
                    [
                        1037,
                        511
                    ],
                    [
                        1071,
                        490
                    ],
                    [
                        1122,
                        469
                    ],
                    [
                        1139,
                        462
                    ],
                    [
                        1156,
                        455
                    ],
                    [
                        1224,
                        392
                    ],
                    [
                        1241,
                        364
                    ],
                    [
                        1258,
                        322
                    ]
                ],
                "type": "LineString"
            },
            "properties": {
                "elevation": 778.0
            },
            "type": "Feature"
        },
        {
            "geometry": {
                "coordinates": [
                    [
                        493,
                        7
                    ],
                    [
                        544,
                        21
                    ],
                    [
                        612,
                        42
                    ],
                    [
                        663,
                        70
                    ],
                    [
                        680,
                        77
                    ],
                    [
                        731,
                        105
                    ],
                    [
                        884,
                        168
                    ],
                    [
                        1122,
                        217
                    ],
                    [
                        1139,
                        217
                    ],
                    [
                        1156,
                        217
                    ],
                    [
                        1241,
                        210
                    ],
                    [
                        1258,
                        210
                    ],
                    [
                        1275,
                        266
                    ],
                    [
                        1275,
                        273
                    ]
                ],
                "type": "LineString"
            },
            "properties": {
                "elevation": 778.0
            },
            "type": "Feature"
        },
        {
            "geometry": {
                "coordinates": [
                    [
                        51,
                        343
                    ],
                    [
                        51,
                        462
                    ],
                    [
                        68,
                        539
                    ],
                    [
                        85,
                        679
                    ],
                    [
                        85,
                        763
                    ]
                ],
                "type": "LineString"
            },
            "properties": {
                "elevation": 778.0
            },
            "type": "Feature"
        },
        {
            "geometry": {
                "coordinates": [
                    [
                        85,
                        224
                    ],
                    [
                        102,
                        161
                    ]
                ],
                "type": "LineString"
            },
            "properties": {
                "elevation": 778.0
            },
            "type": "Feature"
        },
        {
            "geometry": {
                "coordinates": [
                    [
                        663,
                        742
                    ],
                    [
                        714,
                        721
                    ],
                    [
                        731,
                        714
                    ],
                    [
                        765,
                        693
                    ],
                    [
                        867,
                        665
                    ],
                    [
                        884,
                        658
                    ],
                    [
                        969,
                        623
                    ],
                    [
                        1003,
                        609
                    ],
                    [
                        1054,
                        581
                    ],
                    [
                        1190,
                        525
                    ],
                    [
                        1224,
                        497
                    ],
                    [
                        1343,
                        315
                    ]
                ],
                "type": "LineString"
            },
            "properties": {
                "elevation": 619.0
            },
            "type": "Feature"
        },
        {
            "geometry": {
                "coordinates": [
                    [
                        680,
                        7
                    ],
                    [
                        714,
                        21
                    ],
                    [
                        782,
                        63
                    ],
                    [
                        901,
                        105
                    ],
                    [
                        969,
                        119
                    ],
                    [
                        1020,
                        133
                    ],
                    [
                        1071,
                        133
                    ],
                    [
                        1105,
                        140
                    ],
                    [
                        1139,
                        147
                    ],
                    [
                        1190,
                        140
                    ],
                    [
                        1309,
                        154
                    ],
                    [
                        1326,
                        154
                    ],
                    [
                        1428,
                        119
                    ],
                    [
                        1428,
                        189
                    ],
                    [
                        1462,
                        98
                    ],
                    [
                        1462,
                        126
                    ],
                    [
                        1479,
                        91
                    ]
                ],
                "type": "LineString"
            },
            "properties": {
                "elevation": 619.0
            },
            "type": "Feature"
        },
        {
            "geometry": {
                "coordinates": [
                    [
                        34,
                        203
                    ],
                    [
                        51,
                        140
                    ],
                    [
                        68,
                        70
                    ]
                ],
                "type": "LineString"
            },
            "properties": {
                "elevation": 619.0
            },
            "type": "Feature"
        },
        {
            "geometry": {
                "coordinates": [
                    [
                        782,
                        763
                    ],
                    [
                        816,
                        756
                    ],
                    [
                        935,
                        707
                    ],
                    [
                        952,
                        700
                    ],
                    [
                        986,
                        686
                    ],
                    [
                        1003,
                        679
                    ],
                    [
                        1037,
                        665
                    ],
                    [
                        1054,
                        658
                    ],
                    [
                        1071,
                        644
                    ],
                    [
                        1088,
                        637
                    ],
                    [
                        1190,
                        602
                    ],
                    [
                        1292,
                        532
                    ],
                    [
                        1309,
                        511
                    ],
                    [
                        1343,
                        455
                    ],
                    [
                        1360,
                        427
                    ],
                    [
                        1377,
                        406
                    ],
                    [
                        1394,
                        378
                    ],
                    [
                        1411,
                        357
                    ],
                    [
                        1445,
                        308
                    ],
                    [
                        1462,
                        273
                    ]
                ],
                "type": "LineString"
            },
            "properties": {
                "elevation": 527.0
            },
            "type": "Feature"
        },
        {
            "geometry": {
                "coordinates": [
                    [
                        1496,
                        14
                    ],
                    [
                        1496,
                        231
                    ],
                    [
                        1513,
                        210
                    ],
                    [
                        1547,
                        175
                    ],
                    [
                        1564,
                        56
                    ],
                    [
                        1564,
                        140
                    ]
                ],
                "type": "LineString"
            },
            "properties": {
                "elevation": 527.0
            },
            "type": "Feature"
        },
        {
            "geometry": {
                "coordinates": [
                    [
                        1258,
                        35
                    ],
                    [
                        1343,
                        35
                    ]
                ],
                "type": "LineString"
            },
            "properties": {
                "elevation": 382.0
            },
            "type": "Feature"
        },
        {
            "geometry": {
                "coordinates": [
                    [
                        935,
                        777
                    ],
                    [
                        969,
                        763
                    ],
                    [
                        986,
                        756
                    ],
                    [
                        1020,
                        742
                    ],
                    [
                        1054,
                        728
                    ],
                    [
                        1071,
                        714
                    ],
                    [
                        1156,
                        679
                    ],
                    [
                        1292,
                        630
                    ],
                    [
                        1377,
                        518
                    ],
                    [
                        1411,
                        462
                    ],
                    [
                        1428,
                        441
                    ],
                    [
                        1445,
                        420
                    ],
                    [
                        1462,
                        399
                    ],
                    [
                        1479,
                        378
                    ],
                    [
                        1496,
                        357
                    ],
                    [
                        1513,
                        336
                    ],
                    [
                        1530,
                        315
                    ],
                    [
                        1564,
                        273
                    ],
                    [
                        1598,
                        238
                    ],
                    [
                        1615,
                        217
                    ],
                    [
                        1649,
                        35
                    ],
                    [
                        1649,
                        161
                    ],
                    [
                        1666,
                        70
                    ],
                    [
                        1666,
                        77
                    ],
                    [
                        1666,
                        84
                    ],
                    [
                        1666,
                        98
                    ],
                    [
                        1666,
                        105
                    ]
                ],
                "type": "LineString"
            },
            "properties": {
                "elevation": 149.0
            },
            "type": "Feature"
        },
        {
            "geometry": {
                "coordinates": [
                    [
                        1139,
                        749
                    ],
                    [
                        1190,
                        735
                    ],
                    [
                        1258,
                        721
                    ],
                    [
                        1292,
                        707
                    ],
                    [
                        1309,
                        700
                    ],
                    [
                        1377,
                        623
                    ],
                    [
                        1394,
                        602
                    ],
                    [
                        1428,
                        553
                    ],
                    [
                        1445,
                        525
                    ],
                    [
                        1496,
                        462
                    ],
                    [
                        1530,
                        420
                    ],
                    [
                        1564,
                        378
                    ],
                    [
                        1649,
                        287
                    ],
                    [
                        1734,
                        147
                    ]
                ],
                "type": "LineString"
            },
            "properties": {
                "elevation": 106.0
            },
            "type": "Feature"
        },
        {
            "geometry": {
                "coordinates": [
                    [
                        1309,
                        777
                    ],
                    [
                        1360,
                        742
                    ],
                    [
                        1377,
                        721
                    ],
                    [
                        1394,
                        700
                    ],
                    [
                        1411,
                        679
                    ],
                    [
                        1428,
                        658
                    ],
                    [
                        1462,
                        609
                    ],
                    [
                        1479,
                        581
                    ],
                    [
                        1513,
                        532
                    ],
                    [
                        1547,
                        497
                    ],
                    [
                        1564,
                        476
                    ],
                    [
                        1649,
                        378
                    ],
                    [
                        1666,
                        364
                    ],
                    [
                        1700,
                        329
                    ],
                    [
                        1751,
                        266
                    ]
                ],
                "type": "LineString"
            },
            "properties": {
                "elevation": 79.0
            },
            "type": "Feature"
        },
        {
            "geometry": {
                "coordinates": [
                    [
                        1411,
                        770
                    ],
                    [
                        1428,
                        749
                    ],
                    [
                        1462,
                        714
                    ],
                    [
                        1479,
                        693
                    ],
                    [
                        1530,
                        616
                    ],
                    [
                        1598,
                        532
                    ],
                    [
                        1666,
                        455
                    ],
                    [
                        1683,
                        434
                    ],
                    [
                        1700,
                        420
                    ],
                    [
                        1734,
                        385
                    ]
                ],
                "type": "LineString"
            },
            "properties": {
                "elevation": 49.0
            },
            "type": "Feature"
        },
        {
            "geometry": {
                "coordinates": [
                    [
                        1513,
                        749
                    ],
                    [
                        1666,
                        546
                    ],
                    [
                        1700,
                        511
                    ],
                    [
                        1751,
                        462
                    ]
                ],
                "type": "LineString"
            },
            "properties": {
                "elevation": 29.0
            },
            "type": "Feature"
        },
        {
            "geometry": {
                "coordinates": [
                    [
                        1632,
                        686
                    ],
                    [
                        1649,
                        665
                    ],
                    [
                        1666,
                        644
                    ],
                    [
                        1683,
                        623
                    ],
                    [
                        1751,
                        546
                    ]
                ],
                "type": "LineString"
            },
            "properties": {
                "elevation": 12.0
            },
            "type": "Feature"
        },
        {
            "geometry": {
                "coordinates": [
                    [
                        1649,
                        770
                    ],
                    [
                        1666,
                        742
                    ],
                    [
                        1717,
                        679
                    ],
                    [
                        1734,
                        658
                    ]
                ],
                "type": "LineString"
            },
            "properties": {
                "elevation": 0.0
            },
            "type": "Feature"
        }
    ],
    "type": "FeatureCollection"
}
