{
 "type": "FeatureCollection",
 "features": [
  {
   "type": "Feature",
   "geometry": {
    "type": "LineString",
    "coordinates": [
     [
      0.215032,
      13.231298
     ],
     [
      0.209278,
      13.189917
     ],
     [
      0.204996,
      13.148355
     ],
     [
      0.201631,
      13.106708
     ],
     [
      0.198938,
      13.065013
     ],
     [
      0.196787,
      13.023285
     ],
     [
      0.195109,
      12.981536
     ],
     [
      0.193869,
      12.939772
     ],
     [
      0.193057,
      12.897997
     ],
     [
      0.192686,
      12.856216
     ],
     [
      0.192798,
      12.814433
     ],
     [
      0.193472,
      12.772656
     ],
     [
      0.194862,
      12.730897
     ],
     [
      0.197277,
      12.689186
     ],
     [
      0.201533,
      12.647627
     ],
     [
      0.209381,
      12.606598
     ],
     [
      0.216734,
      12.565469
     ],
     [
      0.222704,
      12.524117
     ],
     [
      0.227319,
      12.482591
     ],
     [
      0.230613,
      12.44094
     ],
     [
      0.232625,
      12.399207
     ],
     [
      0.233401,
      12.357433
     ],
     [
      0.232989,
      12.315653
     ],
     [
      0.231441,
      12.2739
     ],
     [
      0.228809,
      12.232201
     ],
     [
      0.225146,
      12.19058
     ],
     [
      0.220505,
      12.149057
     ],
     [
      0.214937,
      12.107647
     ],
     [
      0.208493,
      12.066365
     ],
     [
      0.201221,
      12.02522
     ],
     [
      0.193168,
      11.984221
     ],
     [
      0.184378,
      11.943374
     ],
     [
      0.174894,
      11.902682
     ],
     [
      0.164755,
      11.862148
     ],
     [
      0.153998,
      11.821774
     ],
     [
      0.142926,
      11.781485
     ],
     [
      0.131949,
      11.74117
     ],
     [
      0.121046,
      11.700834
     ],
     [
      0.110226,
      11.660477
     ],
     [
      0.0995,
      11.620094
     ],
     [
      0.088884,
      11.579682
     ],
     [
      0.078399,
      11.539236
     ],
     [
      0.068072,
      11.498749
     ],
     [
      0.057945,
      11.458212
     ],
     [
      0.048081,
      11.417611
     ],
     [
      0.038587,
      11.376921
     ],
     [
      0.029679,
      11.336099
     ],
     [
      0.021939,
      11.295043
     ],
     [
      0.022315,
      11.260618
     ],
     [
      0.034946,
      11.300403
     ],
     [
      0.045136,
      11.340923
     ],
     [
      0.054361,
      11.381673
     ],
     [
      0.063385,
      11.422469
     ],
     [
      0.073211,
      11.463079
     ],
     [
      0.083572,
      11.503557
     ],
     [
      0.094344,
      11.543928
     ],
     [
      0.105466,
      11.584203
     ],
     [
      0.116916,
      11.624386
     ],
     [
      0.128711,
      11.66447
     ],
     [
      0.140934,
      11.704425
     ],
     [
      0.152871,
      11.744466
     ],
     [
      0.164165,
      11.784693
     ],
     [
      0.174839,
      11.825089
     ],
     [
      0.184909,
      11.86564
     ],
     [
      0.194389,
      11.906333
     ],
     [
      0.203282,
      11.947158
     ],
     [
      0.211588,
      11.988107
     ],
     [
      0.219299,
      12.029172
     ],
     [
      0.226403,
      12.070346
     ],
     [
      0.232876,
      12.111624
     ],
     [
      0.238687,
      12.153001
     ],
     [
      0.243792,
      12.19447
     ],
     [
      0.248132,
      12.236026
     ],
     [
      0.251626,
      12.277662
     ],
     [
      0.254163,
      12.319367
     ],
     [
      0.255589,
      12.361124
     ],
     [
      0.255677,
      12.402905
     ],
     [
      0.254082,
      12.444653
     ],
     [
      0.250236,
      12.486252
     ],
     [
      0.243105,
      12.527405
     ],
     [
      0.232777,
      12.567883
     ],
     [
      0.225348,
      12.608993
     ],
     [
      0.219993,
      12.650428
     ],
     [
      0.216013,
      12.69202
     ],
     [
      0.213074,
      12.733698
     ],
     [
      0.210995,
      12.775429
     ],
     [
      0.209672,
      12.817191
     ],
     [
      0.209049,
      12.858968
     ],
     [
      0.209103,
      12.900751
     ],
     [
      0.209839,
      12.942527
     ],
     [
      0.21129,
      12.984284
     ],
     [
      0.213521,
      13.026007
     ],
     [
      0.21664,
      13.067672
     ],
     [
      0.220845,
      13.109241
     ],
     [
      0.225393,
      13.150776
     ],
     [
      0.229327,
      13.192373
     ],
     [
      0.232399,
      13.234041
     ],
     [
      0.233721,
      13.275795
     ],
     [
      0.223059,
      13.272297
     ],
     [
      0.215032,
      13.231298
     ]
    ]
   },
   "properties": {
    "elevation": 0.0
   }
  },
  {
   "type": "Feature",
   "geometry": {
    "type": "LineString",
    "coordinates": [
     [
      1.373816,
      13.198872
     ],
     [
      1.358403,
      13.08921
     ],
     [
      1.340818,
      12.979872
     ],
     [
      1.321867,
      12.870763
     ],
     [
      1.301915,
      12.761832
     ],
     [
      1.281154,
      12.653052
     ],
     [
      1.259694,
      12.544408
     ],
     [
      1.237592,
      12.435892
     ],
     [
      1.214868,
      12.327506
     ],
     [
      1.191506,
      12.219255
     ],
     [
      1.167455,
      12.111155
     ],
     [
      1.142602,
      12.003236
     ],
     [
      1.116736,
      11.895556
     ],
     [
      1.089406,
      11.78824
     ],
     [
      1.05937,
      11.681654
     ],
     [
      1.020715,
      11.577992
     ],
     [
      0.988321,
      11.472111
     ],
     [
      0.959829,
      11.365098
     ],
     [
      0.933499,
      11.257532
     ],
     [
      0.909347,
      11.149457
     ],
     [
      0.888627,
      11.040679
     ],
     [
      0.867201,
      10.932051
     ],
     [
      0.840742,
      10.824519
     ],
     [
      0.812011,
      10.717568
     ],
     [
      0.78203,
      10.610961
     ],
     [
      0.751274,
      10.504574
     ],
     [
      0.719999,
      10.398338
     ],
     [
      0.690043,
      10.291724
     ],
     [
      0.660222,
      10.185071
     ],
     [
      0.630785,
      10.078312
     ],
     [
      0.6005,
      9.97179
     ],
     [
      0.569462,
      9.865486
     ],
     [
      0.537858,
      9.759348
     ],
     [
      0.505673,
      9.653384
     ],
     [
      0.472711,
      9.54766
     ],
     [
      0.438188,
      9.442438
     ],
     [
      0.404222,
      9.337039
     ],
     [
      0.371442,
      9.231259
     ],
     [
      0.338891,
      9.125407
     ],
     [
      0.306476,
      9.019514
     ],
     [
      0.274166,
      8.913588
     ],
     [
      0.241963,
      8.80763
     ],
     [
      0.209907,
      8.701628
     ],
     [
      0.179141,
      8.595267
     ],
     [
      0.14921,
      8.488649
     ],
     [
      0.117968,
      8.382403
     ],
     [
      0.086462,
      8.276237
     ],
     [
      0.05652,
      8.169619
     ],
     [
      0.028669,
      8.06244
     ],
     [
      0.040058,
      8.041727
     ],
     [
      0.073498,
      8.147296
     ],
     [
      0.105317,
      8.25337
     ],
     [
      0.136708,
      8.359572
     ],
     [
      0.168201,
      8.465742
     ],
     [
      0.200034,
      8.571812
     ],
     [
      0.232037,
      8.677831
     ],
     [
      0.26417,
      8.78381
     ],
     [
      0.296423,
      8.889753
     ],
     [
      0.328796,
      8.995659
     ],
     [
      0.3613,
      9.101525
     ],
     [
      0.393957,
      9.207344
     ],
     [
      0.426703,
      9.313135
     ],
     [
      0.45927,
      9.418982
     ],
     [
      0.49166,
      9.524882
     ],
     [
      0.523884,
      9.630834
     ],
     [
      0.555937,
      9.736838
     ],
     [
      0.587795,
      9.8429
     ],
     [
      0.619389,
      9.949041
     ],
     [
      0.650465,
      10.055335
     ],
     [
      0.68057,
      10.161907
     ],
     [
      0.710618,
      10.268497
     ],
     [
      0.740607,
      10.375102
     ],
     [
      0.770508,
      10.481733
     ],
     [
      0.80027,
      10.588402
     ],
     [
      0.829802,
      10.695135
     ],
     [
      0.858915,
      10.801983
     ],
     [
      0.887104,
      10.909078
     ],
     [
      0.911813,
      11.017005
     ],
     [
      0.931201,
      11.126024
     ],
     [
      0.954957,
      11.234185
     ],
     [
      0.9814,
      11.341723
     ],
     [
      1.010435,
      11.448589
     ],
     [
      1.043533,
      11.554255
     ],
     [
      1.078744,
      11.659226
     ],
     [
      1.108865,
      11.765791
     ],
     [
      1.136665,
      11.872987
     ],
     [
      1.16303,
      11.980546
     ],
     [
      1.188349,
      12.088355
     ],
     [
      1.212828,
      12.196359
     ],
     [
      1.236582,
      12.304525
     ],
     [
      1.259671,
      12.412835
     ],
     [
      1.282116,
      12.52128
     ],
     [
      1.303904,
      12.629859
     ],
     [
      1.324982,
      12.738577
     ],
     [
      1.34524,
      12.847452
     ],
     [
      1.364472,
      12.956512
     ],
     [
      1.382249,
      13.065818
     ],
     [
      1.397473,
      13.175505
     ],
     [
      1.403101,
      13.285845
     ],
     [
      1.373816,
      13.198872
     ]
    ]
   },
   "properties": {
    "elevation": 0.0
   }
  },
  {
   "type": "Feature",
   "geometry": {
    "type": "LineString",
    "coordinates": [
     [
      2.44727,
      13.163034
     ],
     [
      2.425959,
      13.115031
     ],
     [
      2.405884,
      13.066498
     ],
     [
      2.386923,
      13.01752
     ],
     [
      2.368982,
      12.968158
     ],
     [
      2.351991,
      12.918461
     ],
     [
      2.335897,
      12.868466
     ],
     [
      2.320663,
      12.818203
     ],
     [
      2.306261,
      12.767695
     ],
     [
      2.292677,
      12.71696
     ],
     [
      2.279905,
      12.666016
     ],
     [
      2.267947,
      12.614874
     ],
     [
      2.256817,
      12.563545
     ],
     [
      2.246167,
      12.512115
     ],
     [
      2.2352,
      12.460751
     ],
     [
      2.223824,
      12.409476
     ],
     [
      2.211954,
      12.358313
     ],
     [
      2.199549,
      12.307277
     ],
     [
      2.186625,
      12.25637
     ],
     [
      2.173234,
      12.205584
     ],
     [
      2.15945,
      12.154904
     ],
     [
      2.145343,
      12.104312
     ],
     [
      2.130978,
      12.053792
     ],
     [
      2.116408,
      12.003332
     ],
     [
      2.101676,
      11.952918
     ],
     [
      2.086815,
      11.902543
     ],
     [
      2.072092,
      11.852127
     ],
     [
      2.05789,
      11.801562
     ],
     [
      2.044007,
      11.750908
     ],
     [
      2.030342,
      11.700195
     ],
     [
      2.016841,
      11.649438
     ],
     [
      2.003474,
      11.598645
     ],
     [
      1.99022,
      11.547823
     ],
     [
      1.977065,
      11.496976
     ],
     [
      1.964,
      11.446105
     ],
     [
      1.95102,
      11.395212
     ],
     [
      1.938122,
      11.344298
     ],
     [
      1.925304,
      11.293365
     ],
     [
      1.912567,
      11.24241
     ],
     [
      1.899917,
      11.191435
     ],
     [
      1.887359,
      11.140436
     ],
     [
      1.874906,
      11.089412
     ],
     [
      1.862575,
      11.038358
     ],
     [
      1.850396,
      10.987268
     ],
     [
      1.838426,
      10.936128
     ],
     [
      1.82678,
      10.884914
     ],
     [
      1.815823,
      10.833548
     ],
     [
      1.817024,
      10.818598
     ],
     [
      1.831451,
      10.869099
     ],
     [
      1.845333,
      10.919753
     ],
     [
      1.858977,
      10.970472
     ],
     [
      1.872463,
      11.021233
     ],
     [
      1.885825,
      11.072027
     ],
     [
      1.899083,
      11.122848
     ],
     [
      1.912246,
      11.173693
     ],
     [
      1.92532,
      11.224562
     ],
     [
      1.938314,
      11.275451
     ],
     [
      1.951328,
      11.326335
     ],
     [
      1.964403,
      11.377204
     ],
     [
      1.977538,
      11.428057
     ],
     [
      1.990731,
      11.478895
     ],
     [
      2.003984,
      11.529717
     ],
     [
      2.0173,
      11.580523
     ],
     [
      2.030685,
      11.631311
     ],
     [
      2.044147,
      11.682078
     ],
     [
      2.057704,
      11.73282
     ],
     [
      2.071385,
      11.783529
     ],
     [
      2.085255,
      11.834186
     ],
     [
      2.099512,
      11.884736
     ],
     [
      2.114711,
      11.93501
     ],
     [
      2.129684,
      11.985352
     ],
     [
      2.144298,
      12.0358
     ],
     [
      2.158558,
      12.086349
     ],
     [
      2.172467,
      12.136996
     ],
     [
      2.186029,
      12.187736
     ],
     [
      2.199248,
      12.238567
     ],
     [
      2.212128,
      12.289485
     ],
     [
      2.22467,
      12.340488
     ],
     [
      2.236877,
      12.391571
     ],
     [
      2.248753,
      12.442733
     ],
     [
      2.260297,
      12.49397
     ],
     [
      2.271512,
      12.545281
     ],
     [
      2.282459,
      12.596649
     ],
     [
      2.294161,
      12.64785
     ],
     [
      2.306775,
      12.698834
     ],
     [
      2.320212,
      12.749607
     ],
     [
      2.334416,
      12.800172
     ],
     [
      2.349351,
      12.850525
     ],
     [
      2.365004,
      12.90066
     ],
     [
      2.381379,
      12.950563
     ],
     [
      2.398503,
      13.000215
     ],
     [
      2.416428,
      13.049582
     ],
     [
      2.435241,
      13.098618
     ],
     [
      2.455086,
      13.147245
     ],
     [
      2.476197,
      13.195336
     ],
     [
      2.498989,
      13.24265
     ],
     [
      2.52242,
      13.289359
     ],
     [
      2.493435,
      13.257368
     ],
     [
      2.469585,
      13.210577
     ],
     [
      2.44727,
      13.163034
     ]
    ]
   },
   "properties": {
    "elevation": 0.0
   }
  },
  {
   "type": "Feature",
   "geometry": {
    "type": "LineString",
    "coordinates": [
     [
      8.094421,
      13.275669
     ],
     [
      8.403838,
      13.171158
     ],
     [
      8.717463,
      13.079341
     ],
     [
      9.033248,
      12.995261
     ],
     [
      9.348276,
      12.908397
     ],
     [
      9.657809,
      12.804009
     ],
     [
      9.970137,
      12.70886
     ],
     [
      10.287624,
      12.631828
     ],
     [
      10.593292,
      12.51699
     ],
     [
      10.874881,
      12.352205
     ],
     [
      11.158801,
      12.194243
     ],
     [
      11.451555,
      12.054776
     ],
     [
      11.744743,
      11.910447
     ],
     [
      12.031861,
      11.754488
     ],
     [
      12.310762,
      11.585444
     ],
     [
      12.601225,
      11.435698
     ],
     [
      12.893627,
      11.289769
     ],
     [
      13.187348,
      11.146512
     ],
     [
      13.482468,
      11.00616
     ],
     [
      13.779847,
      10.870678
     ],
     [
      14.079765,
      10.740899
     ],
     [
      14.386751,
      10.629498
     ],
     [
      14.702861,
      10.54672
     ],
     [
      15.017116,
      10.457081
     ],
     [
      15.329719,
      10.361833
     ],
     [
      15.641054,
      10.262514
     ],
     [
      15.954904,
      10.171506
     ],
     [
      16.271097,
      10.08895
     ],
     [
      16.589658,
      10.017255
     ],
     [
      16.911494,
      9.960761
     ],
     [
      17.229471,
      9.885697
     ],
     [
      17.543049,
      9.798384
     ],
     [
      17.868013,
      9.76459
     ],
     [
      18.193411,
      9.735098
     ],
     [
      18.516527,
      9.686477
     ],
     [
      18.835365,
      9.616232
     ],
     [
      19.161402,
      9.595629
     ],
     [
      19.488162,
      9.592127
     ],
     [
      19.814841,
      9.600062
     ],
     [
      20.140471,
      9.6266
     ],
     [
      20.466126,
      9.64952
     ],
     [
      20.790236,
      9.683805
     ],
     [
      21.11671,
      9.69813
     ],
     [
      21.443415,
      9.703548
     ],
     [
      21.766757,
      9.660363
     ],
     [
      21.956045,
      9.480232
     ],
     [
      21.849071,
      9.171558
     ],
     [
      21.779629,
      8.8524
     ],
     [
      21.731279,
      8.529217
     ],
     [
      21.647762,
      8.213876
     ],
     [
      21.702617,
      8.282811
     ],
     [
      21.774234,
      8.601349
     ],
     [
      21.817436,
      8.925135
     ],
     [
      21.899072,
      9.241322
     ],
     [
      21.994726,
      9.551617
     ],
     [
      21.7265,
      9.69227
     ],
     [
      21.40161,
      9.722419
     ],
     [
      21.074937,
      9.714908
     ],
     [
      20.748344,
      9.703387
     ],
     [
      20.422421,
      9.681593
     ],
     [
      20.097969,
      9.642645
     ],
     [
      19.772588,
      9.61366
     ],
     [
      19.445839,
      9.609722
     ],
     [
      19.119074,
      9.613406
     ],
     [
      18.795896,
      9.650701
     ],
     [
      18.475422,
      9.714373
     ],
     [
      18.151991,
      9.760896
     ],
     [
      17.826067,
      9.782288
     ],
     [
      17.502645,
      9.827662
     ],
     [
      17.189285,
      9.919126
     ],
     [
      16.870451,
      9.990709
     ],
     [
      16.547747,
      10.041126
     ],
     [
      16.231007,
      10.121172
     ],
     [
      15.915367,
      10.205775
     ],
     [
      15.601837,
      10.297917
     ],
     [
      15.289714,
      10.394735
     ],
     [
      14.976878,
      10.489227
     ],
     [
      14.66297,
      10.580083
     ],
     [
      14.34628,
      10.659236
     ],
     [
      14.043238,
      10.781479
     ],
     [
      13.742905,
      10.910296
     ],
     [
      13.444867,
      11.044319
     ],
     [
      13.150459,
      11.186156
     ],
     [
      12.857688,
      11.331343
     ],
     [
      12.566091,
      11.478876
     ],
     [
      12.276061,
      11.629462
     ],
     [
      11.996379,
      11.797728
     ],
     [
      11.70781,
      11.951019
     ],
     [
      11.417877,
      12.101636
     ],
     [
      11.131684,
      12.25836
     ],
     [
      10.845028,
      12.414817
     ],
     [
      10.552462,
      12.558673
     ],
     [
      10.243839,
      12.66546
     ],
     [
      9.92624,
      12.742063
     ],
     [
      9.61426,
      12.839235
     ],
     [
      9.304256,
      12.942565
     ],
     [
      8.988821,
      13.027917
     ],
     [
      8.673053,
      13.112067
     ],
     [
      8.360087,
      13.206076
     ],
     [
      8.094421,
      13.275669
     ]
    ]
   },
   "properties": {
    "elevation": 0.0
   }
  },
  {
   "type": "Feature",
   "geometry": {
    "type": "LineString",
    "coordinates": [
     [
      11.401819,
      13.287616
     ],
     [
      11.7426,
      13.111095
     ],
     [
      12.096195,
      12.961979
     ],
     [
      12.429441,
      12.773162
     ],
     [
      12.769069,
      12.599346
     ],
     [
      13.087347,
      12.384283
     ],
     [
      13.407261,
      12.171659
     ],
     [
      13.749121,
      11.999921
     ],
     [
      14.102838,
      11.85154
     ],
     [
      14.434683,
      11.661221
     ],
     [
      14.807213,
      11.56856
     ],
     [
      15.188704,
      11.526363
     ],
     [
      15.569842,
      11.478873
     ],
     [
      15.94821,
      11.412805
     ],
     [
      16.323098,
      11.329224
     ],
     [
      16.693304,
      11.226922
     ],
     [
      17.058715,
      11.108549
     ],
     [
      17.432734,
      11.022434
     ],
     [
      17.815456,
      10.993158
     ],
     [
      18.198735,
      11.011881
     ],
     [
      18.579897,
      10.982163
     ],
     [
      18.946916,
      10.871112
     ],
     [
      19.324322,
      10.800721
     ],
     [
      19.70756,
      10.809368
     ],
     [
      20.088654,
      10.857124
     ],
     [
      20.468306,
      10.914442
     ],
     [
      20.852268,
      10.92222
     ],
     [
      21.235718,
      10.904883
     ],
     [
      21.612949,
      10.832798
     ],
     [
      21.984238,
      10.73597
     ],
     [
      22.362302,
      10.672393
     ],
     [
      22.745706,
      10.661922
     ],
     [
      23.125851,
      10.713141
     ],
     [
      23.489281,
      10.836839
     ],
     [
      23.842736,
      10.98715
     ],
     [
      24.188967,
      11.153444
     ],
     [
      24.525198,
      11.338998
     ],
     [
      24.840323,
      11.558236
     ],
     [
      25.191021,
      11.710817
     ],
     [
      25.256103,
      11.517376
     ],
     [
      25.035438,
      11.204559
     ],
     [
      24.825239,
      10.978958
     ],
     [
      24.605248,
      10.664417
     ],
     [
      24.437454,
      10.31993
     ],
     [
      24.308246,
      9.962095
     ],
     [
      24.059061,
      9.670482
     ],
     [
      23.784253,
      9.402108
     ],
     [
      23.523494,
      9.120633
     ],
     [
      23.337726,
      8.784751
     ],
     [
      23.18427,
      8.433933
     ],
     [
      23.297414,
      8.578138
     ],
     [
      23.448717,
      8.93059
     ],
     [
      23.676265,
      9.239126
     ],
     [
      23.94836,
      9.510062
     ],
     [
      24.220342,
      9.780668
     ],
     [
      24.417309,
      10.107989
     ],
     [
      24.535625,
      10.47121
     ],
     [
      24.737406,
      10.797694
     ],
     [
      24.980256,
      11.09511
     ],
     [
      25.221235,
      11.389153
     ],
     [
      25.358158,
      11.742654
     ],
     [
      25.001457,
      11.679878
     ],
     [
      24.675962,
      11.477146
     ],
     [
      24.353744,
      11.269077
     ],
     [
      24.013395,
      11.0912
     ],
     [
      23.661289,
      10.937731
     ],
     [
      23.303397,
      10.798295
     ],
     [
      22.931282,
      10.707456
     ],
     [
      22.547608,
      10.694002
     ],
     [
      22.165324,
      10.727091
     ],
     [
      21.79341,
      10.822441
     ],
     [
      21.418108,
      10.90421
     ],
     [
      21.037989,
      10.954729
     ],
     [
      20.653923,
      10.949477
     ],
     [
      20.271284,
      10.920935
     ],
     [
      19.892274,
      10.860406
     ],
     [
      19.509484,
      10.82913
     ],
     [
      19.128142,
      10.863377
     ],
     [
      18.757038,
      10.961173
     ],
     [
      18.382976,
      11.043366
     ],
     [
      18.000212,
      11.025365
     ],
     [
      17.616183,
      11.024242
     ],
     [
      17.239203,
      11.093637
     ],
     [
      16.870109,
      11.199989
     ],
     [
      16.503295,
      11.313974
     ],
     [
      16.131515,
      11.410292
     ],
     [
      15.753918,
      11.480478
     ],
     [
      15.373514,
      11.533746
     ],
     [
      14.991336,
      11.57055
     ],
     [
      14.615414,
      11.642617
     ],
     [
      14.263737,
      11.789861
     ],
     [
      13.924765,
      11.968899
     ],
     [
      13.569861,
      12.113825
     ],
     [
      13.243573,
      12.316268
     ],
     [
      12.923599,
      12.528801
     ],
     [
      12.644294,
      12.706473
     ],
     [
      12.309879,
      12.893775
     ],
     [
      11.958636,
      13.047459
     ],
     [
      11.610555,
      13.209325
     ],
     [
      24.899347,
      11.077564
     ]
    ]
   },
   "properties": {
    "elevation": 0.0
   }
  },
  {
   "type": "Feature",
   "geometry": {
    "type": "LineString",
    "coordinates": [
     [
      13.618697,
      13.287616
     ],
     [
      13.74034,
      13.212794
     ],
     [
      13.865128,
      13.142838
     ],
     [
      13.991066,
      13.074975
     ],
     [
      14.119307,
      13.011626
     ],
     [
      14.251508,
      12.956985
     ],
     [
      14.385457,
      12.906754
     ],
     [
      14.520384,
      12.859209
     ],
     [
      14.656019,
      12.81372
     ],
     [
      14.792243,
      12.770026
     ],
     [
      14.929075,
      12.728286
     ],
     [
      15.067469,
      12.692066
     ],
     [
      15.206546,
      12.658541
     ],
     [
      15.34597,
      12.626493
     ],
     [
      15.485669,
      12.59566
     ],
     [
      15.625653,
      12.566155
     ],
     [
      15.766057,
      12.538724
     ],
     [
      15.907097,
      12.514821
     ],
     [
      16.047011,
      12.485018
     ],
     [
      16.186042,
      12.451311
     ],
     [
      16.32437,
      12.414828
     ],
     [
      16.461887,
      12.375401
     ],
     [
      16.597767,
      12.330723
     ],
     [
      16.728714,
      12.273223
     ],
     [
      16.861014,
      12.218791
     ],
     [
      16.993928,
      12.165876
     ],
     [
      17.127364,
      12.114291
     ],
     [
      17.262502,
      12.067524
     ],
     [
      17.39975,
      12.027179
     ],
     [
      17.533511,
      11.976863
     ],
     [
      17.661183,
      11.912408
     ],
     [
      17.800915,
      11.888005
     ],
     [
      17.943969,
      11.888918
     ],
     [
      18.086146,
      11.901865
     ],
     [
      18.215291,
      11.962317
     ],
     [
      18.321709,
      12.056156
     ],
     [
      18.357869,
      12.192759
     ],
     [
      18.448829,
      12.28399
     ],
     [
      18.586677,
      12.254521
     ],
     [
      18.646438,
      12.129327
     ],
     [
      18.723547,
      12.011364
     ],
     [
      18.832387,
      11.91872
     ],
     [
      18.955106,
      11.845747
     ],
     [
      19.094602,
      11.818319
     ],
     [
      19.237596,
      11.814193
     ],
     [
      19.380437,
      11.806476
     ],
     [
      19.522806,
      11.79257
     ],
     [
      19.664405,
      11.772214
     ],
     [
      19.806819,
      11.759152
     ],
     [
      19.947708,
      11.776068
     ],
     [
      19.944612,
      11.79053
     ],
     [
      19.802994,
      11.776156
     ],
     [
      19.660768,
      11.790675
     ],
     [
      19.519776,
      11.814684
     ],
     [
      19.377314,
      11.827516
     ],
     [
      19.234345,
      11.832009
     ],
     [
      19.091372,
      11.836585
     ],
     [
      18.953646,
      11.870918
     ],
     [
      18.829603,
      11.941956
     ],
     [
      18.722223,
      12.035219
     ],
     [
      18.677693,
      12.166091
     ],
     [
      18.593465,
      12.274957
     ],
     [
      18.457099,
      12.302908
     ],
     [
      18.348029,
      12.223676
     ],
     [
      18.313282,
      12.08519
     ],
     [
      18.215143,
      11.994477
     ],
     [
      18.083151,
      11.939603
     ],
     [
      17.94462,
      11.905276
     ],
     [
      17.801874,
      11.900835
     ],
     [
      17.663325,
      11.933143
     ],
     [
      17.53758,
      12.000082
     ],
     [
      17.403067,
      12.04869
     ],
     [
      17.264844,
      12.084336
     ],
     [
      17.13032,
      12.132993
     ],
     [
      16.997002,
      12.184878
     ],
     [
      16.864521,
      12.238868
     ],
     [
      16.732902,
      12.294924
     ],
     [
      16.6003,
      12.348607
     ],
     [
      16.465129,
      12.39509
     ],
     [
      16.326955,
      12.432157
     ],
     [
      16.189264,
      12.470983
     ],
     [
      16.050649,
      12.506324
     ],
     [
      15.910667,
      12.535779
     ],
     [
      15.769427,
      12.558477
     ],
     [
      15.628869,
      12.585101
     ],
     [
      15.488855,
      12.614461
     ],
     [
      15.349251,
      12.645716
     ],
     [
      15.210011,
      12.678558
     ],
     [
      15.071143,
      12.712938
     ],
     [
      14.932712,
      12.749031
     ],
     [
      14.794891,
      12.787387
     ],
     [
      14.65824,
      12.829695
     ],
     [
      14.523795,
      12.878578
     ],
     [
      14.38978,
      12.928642
     ],
     [
      14.256333,
      12.980196
     ],
     [
      14.124093,
      13.034761
     ],
     [
      13.994164,
      13.094602
     ],
     [
      13.867369,
      13.160826
     ],
     [
      13.742877,
      13.231308
     ],
     [
      13.618697,
      13.287616
     ]
    ]
   },
   "properties": {
    "elevation": 0.0
   }
  },
  {
   "type": "Feature",
   "geometry": {
    "type": "LineString",
    "coordinates": [
     [
      17.031904,
      13.25007
     ],
     [
      17.062136,
      13.232396
     ],
     [
      17.091779,
      13.213751
     ],
     [
      17.120716,
      13.194029
     ],
     [
      17.148653,
      13.172945
     ],
     [
      17.178357,
      13.1544
     ],
     [
      17.208601,
      13.136744
     ],
     [
      17.239093,
      13.119519
     ],
     [
      17.269741,
      13.102573
     ],
     [
      17.300502,
      13.085834
     ],
     [
      17.331354,
      13.069262
     ],
     [
      17.362282,
      13.052832
     ],
     [
      17.393277,
      13.036528
     ],
     [
      17.424332,
      13.02034
     ],
     [
      17.455443,
      13.004261
     ],
     [
      17.486609,
      12.988287
     ],
     [
      17.517827,
      12.972416
     ],
     [
      17.549099,
      12.95665
     ],
     [
      17.580423,
      12.94099
     ],
     [
      17.611803,
      12.92544
     ],
     [
      17.64324,
      12.910007
     ],
     [
      17.674695,
      12.894611
     ],
     [
      17.706159,
      12.879232
     ],
     [
      17.737789,
      12.864199
     ],
     [
      17.769722,
      12.849824
     ],
     [
      17.802142,
      12.836586
     ],
     [
      17.835212,
      12.825077
     ],
     [
      17.868952,
      12.815714
     ],
     [
      17.903199,
      12.808413
     ],
     [
      17.937744,
      12.802668
     ],
     [
      17.97244,
      12.797918
     ],
     [
      18.007211,
      12.793739
     ],
     [
      18.042017,
      12.789864
     ],
     [
      18.076807,
      12.785849
     ],
     [
      18.111592,
      12.781791
     ],
     [
      18.146377,
      12.777732
     ],
     [
      18.181162,
      12.773674
     ],
     [
      18.215947,
      12.769616
     ],
     [
      18.250732,
      12.765557
     ],
     [
      18.283857,
      12.776501
     ],
     [
      18.316912,
      12.78807
     ],
     [
      18.349966,
      12.799639
     ],
     [
      18.383021,
      12.811208
     ],
     [
      18.416076,
      12.822778
     ],
     [
      18.44926,
      12.833971
     ],
     [
      18.482305,
      12.845566
     ],
     [
      18.515104,
      12.857839
     ],
     [
      18.547463,
      12.871222
     ],
     [
      18.554593,
      12.882592
     ],
     [
      18.520422,
      12.875015
     ],
     [
      18.4868,
      12.865223
     ],
     [
      18.453489,
      12.854416
     ],
     [
      18.420427,
      12.842869
     ],
     [
      18.387565,
      12.830763
     ],
     [
      18.354676,
      12.818731
     ],
     [
      18.321787,
      12.806698
     ],
     [
      18.288898,
      12.794666
     ],
     [
      18.256009,
      12.782633
     ],
     [
      18.221316,
      12.786986
     ],
     [
      18.186597,
      12.791577
     ],
     [
      18.151879,
      12.796168
     ],
     [
      18.11716,
      12.800759
     ],
     [
      18.082441,
      12.80535
     ],
     [
      18.047721,
      12.809936
     ],
     [
      18.012992,
      12.814448
     ],
     [
      17.978295,
      12.819197
     ],
     [
      17.943673,
      12.824466
     ],
     [
      17.909211,
      12.83069
     ],
     [
      17.875056,
      12.838412
     ],
     [
      17.841389,
      12.848037
     ],
     [
      17.808317,
      12.859545
     ],
     [
      17.775797,
      12.872536
     ],
     [
      17.743694,
      12.886529
     ],
     [
      17.71187,
      12.901147
     ],
     [
      17.68022,
      12.916139
     ],
     [
      17.648673,
      12.931346
     ],
     [
      17.617184,
      12.946673
     ],
     [
      17.585723,
      12.962058
     ],
     [
      17.554324,
      12.977567
     ],
     [
      17.523051,
      12.99333
     ],
     [
      17.491886,
      13.009305
     ],
     [
      17.460817,
      13.025466
     ],
     [
      17.429835,
      13.041793
     ],
     [
      17.398934,
      13.058275
     ],
     [
      17.368114,
      13.074905
     ],
     [
      17.337373,
      13.091681
     ],
     [
      17.306714,
      13.108608
     ],
     [
      17.276144,
      13.125695
     ],
     [
      17.245675,
      13.142961
     ],
     [
      17.215329,
      13.160441
     ],
     [
      17.185145,
      13.1782
     ],
     [
      17.155311,
      13.196538
     ],
     [
      17.125634,
      13.215131
     ],
     [
      17.09571,
      13.233325
     ],
     [
      17.065514,
      13.251063
     ],
     [
      17.034975,
      13.268203
     ],
     [
      17.00389,
      13.284326
     ],
     [
      16.975062,
      13.29039
     ],
     [
      17.001964,
      13.268223
     ],
     [
      17.031904,
      13.25007
     ]
    ]
   },
   "properties": {
    "elevation": 0.0
   }
  },
  {
   "type": "Feature",
   "geometry": {
    "type": "LineString",
    "coordinates": [
     [
      24.080177,
      13.192046
     ],
     [
      24.068283,
      13.184586
     ],
     [
      24.056314,
      13.177247
     ],
     [
      24.044279,
      13.170018
     ],
     [
      24.032181,
      13.162893
     ],
     [
      24.020026,
      13.155866
     ],
     [
      24.007816,
      13.148936
     ],
     [
      23.995554,
      13.142098
     ],
     [
      23.983241,
      13.135352
     ],
     [
      23.970877,
      13.128699
     ],
     [
      23.958465,
      13.122139
     ],
     [
      23.946001,
      13.115674
     ],
     [
      23.933487,
      13.10931
     ],
     [
      23.920919,
      13.103051
     ],
     [
      23.908296,
      13.096906
     ],
     [
      23.895612,
      13.090886
     ],
     [
      23.882864,
      13.085004
     ],
     [
      23.870042,
      13.079284
     ],
     [
      23.857138,
      13.073753
     ],
     [
      23.844136,
      13.068457
     ],
     [
      23.831013,
      13.063468
     ],
     [
      23.817734,
      13.058912
     ],
     [
      23.804341,
      13.054699
     ],
     [
      23.791021,
      13.050261
     ],
     [
      23.777763,
      13.045641
     ],
     [
      23.764563,
      13.04086
     ],
     [
      23.751416,
      13.035931
     ],
     [
      23.738323,
      13.030863
     ],
     [
      23.725284,
      13.025659
     ],
     [
      23.7123,
      13.020317
     ],
     [
      23.699377,
      13.014828
     ],
     [
      23.686527,
      13.009173
     ],
     [
      23.673772,
      13.003307
     ],
     [
      23.661173,
      12.997113
     ],
     [
      23.648982,
      12.990153
     ],
     [
      23.637328,
      12.982339
     ],
     [
      23.641999,
      12.979386
     ],
     [
      23.655289,
      12.983913
     ],
     [
      23.668584,
      12.988424
     ],
     [
      23.681876,
      12.992946
     ],
     [
      23.695163,
      12.997481
     ],
     [
      23.708446,
      13.00203
     ],
     [
      23.721723,
      13.006595
     ],
     [
      23.734994,
      13.011177
     ],
     [
      23.748258,
      13.015778
     ],
     [
      23.761515,
      13.020402
     ],
     [
      23.774763,
      13.025052
     ],
     [
      23.788,
      13.02973
     ],
     [
      23.801226,
      13.034441
     ],
     [
      23.814438,
      13.03919
     ],
     [
      23.827635,
      13.043982
     ],
     [
      23.840812,
      13.048827
     ],
     [
      23.853968,
      13.053731
     ],
     [
      23.867096,
      13.058707
     ],
     [
      23.880192,
      13.063769
     ],
     [
      23.893247,
      13.068934
     ],
     [
      23.90625,
      13.074228
     ],
     [
      23.919188,
      13.079681
     ],
     [
      23.932038,
      13.085337
     ],
     [
      23.944768,
      13.091256
     ],
     [
      23.957332,
      13.097523
     ],
     [
      23.969649,
      13.104258
     ],
     [
      23.981594,
      13.111632
     ],
     [
      23.993053,
      13.119739
     ],
     [
      24.004798,
      13.12743
     ],
     [
      24.016603,
      13.135031
     ],
     [
      24.028446,
      13.142571
     ],
     [
      24.04032,
      13.150062
     ],
     [
      24.052222,
      13.157509
     ],
     [
      24.064151,
      13.164914
     ],
     [
      24.076106,
      13.172276
     ],
     [
      24.088088,
      13.179593
     ],
     [
      24.1001,
      13.186862
     ],
     [
      24.112144,
      13.194077
     ],
     [
      24.124225,
      13.20123
     ],
     [
      24.13636,
      13.20829
     ],
     [
      24.148561,
      13.215236
     ],
     [
      24.160703,
      13.222285
     ],
     [
      24.172779,
      13.229447
     ],
     [
      24.184778,
      13.236737
     ],
     [
      24.196682,
      13.244181
     ],
     [
      24.208461,
      13.25182
     ],
     [
      24.220056,
      13.259736
     ],
     [
      24.231318,
      13.268116
     ],
     [
      24.241482,
      13.27775
     ],
     [
      24.248094,
      13.290045
     ],
     [
      24.235815,
      13.287334
     ],
     [
      24.2235,
      13.280596
     ],
     [
      24.211384,
      13.273503
     ],
     [
      24.199355,
      13.266262
     ],
     [
      24.187375,
      13.258942
     ],
     [
      24.175424,
      13.251573
     ],
     [
      24.163492,
      13.244174
     ],
     [
      24.151573,
      13.236754
     ],
     [
      24.139663,
      13.229319
     ],
     [
      24.12776,
      13.221875
     ],
     [
      24.11586,
      13.214423
     ],
     [
      24.103964,
      13.206967
     ],
     [
      24.09207,
      13.199507
     ],
     [
      24.080177,
      13.192046
     ]
    ]
   },
   "properties": {
    "elevation": 0.0
   }
  },
  {
   "type": "Feature",
   "geometry": {
    "type": "LineString",
    "coordinates": [
     [
      27.493384,
      13.287616
     ],
     [
      27.822071,
      13.049387
     ],
     [
      28.100436,
      12.754802
     ],
     [
      28.316219,
      12.410504
     ],
     [
      28.412194,
      12.021317
     ],
     [
      28.426694,
      11.615063
     ],
     [
      28.42613,
      11.210998
     ],
     [
      28.293269,
      10.8282
     ],
     [
      28.109755,
      10.465491
     ],
     [
      27.935491,
      10.098234
     ],
     [
      27.747353,
      9.739399
     ],
     [
      27.451798,
      9.470711
     ],
     [
      27.189424,
      9.178842
     ],
     [
      26.915349,
      8.878631
     ],
     [
      26.632323,
      8.586865
     ],
     [
      26.358239,
      8.287284
     ],
     [
      26.12368,
      7.955483
     ],
     [
      25.877132,
      7.632343
     ],
     [
      25.609657,
      7.326312
     ],
     [
      25.363342,
      7.003042
     ],
     [
      25.108136,
      6.686628
     ],
     [
      24.847033,
      6.375057
     ],
     [
      24.582768,
      6.066172
     ],
     [
      24.327204,
      5.750049
     ],
     [
      24.081975,
      5.425878
     ],
     [
      23.854028,
      5.089335
     ],
     [
      23.64237,
      4.742295
     ],
     [
      23.441425,
      4.389126
     ],
     [
      23.215834,
      4.051138
     ],
     [
      22.998623,
      3.707548
     ],
     [
      22.755468,
      3.382345
     ],
     [
      22.491862,
      3.0729
     ],
     [
      22.224716,
      2.76649
     ],
     [
      21.948126,
      2.46861
     ],
     [
      21.656238,
      2.187392
     ],
     [
      21.268005,
      2.073466
     ],
     [
      20.867575,
      2.003479
     ],
     [
      20.470802,
      1.915155
     ],
     [
      20.075875,
      1.818784
     ],
     [
      19.683695,
      1.712444
     ],
     [
      19.296665,
      1.588145
     ],
     [
      18.912982,
      1.454601
     ],
     [
      18.545075,
      1.281846
     ],
     [
      18.200646,
      1.066484
     ],
     [
      17.898968,
      0.82728
     ],
     [
      17.525232,
      0.677258
     ],
     [
      17.149032,
      0.523628
     ],
     [
      16.766709,
      0.385687
     ],
     [
      16.383988,
      0.249189
     ],
     [
      16.008268,
      0.094524
     ],
     [
      16.102009,
      0.104461
     ],
     [
      16.480743,
      0.252123
     ],
     [
      16.865195,
      0.383616
     ],
     [
      17.244967,
      0.528293
     ],
     [
      17.622853,
      0.676347
     ],
     [
      17.988956,
      0.846112
     ],
     [
      18.306654,
      1.097365
     ],
     [
      18.656425,
      1.304193
     ],
     [
      19.032346,
      1.458153
     ],
     [
      19.41625,
      1.591804
     ],
     [
      19.804831,
      1.711045
     ],
     [
      20.196232,
      1.820739
     ],
     [
      20.592744,
      1.91027
     ],
     [
      20.991714,
      1.988172
     ],
     [
      21.390632,
      2.065978
     ],
     [
      21.769209,
      2.208722
     ],
     [
      22.021008,
      2.502511
     ],
     [
      22.292431,
      2.805137
     ],
     [
      22.561219,
      3.110108
     ],
     [
      22.824989,
      3.41941
     ],
     [
      23.054452,
      3.743923
     ],
     [
      23.275348,
      4.085147
     ],
     [
      23.500047,
      4.423915
     ],
     [
      23.698529,
      4.778269
     ],
     [
      23.912991,
      5.123564
     ],
     [
      24.143222,
      5.458536
     ],
     [
      24.389552,
      5.781888
     ],
     [
      24.646726,
      6.096695
     ],
     [
      24.912022,
      6.404706
     ],
     [
      25.173713,
      6.71578
     ],
     [
      25.437769,
      7.024373
     ],
     [
      25.660066,
      7.337999
     ],
     [
      25.926506,
      7.644912
     ],
     [
      26.170668,
      7.969834
     ],
     [
      26.409964,
      8.298342
     ],
     [
      26.690079,
      8.58959
     ],
     [
      26.965351,
      8.888678
     ],
     [
      27.240653,
      9.187778
     ],
     [
      27.517353,
      9.485558
     ],
     [
      27.79888,
      9.765416
     ],
     [
      27.980419,
      10.128218
     ],
     [
      28.154661,
      10.495471
     ],
     [
      28.337841,
      10.858267
     ],
     [
      28.460114,
      11.245433
     ],
     [
      28.448344,
      11.649398
     ],
     [
      28.44208,
      12.055854
     ],
     [
      28.327298,
      12.434795
     ],
     [
      28.109183,
      12.777384
     ],
     [
      27.826337,
      13.067798
     ],
     [
      27.493384,
      13.287616
     ]
    ]
   },
   "properties": {
    "elevation": 0.0
   }
  },
  {
   "type": "Feature",
   "geometry": {
    "type": "LineString",
    "coordinates": [
     [
      29.167562,
      13.171567
     ],
     [
      29.421016,
      12.883754
     ],
     [
      29.637542,
      12.568489
     ],
     [
      29.770051,
      12.210503
     ],
     [
      29.813696,
      11.859797
     ],
     [
      29.724994,
      11.488598
     ],
     [
      29.64288,
      11.113913
     ],
     [
      29.581258,
      10.736293
     ],
     [
      29.489568,
      10.364199
     ],
     [
      29.336144,
      10.018117
     ],
     [
      29.201559,
      9.673379
     ],
     [
      28.891506,
      9.449621
     ],
     [
      28.691904,
      9.144089
     ],
     [
      28.490217,
      8.818262
     ],
     [
      28.232328,
      8.534657
     ],
     [
      27.977787,
      8.249775
     ],
     [
      27.697665,
      7.987753
     ],
     [
      27.424201,
      7.718989
     ],
     [
      27.170732,
      7.43124
     ],
     [
      26.936424,
      7.14785
     ],
     [
      26.699509,
      6.863453
     ],
     [
      26.43954,
      6.58146
     ],
     [
      26.208764,
      6.275746
     ],
     [
      25.95452,
      5.988633
     ],
     [
      25.708872,
      5.69412
     ],
     [
      25.484181,
      5.383952
     ],
     [
      25.221171,
      5.104933
     ],
     [
      24.985338,
      4.802626
     ],
     [
      24.762837,
      4.490166
     ],
     [
      24.549001,
      4.171838
     ],
     [
      24.346007,
      3.846387
     ],
     [
      24.139153,
      3.523373
     ],
     [
      23.921287,
      3.207694
     ],
     [
      23.679554,
      2.91032
     ],
     [
      23.451195,
      2.602876
     ],
     [
      23.226733,
      2.291835
     ],
     [
      23.001934,
      1.988274
     ],
     [
      22.753261,
      1.696295
     ],
     [
      22.464226,
      1.445442
     ],
     [
      22.123074,
      1.271664
     ],
     [
      21.777245,
      1.106321
     ],
     [
      21.407586,
      1.014174
     ],
     [
      21.028639,
      0.957488
     ],
     [
      20.656804,
      0.864841
     ],
     [
      20.286342,
      0.765686
     ],
     [
      19.9122,
      0.681137
     ],
     [
      19.545079,
      0.570718
     ],
     [
      19.197614,
      0.409054
     ],
     [
      18.869029,
      0.211538
     ],
     [
      18.64272,
      0.043397
     ],
     [
      18.968738,
      0.242721
     ],
     [
      19.305454,
      0.426138
     ],
     [
      19.657899,
      0.577011
     ],
     [
      20.027603,
      0.677653
     ],
     [
      20.401792,
      0.761903
     ],
     [
      20.771344,
      0.864522
     ],
     [
      21.145226,
      0.949291
     ],
     [
      21.5252,
      1.001268
     ],
     [
      21.880695,
      1.135338
     ],
     [
      22.234399,
      1.28312
     ],
     [
      22.567228,
      1.472626
     ],
     [
      22.843635,
      1.737992
     ],
     [
      23.077383,
      2.041579
     ],
     [
      23.304027,
      2.330234
     ],
     [
      23.520215,
      2.646808
     ],
     [
      23.759055,
      2.946857
     ],
     [
      23.994785,
      3.248563
     ],
     [
      24.206178,
      3.568642
     ],
     [
      24.415258,
      3.890236
     ],
     [
      24.619218,
      4.215091
     ],
     [
      24.833062,
      4.533505
     ],
     [
      25.055478,
      4.845981
     ],
     [
      25.302248,
      5.139241
     ],
     [
      25.557638,
      5.425292
     ],
     [
      25.783357,
      5.735323
     ],
     [
      26.033053,
      6.02625
     ],
     [
      26.279728,
      6.319892
     ],
     [
      26.515595,
      6.62219
     ],
     [
      26.785775,
      6.894166
     ],
     [
      27.016573,
      7.172839
     ],
     [
      27.248815,
      7.477974
     ],
     [
      27.509307,
      7.759428
     ],
     [
      27.785486,
      8.02557
     ],
     [
      28.065667,
      8.287457
     ],
     [
      28.319425,
      8.574832
     ],
     [
      28.56321,
      8.869964
     ],
     [
      28.763228,
      9.197216
     ],
     [
      29.003777,
      9.493972
     ],
     [
      29.281113,
      9.68975
     ],
     [
      29.388452,
      10.038335
     ],
     [
      29.525813,
      10.392068
     ],
     [
      29.615425,
      10.764972
     ],
     [
      29.680817,
      11.14289
     ],
     [
      29.76321,
      11.517468
     ],
     [
      29.847099,
      11.889006
     ],
     [
      29.873029,
      12.247564
     ],
     [
      29.68984,
      12.518341
     ],
     [
      29.480553,
      12.839009
     ],
     [
      29.231512,
      13.130667
     ],
     [
      29.167562,
      13.171567
     ]
    ]
   },
   "properties": {
    "elevation": 0.0
   }
  },
  {
   "type": "Feature",
   "geometry": {
    "type": "LineString",
    "coordinates": [
     [
      25.585401,
      13.099889
     ],
     [
      25.477366,
      13.053329
     ],
     [
      25.555834,
      13.068411
     ],
     [
      25.669356,
      13.099169
     ],
     [
      25.786309,
      13.095623
     ],
     [
      25.899022,
      13.062143
     ],
     [
      26.007296,
      13.015985
     ],
     [
      26.112261,
      12.962706
     ],
     [
      26.21338,
      12.902468
     ],
     [
      26.30674,
      12.830996
     ],
     [
      26.388392,
      12.746242
     ],
     [
      26.464157,
      12.656144
     ],
     [
      26.535933,
      12.562832
     ],
     [
      26.604095,
      12.466849
     ],
     [
      26.668214,
      12.368122
     ],
     [
      26.727134,
      12.266209
     ],
     [
      26.782586,
      12.162359
     ],
     [
      26.835381,
      12.057132
     ],
     [
      26.885026,
      11.950387
     ],
     [
      26.928033,
      11.840857
     ],
     [
      26.929649,
      11.724141
     ],
     [
      26.907968,
      11.608458
     ],
     [
      26.879456,
      11.494241
     ],
     [
      26.846935,
      11.381094
     ],
     [
      26.81143,
      11.268847
     ],
     [
      26.773367,
      11.157441
     ],
     [
      26.732867,
      11.046898
     ],
     [
      26.689823,
      10.93732
     ],
     [
      26.643866,
      10.828934
     ],
     [
      26.594204,
      10.722199
     ],
     [
      26.539083,
      10.618193
     ],
     [
      26.47638,
      10.51857
     ],
     [
      26.410258,
      10.421163
     ],
     [
      26.342551,
      10.32485
     ],
     [
      26.273521,
      10.229481
     ],
     [
      26.202843,
      10.135329
     ],
     [
      26.128247,
      10.044284
     ],
     [
      26.048381,
      9.957792
     ],
     [
      25.966516,
      9.873185
     ],
     [
      25.883187,
      9.790019
     ],
     [
      25.801555,
      9.705189
     ],
     [
      25.721974,
      9.618431
     ],
     [
      25.644297,
      9.529965
     ],
     [
      25.569401,
      9.439137
     ],
     [
      25.493055,
      9.349522
     ],
     [
      25.414598,
      9.261745
     ],
     [
      25.334346,
      9.175608
     ],
     [
      25.252401,
      9.091077
     ],
     [
      25.172846,
      9.004303
     ],
     [
      25.098059,
      8.913413
     ],
     [
      25.074915,
      8.844063
     ],
     [
      25.150365,
      8.934315
     ],
     [
      25.22594,
      9.024509
     ],
     [
      25.308958,
      9.107973
     ],
     [
      25.393789,
      9.189608
     ],
     [
      25.474403,
      9.27535
     ],
     [
      25.550066,
      9.365539
     ],
     [
      25.622325,
      9.458479
     ],
     [
      25.697403,
      9.549152
     ],
     [
      25.775303,
      9.637422
     ],
     [
      25.855028,
      9.724049
     ],
     [
      25.936555,
      9.80898
     ],
     [
      26.019792,
      9.892239
     ],
     [
      26.10203,
      9.976485
     ],
     [
      26.182698,
      10.062232
     ],
     [
      26.258175,
      10.152518
     ],
     [
      26.33249,
      10.243777
     ],
     [
      26.360976,
      10.263669
     ],
     [
      26.416625,
      10.322583
     ],
     [
      26.462545,
      10.426272
     ],
     [
      26.518204,
      10.517669
     ],
     [
      26.573452,
      10.621427
     ],
     [
      26.630234,
      10.724491
     ],
     [
      26.676237,
      10.832862
     ],
     [
      26.722113,
      10.941286
     ],
     [
      26.765187,
      11.05085
     ],
     [
      26.805319,
      11.161527
     ],
     [
      26.842715,
      11.273158
     ],
     [
      26.877333,
      11.385682
     ],
     [
      26.908817,
      11.49912
     ],
     [
      26.936208,
      11.613612
     ],
     [
      26.956673,
      11.729514
     ],
     [
      26.951311,
      11.84588
     ],
     [
      26.907128,
      11.954965
     ],
     [
      26.857597,
      12.061765
     ],
     [
      26.805601,
      12.16739
     ],
     [
      26.751691,
      12.272052
     ],
     [
      26.694111,
      12.374706
     ],
     [
      26.629327,
      12.472992
     ],
     [
      26.560096,
      12.568207
     ],
     [
      26.487319,
      12.660742
     ],
     [
      26.410851,
      12.750245
     ],
     [
      26.329146,
      12.834963
     ],
     [
      26.236754,
      12.907689
     ],
     [
      26.136555,
      12.969451
     ],
     [
      26.032772,
      13.025007
     ],
     [
      25.925993,
      13.074545
     ],
     [
      25.814729,
      13.112497
     ],
     [
      25.698811,
      13.130926
     ],
     [
      25.585401,
      13.099889
     ]
    ]
   },
   "properties": {
    "elevation": 0.0
   }
  },
  {
   "type": "Feature",
   "geometry": {
    "type": "LineString",
    "coordinates": [
     [
      25.351597,
      12.966774
     ],
     [
      25.348585,
      12.963537
     ],
     [
      25.345574,
      12.9603
     ],
     [
      25.342563,
      12.957064
     ],
     [
      25.339552,
      12.953827
     ],
     [
      25.336541,
      12.95059
     ],
     [
      25.33353,
      12.947353
     ],
     [
      25.330519,
      12.944116
     ],
     [
      25.327508,
      12.940879
     ],
     [
      25.324497,
      12.937642
     ],
     [
      25.321486,
      12.934405
     ],
     [
      25.318475,
      12.931168
     ],
     [
      25.315464,
      12.927932
     ],
     [
      25.312453,
      12.924695
     ],
     [
      25.309442,
      12.921458
     ],
     [
      25.306431,
      12.918221
     ],
     [
      25.30342,
      12.914984
     ],
     [
      25.300409,
      12.911747
     ],
     [
      25.297398,
      12.90851
     ],
     [
      25.294387,
      12.905273
     ],
     [
      25.291375,
      12.902037
     ],
     [
      25.288364,
      12.8988
     ],
     [
      25.285353,
      12.895563
     ],
     [
      25.284419,
      12.894356
     ],
     [
      25.287723,
      12.897293
     ],
     [
      25.291027,
      12.90023
     ],
     [
      25.294331,
      12.903167
     ],
     [
      25.297636,
      12.906104
     ],
     [
      25.30094,
      12.909041
     ],
     [
      25.304244,
      12.911978
     ],
     [
      25.307548,
      12.914915
     ],
     [
      25.310852,
      12.917852
     ],
     [
      25.314157,
      12.920789
     ],
     [
      25.317461,
      12.923727
     ],
     [
      25.320765,
      12.926664
     ],
     [
      25.324069,
      12.929601
     ],
     [
      25.327373,
      12.932538
     ],
     [
      25.330677,
      12.935475
     ],
     [
      25.333982,
      12.938412
     ],
     [
      25.337286,
      12.941349
     ],
     [
      25.34059,
      12.944286
     ],
     [
      25.343894,
      12.947223
     ],
     [
      25.347198,
      12.95016
     ],
     [
      25.350503,
      12.953097
     ],
     [
      25.353807,
      12.956034
     ],
     [
      25.357111,
      12.958971
     ],
     [
      25.360416,
      12.961907
     ],
     [
      25.363736,
      12.964826
     ],
     [
      25.367056,
      12.967745
     ],
     [
      25.370378,
      12.970662
     ],
     [
      25.373701,
      12.973578
     ],
     [
      25.377025,
      12.976493
     ],
     [
      25.38035,
      12.979407
     ],
     [
      25.383675,
      12.982319
     ],
     [
      25.387002,
      12.985231
     ],
     [
      25.390329,
      12.988142
     ],
     [
      25.393657,
      12.991052
     ],
     [
      25.396985,
      12.993962
     ],
     [
      25.400314,
      12.996871
     ],
     [
      25.403644,
      12.999779
     ],
     [
      25.406973,
      13.002687
     ],
     [
      25.410303,
      13.005595
     ],
     [
      25.413633,
      13.008502
     ],
     [
      25.416963,
      13.01141
     ],
     [
      25.420293,
      13.014318
     ],
     [
      25.423622,
      13.017227
     ],
     [
      25.42695,
      13.020137
     ],
     [
      25.430277,
      13.023049
     ],
     [
      25.4336,
      13.025964
     ],
     [
      25.436919,
      13.028885
     ],
     [
      25.440227,
      13.031817
     ],
     [
      25.443499,
      13.03479
     ],
     [
      25.443457,
      13.037576
     ],
     [
      25.439108,
      13.038313
     ],
     [
      25.434691,
      13.038425
     ],
     [
      25.430483,
      13.037131
     ],
     [
      25.426568,
      13.035082
     ],
     [
      25.422821,
      13.032737
     ],
     [
      25.419185,
      13.030223
     ],
     [
      25.415629,
      13.027596
     ],
     [
      25.412136,
      13.024886
     ],
     [
      25.408695,
      13.022111
     ],
     [
      25.405298,
      13.019283
     ],
     [
      25.401938,
      13.016409
     ],
     [
      25.398612,
      13.013497
     ],
     [
      25.395316,
      13.01055
     ],
     [
      25.392049,
      13.007573
     ],
     [
      25.388807,
      13.004567
     ],
     [
      25.38559,
      13.001534
     ],
     [
      25.382396,
      12.998478
     ],
     [
      25.379225,
      12.995398
     ],
     [
      25.376075,
      12.992296
     ],
     [
      25.372945,
      12.989174
     ],
     [
      25.369836,
      12.986031
     ],
     [
      25.366747,
      12.982868
     ],
     [
      25.363678,
      12.979687
     ],
     [
      25.360628,
      12.976486
     ],
     [
      25.357598,
      12.973267
     ],
     [
      25.354587,
      12.97003
     ],
     [
      25.351597,
      12.966774
     ]
    ]
   },
   "properties": {
    "elevation": 0.0
   }
  },
  {
   "type": "Feature",
   "geometry": {
    "type": "LineString",
    "coordinates": [
     [
      23.474333,
      12.910456
     ],
     [
      23.434084,
      12.88861
     ],
     [
      23.392892,
      12.868594
     ],
     [
      23.351021,
      12.850039
     ],
     [
      23.308633,
      12.832697
     ],
     [
      23.265835,
      12.81639
     ],
     [
      23.222702,
      12.800992
     ],
     [
      23.179287,
      12.786407
     ],
     [
      23.135629,
      12.772565
     ],
     [
      23.091759,
      12.75941
     ],
     [
      23.0477,
      12.746902
     ],
     [
      23.003471,
      12.735013
     ],
     [
      22.959085,
      12.72372
     ],
     [
      22.914554,
      12.713013
     ],
     [
      22.869888,
      12.702887
     ],
     [
      22.825093,
      12.693343
     ],
     [
      22.780177,
      12.684391
     ],
     [
      22.735143,
      12.67605
     ],
     [
      22.689996,
      12.668346
     ],
     [
      22.644739,
      12.661317
     ],
     [
      22.599375,
      12.655014
     ],
     [
      22.553908,
      12.649505
     ],
     [
      22.508342,
      12.644883
     ],
     [
      22.462686,
      12.641271
     ],
     [
      22.416952,
      12.638842
     ],
     [
      22.371165,
      12.637847
     ],
     [
      22.325376,
      12.638659
     ],
     [
      22.279696,
      12.641881
     ],
     [
      22.234294,
      12.647864
     ],
     [
      22.188702,
      12.6522
     ],
     [
      22.143004,
      12.655236
     ],
     [
      22.097257,
      12.657435
     ],
     [
      22.051481,
      12.658931
     ],
     [
      22.005689,
      12.659732
     ],
     [
      21.959889,
      12.659749
     ],
     [
      21.914096,
      12.658968
     ],
     [
      21.868298,
      12.658636
     ],
     [
      21.822506,
      12.659388
     ],
     [
      21.776802,
      12.662238
     ],
     [
      21.731575,
      12.669268
     ],
     [
      21.688088,
      12.683425
     ],
     [
      21.644769,
      12.698066
     ],
     [
      21.599806,
      12.706691
     ],
     [
      21.554299,
      12.711787
     ],
     [
      21.508555,
      12.713894
     ],
     [
      21.462791,
      12.712535
     ],
     [
      21.41773,
      12.70488
     ],
     [
      21.427667,
      12.691293
     ],
     [
      21.473401,
      12.693325
     ],
     [
      21.519147,
      12.695095
     ],
     [
      21.564831,
      12.692143
     ],
     [
      21.610003,
      12.684682
     ],
     [
      21.654482,
      12.673791
     ],
     [
      21.698366,
      12.660691
     ],
     [
      21.742422,
      12.648186
     ],
     [
      21.787125,
      12.638267
     ],
     [
      21.832503,
      12.632201
     ],
     [
      21.878264,
      12.631087
     ],
     [
      21.923962,
      12.634049
     ],
     [
      21.969746,
      12.635127
     ],
     [
      22.015545,
      12.634862
     ],
     [
      22.061329,
      12.633694
     ],
     [
      22.107087,
      12.631727
     ],
     [
      22.1528,
      12.628923
     ],
     [
      22.198476,
      12.625561
     ],
     [
      22.244209,
      12.623094
     ],
     [
      22.289984,
      12.621602
     ],
     [
      22.33578,
      12.621084
     ],
     [
      22.381578,
      12.621534
     ],
     [
      22.427355,
      12.622945
     ],
     [
      22.473094,
      12.625304
     ],
     [
      22.518775,
      12.628595
     ],
     [
      22.564381,
      12.632799
     ],
     [
      22.609896,
      12.637893
     ],
     [
      22.655306,
      12.643854
     ],
     [
      22.700598,
      12.650656
     ],
     [
      22.74576,
      12.658271
     ],
     [
      22.790783,
      12.666669
     ],
     [
      22.835658,
      12.675822
     ],
     [
      22.88038,
      12.685699
     ],
     [
      22.924943,
      12.696271
     ],
     [
      22.969343,
      12.707507
     ],
     [
      23.013578,
      12.719377
     ],
     [
      23.057646,
      12.731854
     ],
     [
      23.101546,
      12.744907
     ],
     [
      23.145279,
      12.758511
     ],
     [
      23.188846,
      12.772637
     ],
     [
      23.231969,
      12.788058
     ],
     [
      23.274626,
      12.804729
     ],
     [
      23.316949,
      12.822233
     ],
     [
      23.358996,
      12.84039
     ],
     [
      23.400791,
      12.859119
     ],
     [
      23.442333,
      12.878404
     ],
     [
      23.483589,
      12.898293
     ],
     [
      23.524468,
      12.918942
     ],
     [
      23.564695,
      12.940832
     ],
     [
      23.598031,
      12.968036
     ],
     [
      23.555314,
      12.953219
     ],
     [
      23.514421,
      12.932601
     ],
     [
      23.474333,
      12.910456
     ]
    ]
   },
   "properties": {
    "elevation": 0.0
   }
  },
  {
   "type": "Feature",
   "geometry": {
    "type": "LineString",
    "coordinates": [
     [
      18.627578,
      12.886564
     ],
     [
      18.651042,
      12.877354
     ],
     [
      18.67431,
      12.867656
     ],
     [
      18.697472,
      12.857709
     ],
     [
      18.720539,
      12.847541
     ],
     [
      18.743714,
      12.837625
     ],
     [
      18.767071,
      12.828145
     ],
     [
      18.790754,
      12.819523
     ],
     [
      18.815099,
      12.813501
     ],
     [
      18.836013,
      12.799554
     ],
     [
      18.854158,
      12.782081
     ],
     [
      18.86994,
      12.762448
     ],
     [
      18.881717,
      12.740261
     ],
     [
      18.879904,
      12.717036
     ],
     [
      18.903672,
      12.722337
     ],
     [
      18.926385,
      12.711729
     ],
     [
      18.945571,
      12.695429
     ],
     [
      18.967002,
      12.682273
     ],
     [
      18.990523,
      12.673261
     ],
     [
      19.014891,
      12.666838
     ],
     [
      19.039645,
      12.662092
     ],
     [
      19.064594,
      12.658495
     ],
     [
      19.089648,
      12.655725
     ],
     [
      19.114764,
      12.653574
     ],
     [
      19.139916,
      12.6519
     ],
     [
      19.165091,
      12.650603
     ],
     [
      19.190279,
      12.64961
     ],
     [
      19.215476,
      12.648865
     ],
     [
      19.240678,
      12.648326
     ],
     [
      19.265883,
      12.64796
     ],
     [
      19.291091,
      12.647741
     ],
     [
      19.316298,
      12.647646
     ],
     [
      19.341506,
      12.647557
     ],
     [
      19.36671,
      12.647106
     ],
     [
      19.391905,
      12.646289
     ],
     [
      19.417085,
      12.645119
     ],
     [
      19.442246,
      12.643587
     ],
     [
      19.46738,
      12.641659
     ],
     [
      19.492473,
      12.639258
     ],
     [
      19.517493,
      12.636193
     ],
     [
      19.542318,
      12.631854
     ],
     [
      19.566792,
      12.625834
     ],
     [
      19.591553,
      12.621116
     ],
     [
      19.616439,
      12.617107
     ],
     [
      19.6414,
      12.613583
     ],
     [
      19.666414,
      12.610467
     ],
     [
      19.691475,
      12.607754
     ],
     [
      19.716579,
      12.605458
     ],
     [
      19.741711,
      12.603512
     ],
     [
      19.766894,
      12.602674
     ],
     [
      19.751944,
      12.610254
     ],
     [
      19.727379,
      12.615908
     ],
     [
      19.702763,
      12.621341
     ],
     [
      19.678102,
      12.626564
     ],
     [
      19.653394,
      12.631559
     ],
     [
      19.628637,
      12.636307
     ],
     [
      19.603831,
      12.640789
     ],
     [
      19.578975,
      12.644985
     ],
     [
      19.554069,
      12.648877
     ],
     [
      19.529115,
      12.652446
     ],
     [
      19.504115,
      12.655676
     ],
     [
      19.479072,
      12.658553
     ],
     [
      19.45399,
      12.661065
     ],
     [
      19.428873,
      12.663202
     ],
     [
      19.403726,
      12.66496
     ],
     [
      19.378556,
      12.666337
     ],
     [
      19.353368,
      12.667336
     ],
     [
      19.328168,
      12.667962
     ],
     [
      19.302961,
      12.668224
     ],
     [
      19.277754,
      12.668136
     ],
     [
      19.252548,
      12.667827
     ],
     [
      19.22734,
      12.667716
     ],
     [
      19.202132,
      12.667877
     ],
     [
      19.17693,
      12.668394
     ],
     [
      19.151742,
      12.669379
     ],
     [
      19.126585,
      12.670983
     ],
     [
      19.101496,
      12.673405
     ],
     [
      19.076535,
      12.676911
     ],
     [
      19.051817,
      12.681833
     ],
     [
      19.027527,
      12.68855
     ],
     [
      19.003938,
      12.69741
     ],
     [
      18.981359,
      12.708594
     ],
     [
      18.960024,
      12.722001
     ],
     [
      18.939975,
      12.737269
     ],
     [
      18.921064,
      12.753932
     ],
     [
      18.902991,
      12.771503
     ],
     [
      18.88438,
      12.7885
     ],
     [
      18.864775,
      12.80434
     ],
     [
      18.84408,
      12.818718
     ],
     [
      18.821816,
      12.830469
     ],
     [
      18.797191,
      12.835216
     ],
     [
      18.773488,
      12.843688
     ],
     [
      18.751229,
      12.855487
     ],
     [
      18.730583,
      12.869922
     ],
     [
      18.709029,
      12.882937
     ],
     [
      18.685793,
      12.892662
     ],
     [
      18.661405,
      12.898929
     ],
     [
      18.636286,
      12.899992
     ],
     [
      18.611217,
      12.897651
     ],
     [
      18.627578,
      12.886564
     ]
    ]
   },
   "properties": {
    "elevation": 0.0
   }
  },
  {
   "type": "Feature",
   "geometry": {
    "type": "LineString",
    "coordinates": [
     [
      25.16899,
      12.801234
     ],
     [
      25.163701,
      12.797592
     ],
     [
      25.158418,
      12.793942
     ],
     [
      25.153141,
      12.790285
     ],
     [
      25.147869,
      12.786618
     ],
     [
      25.142603,
      12.782944
     ],
     [
      25.137344,
      12.77926
     ],
     [
      25.132091,
      12.775567
     ],
     [
      25.126845,
      12.771864
     ],
     [
      25.121606,
      12.76815
     ],
     [
      25.116375,
      12.764426
     ],
     [
      25.111153,
      12.76069
     ],
     [
      25.105939,
      12.756943
     ],
     [
      25.100734,
      12.753182
     ],
     [
      25.09554,
      12.749407
     ],
     [
      25.090357,
      12.745616
     ],
     [
      25.085186,
      12.741809
     ],
     [
      25.080029,
      12.737983
     ],
     [
      25.074888,
      12.734135
     ],
     [
      25.069765,
      12.730264
     ],
     [
      25.064664,
      12.726364
     ],
     [
      25.059588,
      12.722431
     ],
     [
      25.054546,
      12.718456
     ],
     [
      25.049547,
      12.714426
     ],
     [
      25.04461,
      12.71032
     ],
     [
      25.039776,
      12.706093
     ],
     [
      25.03517,
      12.701622
     ],
     [
      25.034186,
      12.697297
     ],
     [
      25.040243,
      12.699381
     ],
     [
      25.046054,
      12.702113
     ],
     [
      25.051767,
      12.705043
     ],
     [
      25.057377,
      12.708167
     ],
     [
      25.062928,
      12.711393
     ],
     [
      25.068445,
      12.71468
     ],
     [
      25.073933,
      12.718014
     ],
     [
      25.079397,
      12.721387
     ],
     [
      25.08484,
      12.724793
     ],
     [
      25.090266,
      12.728227
     ],
     [
      25.095676,
      12.731686
     ],
     [
      25.101071,
      12.735167
     ],
     [
      25.106454,
      12.738668
     ],
     [
      25.111825,
      12.742187
     ],
     [
      25.117185,
      12.745723
     ],
     [
      25.122535,
      12.749274
     ],
     [
      25.127875,
      12.75284
     ],
     [
      25.133206,
      12.75642
     ],
     [
      25.138528,
      12.760012
     ],
     [
      25.143842,
      12.763617
     ],
     [
      25.149147,
      12.767235
     ],
     [
      25.154445,
      12.770864
     ],
     [
      25.159734,
      12.774504
     ],
     [
      25.165016,
      12.778155
     ],
     [
      25.17029,
      12.781818
     ],
     [
      25.175557,
      12.785492
     ],
     [
      25.180816,
      12.789176
     ],
     [
      25.186067,
      12.792872
     ],
     [
      25.19131,
      12.796579
     ],
     [
      25.196545,
      12.800297
     ],
     [
      25.201772,
      12.804027
     ],
     [
      25.20699,
      12.807769
     ],
     [
      25.212199,
      12.811524
     ],
     [
      25.217399,
      12.815292
     ],
     [
      25.222588,
      12.819074
     ],
     [
      25.227766,
      12.822872
     ],
     [
      25.232931,
      12.826686
     ],
     [
      25.238083,
      12.830518
     ],
     [
      25.24322,
      12.834371
     ],
     [
      25.24834,
      12.838247
     ],
     [
      25.253438,
      12.842151
     ],
     [
      25.258511,
      12.846087
     ],
     [
      25.263552,
      12.850065
     ],
     [
      25.268548,
      12.854098
     ],
     [
      25.273479,
      12.858211
     ],
     [
      25.278294,
      12.862459
     ],
     [
      25.282781,
      12.867045
     ],
     [
      25.286055,
      12.872562
     ],
     [
      25.288968,
      12.87828
     ],
     [
      25.285832,
      12.880528
     ],
     [
      25.280157,
      12.877531
     ],
     [
      25.274687,
      12.874169
     ],
     [
      25.269296,
      12.87068
     ],
     [
      25.263949,
      12.867125
     ],
     [
      25.258627,
      12.863533
     ],
     [
      25.253322,
      12.859915
     ],
     [
      25.248028,
      12.85628
     ],
     [
      25.242743,
      12.852633
     ],
     [
      25.237464,
      12.848977
     ],
     [
      25.23219,
      12.845315
     ],
     [
      25.226918,
      12.841649
     ],
     [
      25.221649,
      12.837979
     ],
     [
      25.216381,
      12.834307
     ],
     [
      25.211115,
      12.830633
     ],
     [
      25.205849,
      12.826958
     ],
     [
      25.200584,
      12.823283
     ],
     [
      25.195319,
      12.819607
     ],
     [
      25.190054,
      12.815931
     ],
     [
      25.184788,
      12.812256
     ],
     [
      25.179523,
      12.808581
     ],
     [
      25.174257,
      12.804907
     ],
     [
      25.16899,
      12.801234
     ]
    ]
   },
   "properties": {
    "elevation": 0.0
   }
  },
  {
   "type": "Feature",
   "geometry": {
    "type": "LineString",
    "coordinates": [
     [
      20.701102,
      12.830246
     ],
     [
      20.668789,
      12.824082
     ],
     [
      20.635989,
      12.821146
     ],
     [
      20.603086,
      12.819716
     ],
     [
      20.570153,
      12.819372
     ],
     [
      20.537223,
      12.819996
     ],
     [
      20.504329,
      12.821632
     ],
     [
      20.471454,
      12.823619
     ],
     [
      20.438532,
      12.824522
     ],
     [
      20.4056,
      12.824217
     ],
     [
      20.372707,
      12.822577
     ],
     [
      20.339921,
      12.819469
     ],
     [
      20.307328,
      12.814749
     ],
     [
      20.275039,
      12.808276
     ],
     [
      20.243188,
      12.79991
     ],
     [
      20.211936,
      12.78953
     ],
     [
      20.181465,
      12.777046
     ],
     [
      20.15197,
      12.762406
     ],
     [
      20.123644,
      12.745615
     ],
     [
      20.095647,
      12.728285
     ],
     [
      20.066661,
      12.712649
     ],
     [
      20.037141,
      12.698046
     ],
     [
      20.007246,
      12.684224
     ],
     [
      19.977044,
      12.671087
     ],
     [
      19.946557,
      12.658626
     ],
     [
      19.915774,
      12.646916
     ],
     [
      19.884643,
      12.636165
     ],
     [
      19.853041,
      12.626907
     ],
     [
      19.821124,
      12.618846
     ],
     [
      19.846755,
      12.613471
     ],
     [
      19.879266,
      12.618336
     ],
     [
      19.91096,
      12.627266
     ],
     [
      19.942093,
      12.638007
     ],
     [
      19.972781,
      12.649961
     ],
     [
      20.00307,
      12.662896
     ],
     [
      20.032958,
      12.67673
     ],
     [
      20.062408,
      12.691475
     ],
     [
      20.091331,
      12.707228
     ],
     [
      20.119549,
      12.724207
     ],
     [
      20.147407,
      12.741772
     ],
     [
      20.176287,
      12.757592
     ],
     [
      20.206379,
      12.770952
     ],
     [
      20.237592,
      12.781427
     ],
     [
      20.269622,
      12.789059
     ],
     [
      20.302135,
      12.794286
     ],
     [
      20.334893,
      12.797675
     ],
     [
      20.367763,
      12.799735
     ],
     [
      20.400679,
      12.800857
     ],
     [
      20.433612,
      12.801321
     ],
     [
      20.466548,
      12.801324
     ],
     [
      20.499482,
      12.801002
     ],
     [
      20.532418,
      12.801098
     ],
     [
      20.565347,
      12.801753
     ],
     [
      20.598261,
      12.802972
     ],
     [
      20.631144,
      12.80482
     ],
     [
      20.663972,
      12.80748
     ],
     [
      20.696654,
      12.811519
     ],
     [
      20.72886,
      12.818326
     ],
     [
      20.761682,
      12.820611
     ],
     [
      20.794547,
      12.818683
     ],
     [
      20.827122,
      12.813871
     ],
     [
      20.859299,
      12.806861
     ],
     [
      20.891028,
      12.798042
     ],
     [
      20.922276,
      12.787643
     ],
     [
      20.953005,
      12.775797
     ],
     [
      20.983169,
      12.762578
     ],
     [
      21.012707,
      12.748013
     ],
     [
      21.041535,
      12.73209
     ],
     [
      21.070214,
      12.715901
     ],
     [
      21.099828,
      12.701503
     ],
     [
      21.130614,
      12.689839
     ],
     [
      21.162433,
      12.681387
     ],
     [
      21.194872,
      12.675728
     ],
     [
      21.227592,
      12.671983
     ],
     [
      21.26043,
      12.669465
     ],
     [
      21.293314,
      12.667613
     ],
     [
      21.326198,
      12.66576
     ],
     [
      21.359082,
      12.663907
     ],
     [
      21.358728,
      12.66616
     ],
     [
      21.326381,
      12.672363
     ],
     [
      21.294035,
      12.678567
     ],
     [
      21.261688,
      12.68477
     ],
     [
      21.229474,
      12.69161
     ],
     [
      21.197602,
      12.699905
     ],
     [
      21.16603,
      12.709283
     ],
     [
      21.134769,
      12.719649
     ],
     [
      21.103873,
      12.731056
     ],
     [
      21.073475,
      12.743727
     ],
     [
      21.043918,
      12.758237
     ],
     [
      21.014835,
      12.773675
     ],
     [
      20.984767,
      12.787112
     ],
     [
      20.95419,
      12.799348
     ],
     [
      20.923275,
      12.810705
     ],
     [
      20.892087,
      12.821291
     ],
     [
      20.860644,
      12.831092
     ],
     [
      20.828919,
      12.839937
     ],
     [
      20.796814,
      12.847261
     ],
     [
      20.764229,
      12.849018
     ],
     [
      20.732565,
      12.839985
     ],
     [
      20.701102,
      12.830246
     ]
    ]
   },
   "properties": {
    "elevation": 0.0
   }
  },
  {
   "type": "Feature",
   "geometry": {
    "type": "LineString",
    "coordinates": [
     [
      3.839858,
      12.763688
     ],
     [
      3.65749,
      12.681839
     ],
     [
      3.847721,
      12.746563
     ],
     [
      4.050332,
      12.741535
     ],
     [
      4.252056,
      12.721572
     ],
     [
      4.451347,
      12.68468
     ],
     [
      4.652497,
      12.659368
     ],
     [
      4.854161,
      12.638381
     ],
     [
      5.055994,
      12.619107
     ],
     [
      5.258049,
      12.602298
     ],
     [
      5.46019,
      12.586555
     ],
     [
      5.662389,
      12.571564
     ],
     [
      5.864641,
      12.557316
     ],
     [
      6.06696,
      12.544064
     ],
     [
      6.26914,
      12.528986
     ],
     [
      6.470269,
      12.503849
     ],
     [
      6.668826,
      12.462837
     ],
     [
      6.867753,
      12.423632
     ],
     [
      7.066811,
      12.385098
     ],
     [
      7.265935,
      12.346903
     ],
     [
      7.465022,
      12.30852
     ],
     [
      7.663935,
      12.26925
     ],
     [
      7.862098,
      12.226392
     ],
     [
      8.057797,
      12.17349
     ],
     [
      8.251691,
      12.114212
     ],
     [
      8.445882,
      12.055912
     ],
     [
      8.640238,
      11.998166
     ],
     [
      8.834485,
      11.940058
     ],
     [
      9.027834,
      11.87903
     ],
     [
      9.219831,
      11.81389
     ],
     [
      9.404295,
      11.731239
     ],
     [
      9.593243,
      11.658111
     ],
     [
      9.790653,
      11.612722
     ],
     [
      9.984202,
      11.55307
     ],
     [
      10.174568,
      11.484176
     ],
     [
      10.360681,
      11.403767
     ],
     [
      10.544818,
      11.318904
     ],
     [
      10.727772,
      11.231517
     ],
     [
      10.909518,
      11.141647
     ],
     [
      11.089145,
      11.047634
     ],
     [
      11.262433,
      10.942616
     ],
     [
      11.443184,
      10.85082
     ],
     [
      11.630275,
      10.773011
     ],
     [
      11.814763,
      10.688957
     ],
     [
      11.997067,
      10.600226
     ],
     [
      12.178256,
      10.509235
     ],
     [
      12.358271,
      10.415946
     ],
     [
      12.537021,
      10.320255
     ],
     [
      12.717367,
      10.227609
     ],
     [
      12.899174,
      10.137864
     ],
     [
      13.0829,
      10.052132
     ],
     [
      13.074511,
      10.072317
     ],
     [
      12.893572,
      10.163799
     ],
     [
      12.712329,
      10.25468
     ],
     [
      12.531503,
      10.346391
     ],
     [
      12.350937,
      10.438612
     ],
     [
      12.170701,
      10.531477
     ],
     [
      11.990136,
      10.6237
     ],
     [
      11.808517,
      10.713826
     ],
     [
      11.624112,
      10.797951
     ],
     [
      11.438407,
      10.879204
     ],
     [
      11.25785,
      10.971385
     ],
     [
      11.083674,
      11.075043
     ],
     [
      10.904185,
      11.169322
     ],
     [
      10.722506,
      11.259326
     ],
     [
      10.539286,
      11.346149
     ],
     [
      10.354202,
      11.42892
     ],
     [
      10.169406,
      11.512339
     ],
     [
      9.983887,
      11.593888
     ],
     [
      9.788688,
      11.648166
     ],
     [
      9.592199,
      11.696636
     ],
     [
      9.403052,
      11.769606
     ],
     [
      9.211764,
      11.836805
     ],
     [
      9.019301,
      11.900572
     ],
     [
      8.826178,
      11.962316
     ],
     [
      8.632558,
      12.022485
     ],
     [
      8.438506,
      12.081241
     ],
     [
      8.244211,
      12.139194
     ],
     [
      8.049494,
      12.195706
     ],
     [
      7.853443,
      12.247365
     ],
     [
      7.655619,
      12.291761
     ],
     [
      7.456845,
      12.331727
     ],
     [
      7.257772,
      12.370182
     ],
     [
      7.058626,
      12.408261
     ],
     [
      6.859456,
      12.44621
     ],
     [
      6.660505,
      12.48529
     ],
     [
      6.461694,
      12.525069
     ],
     [
      6.260723,
      12.551147
     ],
     [
      6.058507,
      12.565859
     ],
     [
      5.856159,
      12.57868
     ],
     [
      5.653822,
      12.591649
     ],
     [
      5.451587,
      12.606145
     ],
     [
      5.249462,
      12.622077
     ],
     [
      5.047617,
      12.641192
     ],
     [
      4.84579,
      12.660552
     ],
     [
      4.644005,
      12.680342
     ],
     [
      4.44288,
      12.705766
     ],
     [
      4.243225,
      12.740982
     ],
     [
      4.042116,
      12.766216
     ],
     [
      3.839858,
      12.763688
     ]
    ]
   },
   "properties": {
    "elevation": 0.0
   }
  },
  {
   "type": "Feature",
   "geometry": {
    "type": "LineString",
    "coordinates": [
     [
      24.950545,
      12.657879
     ],
     [
      24.938771,
      12.650397
     ],
     [
      24.926679,
      12.643438
     ],
     [
      24.914405,
      12.636805
     ],
     [
      24.902006,
      12.630408
     ],
     [
      24.889512,
      12.624199
     ],
     [
      24.87694,
      12.61815
     ],
     [
      24.8643,
      12.612242
     ],
     [
      24.8516,
      12.606466
     ],
     [
      24.838844,
      12.600814
     ],
     [
      24.826035,
      12.595285
     ],
     [
      24.813173,
      12.589879
     ],
     [
      24.800258,
      12.584601
     ],
     [
      24.787289,
      12.579457
     ],
     [
      24.774263,
      12.574459
     ],
     [
      24.761178,
      12.569619
     ],
     [
      24.74808,
      12.56481
     ],
     [
      24.734994,
      12.559973
     ],
     [
      24.721918,
      12.555107
     ],
     [
      24.708852,
      12.550213
     ],
     [
      24.695797,
      12.545291
     ],
     [
      24.682753,
      12.540341
     ],
     [
      24.66972,
      12.535362
     ],
     [
      24.656697,
      12.530355
     ],
     [
      24.643686,
      12.525318
     ],
     [
      24.630686,
      12.520252
     ],
     [
      24.617698,
      12.515157
     ],
     [
      24.604722,
      12.51003
     ],
     [
      24.591759,
      12.504871
     ],
     [
      24.57881,
      12.499678
     ],
     [
      24.565874,
      12.494451
     ],
     [
      24.552953,
      12.489186
     ],
     [
      24.540049,
      12.483882
     ],
     [
      24.527162,
      12.478535
     ],
     [
      24.514295,
      12.473141
     ],
     [
      24.50145,
      12.467696
     ],
     [
      24.488629,
      12.462192
     ],
     [
      24.475838,
      12.456621
     ],
     [
      24.463081,
      12.45097
     ],
     [
      24.450369,
      12.445222
     ],
     [
      24.437713,
      12.439348
     ],
     [
      24.425141,
      12.4333
     ],
     [
      24.412702,
      12.426982
     ],
     [
      24.400555,
      12.420124
     ],
     [
      24.394305,
      12.411825
     ],
     [
      24.407956,
      12.414582
     ],
     [
      24.42133,
      12.418551
     ],
     [
      24.434587,
      12.4229
     ],
     [
      24.447767,
      12.427474
     ],
     [
      24.46089,
      12.432213
     ],
     [
      24.473964,
      12.437083
     ],
     [
      24.486996,
      12.442066
     ],
     [
      24.499989,
      12.447149
     ],
     [
      24.512945,
      12.452326
     ],
     [
      24.525866,
      12.45759
     ],
     [
      24.538752,
      12.462939
     ],
     [
      24.551602,
      12.468372
     ],
     [
      24.564436,
      12.473846
     ],
     [
      24.5773,
      12.479246
     ],
     [
      24.59018,
      12.484609
     ],
     [
      24.603074,
      12.489938
     ],
     [
      24.615981,
      12.495237
     ],
     [
      24.628899,
      12.500508
     ],
     [
      24.641827,
      12.505753
     ],
     [
      24.654766,
      12.510972
     ],
     [
      24.667715,
      12.516168
     ],
     [
      24.680672,
      12.521341
     ],
     [
      24.693639,
      12.52649
     ],
     [
      24.706615,
      12.531617
     ],
     [
      24.7196,
      12.536721
     ],
     [
      24.732594,
      12.541801
     ],
     [
      24.745598,
      12.546857
     ],
     [
      24.758612,
      12.551885
     ],
     [
      24.771638,
      12.556884
     ],
     [
      24.784676,
      12.56185
     ],
     [
      24.79773,
      12.566775
     ],
     [
      24.810803,
      12.571649
     ],
     [
      24.823901,
      12.576455
     ],
     [
      24.836943,
      12.58141
     ],
     [
      24.849877,
      12.586642
     ],
     [
      24.862709,
      12.592119
     ],
     [
      24.875442,
      12.597822
     ],
     [
      24.888075,
      12.603743
     ],
     [
      24.900604,
      12.609881
     ],
     [
      24.91302,
      12.616245
     ],
     [
      24.925307,
      12.622854
     ],
     [
      24.93744,
      12.62974
     ],
     [
      24.949378,
      12.636961
     ],
     [
      24.961039,
      12.644619
     ],
     [
      24.972252,
      12.652916
     ],
     [
      24.983086,
      12.661705
     ],
     [
      24.993871,
      12.670556
     ],
     [
      25.004409,
      12.679698
     ],
     [
      25.014341,
      12.689486
     ],
     [
      25.010329,
      12.693699
     ],
     [
      24.997874,
      12.687424
     ],
     [
      24.98581,
      12.680417
     ],
     [
      24.973939,
      12.673088
     ],
     [
      24.962194,
      12.665557
     ],
     [
      24.950545,
      12.657879
     ]
    ]
   },
   "properties": {
    "elevation": 0.0
   }
  },
  {
   "type": "Feature",
   "geometry": {
    "type": "LineString",
    "coordinates": [
     [
      3.554855,
      12.604974
     ],
     [
      3.550503,
      12.600024
     ],
     [
      3.54619,
      12.595039
     ],
     [
      3.541915,
      12.590022
     ],
     [
      3.537675,
      12.584975
     ],
     [
      3.533469,
      12.579899
     ],
     [
      3.529298,
      12.574795
     ],
     [
      3.525158,
      12.569665
     ],
     [
      3.521051,
      12.564509
     ],
     [
      3.516975,
      12.559329
     ],
     [
      3.51293,
      12.554124
     ],
     [
      3.508915,
      12.548896
     ],
     [
      3.504931,
      12.543645
     ],
     [
      3.500978,
      12.53837
     ],
     [
      3.497055,
      12.533073
     ],
     [
      3.493163,
      12.527753
     ],
     [
      3.489303,
      12.522409
     ],
     [
      3.485476,
      12.517042
     ],
     [
      3.481683,
      12.511652
     ],
     [
      3.477924,
      12.506236
     ],
     [
      3.474203,
      12.500796
     ],
     [
      3.470521,
      12.495328
     ],
     [
      3.466882,
      12.489832
     ],
     [
      3.463288,
      12.484307
     ],
     [
      3.459745,
      12.478748
     ],
     [
      3.456259,
      12.473153
     ],
     [
      3.452839,
      12.467518
     ],
     [
      3.449496,
      12.461837
     ],
     [
      3.446249,
      12.456101
     ],
     [
      3.443124,
      12.450297
     ],
     [
      3.440167,
      12.444406
     ],
     [
      3.437467,
      12.438394
     ],
     [
      3.435254,
      12.432188
     ],
     [
      3.434695,
      12.425705
     ],
     [
      3.440106,
      12.425682
     ],
     [
      3.444863,
      12.430237
     ],
     [
      3.449227,
      12.435176
     ],
     [
      3.453396,
      12.440282
     ],
     [
      3.457431,
      12.445494
     ],
     [
      3.461364,
      12.450784
     ],
     [
      3.46521,
      12.456137
     ],
     [
      3.468979,
      12.461545
     ],
     [
      3.472678,
      12.467001
     ],
     [
      3.476311,
      12.472501
     ],
     [
      3.47988,
      12.478043
     ],
     [
      3.483386,
      12.483625
     ],
     [
      3.48683,
      12.489245
     ],
     [
      3.490212,
      12.494903
     ],
     [
      3.4937,
      12.500494
     ],
     [
      3.497344,
      12.505987
     ],
     [
      3.501024,
      12.511455
     ],
     [
      3.504737,
      12.516902
     ],
     [
      3.50848,
      12.522328
     ],
     [
      3.512251,
      12.527734
     ],
     [
      3.516049,
      12.533122
     ],
     [
      3.519873,
      12.538491
     ],
     [
      3.523723,
      12.543842
     ],
     [
      3.527597,
      12.549175
     ],
     [
      3.531497,
      12.554489
     ],
     [
      3.535422,
      12.559785
     ],
     [
      3.539374,
      12.565061
     ],
     [
      3.543352,
      12.570316
     ],
     [
      3.547359,
      12.575551
     ],
     [
      3.551395,
      12.580762
     ],
     [
      3.555463,
      12.585949
     ],
     [
      3.559564,
      12.591109
     ],
     [
      3.563702,
      12.59624
     ],
     [
      3.567881,
      12.601338
     ],
     [
      3.572105,
      12.606399
     ],
     [
      3.57638,
      12.611416
     ],
     [
      3.580714,
      12.616382
     ],
     [
      3.585119,
      12.621286
     ],
     [
      3.589627,
      12.626094
     ],
     [
      3.59425,
      12.630793
     ],
     [
      3.598813,
      12.63555
     ],
     [
      3.603312,
      12.640368
     ],
     [
      3.607742,
      12.645249
     ],
     [
      3.612097,
      12.650197
     ],
     [
      3.616367,
      12.655219
     ],
     [
      3.620532,
      12.660327
     ],
     [
      3.624561,
      12.665545
     ],
     [
      3.628377,
      12.670918
     ],
     [
      3.631713,
      12.676596
     ],
     [
      3.629306,
      12.679327
     ],
     [
      3.623823,
      12.675684
     ],
     [
      3.618729,
      12.671502
     ],
     [
      3.613812,
      12.667113
     ],
     [
      3.609003,
      12.662605
     ],
     [
      3.604272,
      12.658015
     ],
     [
      3.599601,
      12.653364
     ],
     [
      3.594979,
      12.648664
     ],
     [
      3.590399,
      12.643923
     ],
     [
      3.585855,
      12.639148
     ],
     [
      3.581345,
      12.634341
     ],
     [
      3.576864,
      12.629506
     ],
     [
      3.572411,
      12.624646
     ],
     [
      3.567985,
      12.619761
     ],
     [
      3.563584,
      12.614854
     ],
     [
      3.559208,
      12.609925
     ],
     [
      3.554855,
      12.604974
     ]
    ]
   },
   "properties": {
    "elevation": 0.0
   }
  },
  {
   "type": "Feature",
   "geometry": {
    "type": "LineString",
    "coordinates": [
     [
      24.26449,
      12.35581
     ],
     [
      24.260469,
      12.353222
     ],
     [
      24.256462,
      12.350612
     ],
     [
      24.252468,
      12.347982
     ],
     [
      24.248488,
      12.345332
     ],
     [
      24.244521,
      12.342661
     ],
     [
      24.240568,
      12.339971
     ],
     [
      24.236629,
      12.337259
     ],
     [
      24.232704,
      12.334528
     ],
     [
      24.228794,
      12.331775
     ],
     [
      24.224899,
      12.329001
     ],
     [
      24.22102,
      12.326204
     ],
     [
      24.217158,
      12.323384
     ],
     [
      24.213315,
      12.320538
     ],
     [
      24.209492,
      12.317666
     ],
     [
      24.20569,
      12.314765
     ],
     [
      24.201913,
      12.311832
     ],
     [
      24.198164,
      12.308863
     ],
     [
      24.194448,
      12.305854
     ],
     [
      24.19077,
      12.302798
     ],
     [
      24.187141,
      12.299684
     ],
     [
      24.183575,
      12.296498
     ],
     [
      24.180097,
      12.293217
     ],
     [
      24.176755,
      12.289797
     ],
     [
      24.173673,
      12.286144
     ],
     [
      24.171328,
      12.281993
     ],
     [
      24.169999,
      12.277426
     ],
     [
      24.173513,
      12.27599
     ],
     [
      24.177774,
      12.278144
     ],
     [
      24.181771,
      12.280769
     ],
     [
      24.185634,
      12.283586
     ],
     [
      24.189415,
      12.286514
     ],
     [
      24.193124,
      12.289531
     ],
     [
      24.196759,
      12.292637
     ],
     [
      24.200488,
      12.295631
     ],
     [
      24.204278,
      12.298548
     ],
     [
      24.208111,
      12.301407
     ],
     [
      24.211977,
      12.30422
     ],
     [
      24.215872,
      12.306996
     ],
     [
      24.219789,
      12.309739
     ],
     [
      24.223726,
      12.312453
     ],
     [
      24.22768,
      12.315142
     ],
     [
      24.23165,
      12.317807
     ],
     [
      24.235635,
      12.320451
     ],
     [
      24.239633,
      12.323075
     ],
     [
      24.243643,
      12.325679
     ],
     [
      24.247666,
      12.328266
     ],
     [
      24.251699,
      12.330834
     ],
     [
      24.255744,
      12.333386
     ],
     [
      24.259799,
      12.33592
     ],
     [
      24.263864,
      12.338438
     ],
     [
      24.26794,
      12.340939
     ],
     [
      24.272026,
      12.343423
     ],
     [
      24.276122,
      12.34589
     ],
     [
      24.280229,
      12.34834
     ],
     [
      24.284347,
      12.350772
     ],
     [
      24.288475,
      12.353186
     ],
     [
      24.292614,
      12.35558
     ],
     [
      24.296765,
      12.357955
     ],
     [
      24.300927,
      12.360308
     ],
     [
      24.305043,
      12.362742
     ],
     [
      24.30913,
      12.365226
     ],
     [
      24.313204,
      12.36773
     ],
     [
      24.317264,
      12.370255
     ],
     [
      24.321311,
      12.372803
     ],
     [
      24.325341,
      12.375377
     ],
     [
      24.329354,
      12.377977
     ],
     [
      24.333348,
      12.380608
     ],
     [
      24.337318,
      12.383273
     ],
     [
      24.341262,
      12.385977
     ],
     [
      24.345173,
      12.388729
     ],
     [
      24.349041,
      12.39154
     ],
     [
      24.352853,
      12.394427
     ],
     [
      24.35658,
      12.397423
     ],
     [
      24.360154,
      12.400598
     ],
     [
      24.363301,
      12.404185
     ],
     [
      24.361508,
      12.407001
     ],
     [
      24.356868,
      12.405899
     ],
     [
      24.352396,
      12.404208
     ],
     [
      24.348005,
      12.402314
     ],
     [
      24.343666,
      12.400305
     ],
     [
      24.339363,
      12.398219
     ],
     [
      24.335088,
      12.396077
     ],
     [
      24.330835,
      12.39389
     ],
     [
      24.326601,
      12.391667
     ],
     [
      24.322384,
      12.389412
     ],
     [
      24.318181,
      12.387131
     ],
     [
      24.313991,
      12.384826
     ],
     [
      24.309814,
      12.3825
     ],
     [
      24.305647,
      12.380154
     ],
     [
      24.30149,
      12.377789
     ],
     [
      24.297344,
      12.375407
     ],
     [
      24.293206,
      12.373009
     ],
     [
      24.289078,
      12.370596
     ],
     [
      24.284959,
      12.368167
     ],
     [
      24.280848,
      12.365724
     ],
     [
      24.276746,
      12.363266
     ],
     [
      24.272652,
      12.360795
     ],
     [
      24.268567,
      12.358309
     ],
     [
      24.26449,
      12.35581
     ]
    ]
   },
   "properties": {
    "elevation": 0.0
   }
  },
  {
   "type": "Feature",
   "geometry": {
    "type": "LineString",
    "coordinates": [
     [
      3.384195,
      12.309732
     ],
     [
      3.352123,
      12.222598
     ],
     [
      3.322234,
      12.134678
     ],
     [
      3.293017,
      12.046531
     ],
     [
      3.264182,
      11.958259
     ],
     [
      3.235609,
      11.869902
     ],
     [
      3.207236,
      11.78148
     ],
     [
      3.179027,
      11.693006
     ],
     [
      3.15096,
      11.604487
     ],
     [
      3.123019,
      11.515928
     ],
     [
      3.095197,
      11.427332
     ],
     [
      3.067488,
      11.3387
     ],
     [
      3.03989,
      11.250033
     ],
     [
      3.012407,
      11.161331
     ],
     [
      2.985043,
      11.072592
     ],
     [
      2.957807,
      10.983813
     ],
     [
      2.930716,
      10.894991
     ],
     [
      2.903792,
      10.806117
     ],
     [
      2.877074,
      10.717181
     ],
     [
      2.850624,
      10.628165
     ],
     [
      2.824564,
      10.539035
     ],
     [
      2.799182,
      10.449709
     ],
     [
      2.775132,
      10.360017
     ],
     [
      2.749648,
      10.270721
     ],
     [
      2.72369,
      10.18156
     ],
     [
      2.697952,
      10.092337
     ],
     [
      2.673675,
      10.002705
     ],
     [
      2.65156,
      9.91252
     ],
     [
      2.630842,
      9.822029
     ],
     [
      2.605177,
      9.732786
     ],
     [
      2.577903,
      9.64402
     ],
     [
      2.549772,
      9.555522
     ],
     [
      2.521066,
      9.467208
     ],
     [
      2.491927,
      9.379036
     ],
     [
      2.462436,
      9.29098
     ],
     [
      2.432648,
      9.203026
     ],
     [
      2.402594,
      9.115161
     ],
     [
      2.372301,
      9.027379
     ],
     [
      2.341782,
      8.939675
     ],
     [
      2.311049,
      8.852045
     ],
     [
      2.280109,
      8.764489
     ],
     [
      2.248964,
      8.677005
     ],
     [
      2.217615,
      8.589595
     ],
     [
      2.18599,
      8.502283
     ],
     [
      2.15445,
      8.414941
     ],
     [
      2.123207,
      8.327492
     ],
     [
      2.092306,
      8.239923
     ],
     [
      2.061855,
      8.152195
     ],
     [
      2.032232,
      8.064185
     ],
     [
      2.033431,
      8.047551
     ],
     [
      2.067087,
      8.134098
     ],
     [
      2.099756,
      8.221024
     ],
     [
      2.13201,
      8.308105
     ],
     [
      2.164001,
      8.395283
     ],
     [
      2.195797,
      8.482532
     ],
     [
      2.227432,
      8.56984
     ],
     [
      2.258924,
      8.657199
     ],
     [
      2.290282,
      8.744607
     ],
     [
      2.321509,
      8.832061
     ],
     [
      2.352599,
      8.919565
     ],
     [
      2.383543,
      9.00712
     ],
     [
      2.414321,
      9.094733
     ],
     [
      2.444901,
      9.182416
     ],
     [
      2.47523,
      9.270186
     ],
     [
      2.505205,
      9.358077
     ],
     [
      2.534596,
      9.446165
     ],
     [
      2.563319,
      9.534474
     ],
     [
      2.591159,
      9.623064
     ],
     [
      2.617909,
      9.71199
     ],
     [
      2.643215,
      9.801335
     ],
     [
      2.664488,
      9.8917
     ],
     [
      2.686274,
      9.981963
     ],
     [
      2.710349,
      10.071649
     ],
     [
      2.735249,
      10.161111
     ],
     [
      2.760539,
      10.250463
     ],
     [
      2.786046,
      10.339754
     ],
     [
      2.811686,
      10.429006
     ],
     [
      2.837413,
      10.518234
     ],
     [
      2.863385,
      10.60739
     ],
     [
      2.889725,
      10.696438
     ],
     [
      2.916331,
      10.785408
     ],
     [
      2.94315,
      10.874313
     ],
     [
      2.970146,
      10.963164
     ],
     [
      2.997297,
      11.051969
     ],
     [
      3.024587,
      11.140731
     ],
     [
      3.052006,
      11.229453
     ],
     [
      3.079545,
      11.318138
     ],
     [
      3.107204,
      11.406786
     ],
     [
      3.13498,
      11.495396
     ],
     [
      3.162877,
      11.583969
     ],
     [
      3.190901,
      11.672502
     ],
     [
      3.219063,
      11.760991
     ],
     [
      3.24738,
      11.849431
     ],
     [
      3.275882,
      11.937811
     ],
     [
      3.304613,
      12.026117
     ],
     [
      3.333658,
      12.11432
     ],
     [
      3.363197,
      12.202359
     ],
     [
      3.393799,
      12.290032
     ],
     [
      3.42683,
      12.376586
     ],
     [
      3.384195,
      12.309732
     ]
    ]
   },
   "properties": {
    "elevation": 0.0
   }
  },
  {
   "type": "Feature",
   "geometry": {
    "type": "LineString",
    "coordinates": [
     [
      24.010206,
      12.157844
     ],
     [
      24.007021,
      12.154251
     ],
     [
      24.003763,
      12.150723
     ],
     [
      24.000445,
      12.147253
     ],
     [
      23.997074,
      12.143833
     ],
     [
      23.993656,
      12.14046
     ],
     [
      23.990197,
      12.13713
     ],
     [
      23.986699,
      12.133841
     ],
     [
      23.983165,
      12.130589
     ],
     [
      23.979598,
      12.127375
     ],
     [
      23.975999,
      12.124196
     ],
     [
      23.97237,
      12.121051
     ],
     [
      23.968712,
      12.117941
     ],
     [
      23.965024,
      12.114865
     ],
     [
      23.961308,
      12.111824
     ],
     [
      23.957564,
      12.108818
     ],
     [
      23.953791,
      12.105848
     ],
     [
      23.949988,
      12.102916
     ],
     [
      23.946156,
      12.100023
     ],
     [
      23.942292,
      12.097172
     ],
     [
      23.938395,
      12.094366
     ],
     [
      23.934463,
      12.09161
     ],
     [
      23.930494,
      12.088907
     ],
     [
      23.926484,
      12.086266
     ],
     [
      23.922429,
      12.083695
     ],
     [
      23.918322,
      12.081207
     ],
     [
      23.914366,
      12.078487
     ],
     [
      23.910454,
      12.075703
     ],
     [
      23.906579,
      12.072866
     ],
     [
      23.902752,
      12.069967
     ],
     [
      23.898983,
      12.066991
     ],
     [
      23.895295,
      12.063917
     ],
     [
      23.891724,
      12.060707
     ],
     [
      23.888359,
      12.057284
     ],
     [
      23.885485,
      12.053449
     ],
     [
      23.885778,
      12.04922
     ],
     [
      23.890481,
      12.048788
     ],
     [
      23.894997,
      12.050392
     ],
     [
      23.899272,
      12.052576
     ],
     [
      23.903414,
      12.055004
     ],
     [
      23.90747,
      12.057575
     ],
     [
      23.911463,
      12.060242
     ],
     [
      23.915407,
      12.06298
     ],
     [
      23.919313,
      12.065774
     ],
     [
      23.923186,
      12.068613
     ],
     [
      23.927031,
      12.071489
     ],
     [
      23.930852,
      12.074397
     ],
     [
      23.934651,
      12.077334
     ],
     [
      23.93843,
      12.080295
     ],
     [
      23.942192,
      12.08328
     ],
     [
      23.945938,
      12.086284
     ],
     [
      23.949668,
      12.089308
     ],
     [
      23.953384,
      12.09235
     ],
     [
      23.957086,
      12.095408
     ],
     [
      23.960775,
      12.098481
     ],
     [
      23.964452,
      12.10157
     ],
     [
      23.968116,
      12.104673
     ],
     [
      23.971769,
      12.107789
     ],
     [
      23.975411,
      12.11092
     ],
     [
      23.97904,
      12.114063
     ],
     [
      23.982659,
      12.11722
     ],
     [
      23.986266,
      12.120389
     ],
     [
      23.989862,
      12.123571
     ],
     [
      23.993447,
      12.126766
     ],
     [
      23.99702,
      12.129974
     ],
     [
      24.000581,
      12.133195
     ],
     [
      24.00413,
      12.13643
     ],
     [
      24.007666,
      12.139679
     ],
     [
      24.011189,
      12.142942
     ],
     [
      24.014698,
      12.14622
     ],
     [
      24.018192,
      12.149513
     ],
     [
      24.02167,
      12.152824
     ],
     [
      24.025131,
      12.156152
     ],
     [
      24.028573,
      12.1595
     ],
     [
      24.031995,
      12.162869
     ],
     [
      24.035393,
      12.166261
     ],
     [
      24.038765,
      12.16968
     ],
     [
      24.042105,
      12.17313
     ],
     [
      24.045409,
      12.176615
     ],
     [
      24.048666,
      12.180143
     ],
     [
      24.051863,
      12.183725
     ],
     [
      24.054979,
      12.187379
     ],
     [
      24.057971,
      12.191134
     ],
     [
      24.060742,
      12.195054
     ],
     [
      24.062902,
      12.199327
     ],
     [
      24.060542,
      12.202074
     ],
     [
      24.056314,
      12.199833
     ],
     [
      24.052429,
      12.197012
     ],
     [
      24.048685,
      12.194006
     ],
     [
      24.045025,
      12.190898
     ],
     [
      24.041421,
      12.187724
     ],
     [
      24.03786,
      12.184504
     ],
     [
      24.034331,
      12.181247
     ],
     [
      24.03083,
      12.177961
     ],
     [
      24.027351,
      12.174651
     ],
     [
      24.023891,
      12.171321
     ],
     [
      24.020449,
      12.167974
     ],
     [
      24.017021,
      12.164611
     ],
     [
      24.013607,
      12.161234
     ],
     [
      24.010206,
      12.157844
     ]
    ]
   },
   "properties": {
    "elevation": 0.0
   }
  },
  {
   "type": "Feature",
   "geometry": {
    "type": "LineString",
    "coordinates": [
     [
      20.615772,
      12.111766
     ],
     [
      20.554072,
      12.076666
     ],
     [
      20.494135,
      12.038642
     ],
     [
      20.436505,
      11.997207
     ],
     [
      20.380495,
      11.953607
     ],
     [
      20.320712,
      11.915395
     ],
     [
      20.256677,
      11.884878
     ],
     [
      20.188718,
      11.864691
     ],
     [
      20.118115,
      11.858391
     ],
     [
      20.048481,
      11.845646
     ],
     [
      20.095854,
      11.837061
     ],
     [
      20.166521,
      11.84361
     ],
     [
      20.235542,
      11.859699
     ],
     [
      20.300074,
      11.889083
     ],
     [
      20.360879,
      11.925692
     ],
     [
      20.419958,
      11.965048
     ],
     [
      20.478316,
      12.005469
     ],
     [
      20.536566,
      12.046045
     ],
     [
      20.596658,
      12.08378
     ],
     [
      20.663671,
      12.105818
     ],
     [
      20.734569,
      12.108259
     ],
     [
      20.805078,
      12.100625
     ],
     [
      20.874151,
      12.084371
     ],
     [
      20.941538,
      12.062099
     ],
     [
      21.007094,
      12.0349
     ],
     [
      21.070564,
      12.003136
     ],
     [
      21.131441,
      11.966656
     ],
     [
      21.18872,
      11.924773
     ],
     [
      21.243803,
      11.880118
     ],
     [
      21.307027,
      11.848107
     ],
     [
      21.374856,
      11.827369
     ],
     [
      21.444771,
      11.815271
     ],
     [
      21.515549,
      11.810096
     ],
     [
      21.586494,
      11.808002
     ],
     [
      21.657168,
      11.801378
     ],
     [
      21.727562,
      11.792218
     ],
     [
      21.797705,
      11.781293
     ],
     [
      21.867583,
      11.768789
     ],
     [
      21.937126,
      11.754542
     ],
     [
      22.006115,
      11.737833
     ],
     [
      22.074988,
      11.720711
     ],
     [
      22.14472,
      11.707425
     ],
     [
      22.214753,
      11.695813
     ],
     [
      22.284966,
      11.685342
     ],
     [
      22.355321,
      11.675871
     ],
     [
      22.425811,
      11.667475
     ],
     [
      22.496456,
      11.660505
     ],
     [
      22.567307,
      11.656237
     ],
     [
      22.638079,
      11.660797
     ],
     [
      22.708323,
      11.671027
     ],
     [
      22.778252,
      11.68325
     ],
     [
      22.847962,
      11.696664
     ],
     [
      22.917498,
      11.710957
     ],
     [
      22.986877,
      11.725993
     ],
     [
      23.056101,
      11.741727
     ],
     [
      23.125155,
      11.758191
     ],
     [
      23.193997,
      11.77552
     ],
     [
      23.262522,
      11.794057
     ],
     [
      23.330362,
      11.814937
     ],
     [
      23.350165,
      11.837463
     ],
     [
      23.281625,
      11.819098
     ],
     [
      23.213911,
      11.797803
     ],
     [
      23.145291,
      11.779627
     ],
     [
      23.076266,
      11.763046
     ],
     [
      23.007015,
      11.747431
     ],
     [
      22.937599,
      11.732566
     ],
     [
      22.86804,
      11.718385
     ],
     [
      22.798339,
      11.70492
     ],
     [
      22.728475,
      11.692334
     ],
     [
      22.658383,
      11.68109
     ],
     [
      22.58785,
      11.673295
     ],
     [
      22.516982,
      11.676823
     ],
     [
      22.446362,
      11.684036
     ],
     [
      22.375902,
      11.692685
     ],
     [
      22.30557,
      11.702327
     ],
     [
      22.235367,
      11.712863
     ],
     [
      22.165321,
      11.724398
     ],
     [
      22.095533,
      11.737391
     ],
     [
      22.026503,
      11.753869
     ],
     [
      21.957501,
      11.77053
     ],
     [
      21.88796,
      11.784785
     ],
     [
      21.818073,
      11.797243
     ],
     [
      21.747917,
      11.808078
     ],
     [
      21.677515,
      11.817181
     ],
     [
      21.60686,
      11.82402
     ],
     [
      21.535944,
      11.826809
     ],
     [
      21.465118,
      11.831146
     ],
     [
      21.39519,
      11.843142
     ],
     [
      21.327389,
      11.86398
     ],
     [
      21.263852,
      11.895419
     ],
     [
      21.207161,
      11.938032
     ],
     [
      21.147734,
      11.976834
     ],
     [
      21.08639,
      12.012554
     ],
     [
      21.02378,
      12.046003
     ],
     [
      20.959289,
      12.075641
     ],
     [
      20.892774,
      12.100392
     ],
     [
      20.824394,
      12.11937
     ],
     [
      20.754389,
      12.130872
     ],
     [
      20.683517,
      12.131281
     ],
     [
      20.615772,
      12.111766
     ]
    ]
   },
   "properties": {
    "elevation": 0.0
   }
  },
  {
   "type": "Feature",
   "geometry": {
    "type": "LineString",
    "coordinates": [
     [
      23.747389,
      12.000837
     ],
     [
      23.738859,
      11.996474
     ],
     [
      23.730291,
      11.992186
     ],
     [
      23.721696,
      11.987953
     ],
     [
      23.71308,
      11.983762
     ],
     [
      23.704447,
      11.979606
     ],
     [
      23.6958,
      11.97548
     ],
     [
      23.687142,
      11.971378
     ],
     [
      23.678472,
      11.967299
     ],
     [
      23.669794,
      11.96324
     ],
     [
      23.661106,
      11.9592
     ],
     [
      23.652411,
      11.955176
     ],
     [
      23.643708,
      11.951168
     ],
     [
      23.634999,
      11.947176
     ],
     [
      23.626282,
      11.943198
     ],
     [
      23.61756,
      11.939234
     ],
     [
      23.608831,
      11.935284
     ],
     [
      23.600096,
      11.931348
     ],
     [
      23.591355,
      11.927425
     ],
     [
      23.582608,
      11.923515
     ],
     [
      23.573854,
      11.91962
     ],
     [
      23.565095,
      11.915738
     ],
     [
      23.556329,
      11.911872
     ],
     [
      23.547556,
      11.90802
     ],
     [
      23.538776,
      11.904185
     ],
     [
      23.529988,
      11.900368
     ],
     [
      23.52116,
      11.896645
     ],
     [
      23.512313,
      11.892968
     ],
     [
      23.503488,
      11.889237
     ],
     [
      23.494688,
      11.885449
     ],
     [
      23.485914,
      11.881599
     ],
     [
      23.477172,
      11.877678
     ],
     [
      23.468467,
      11.873677
     ],
     [
      23.459807,
      11.869579
     ],
     [
      23.451207,
      11.865354
     ],
     [
      23.4427,
      11.860947
     ],
     [
      23.434382,
      11.856197
     ],
     [
      23.431126,
      11.851174
     ],
     [
      23.440477,
      11.853233
     ],
     [
      23.449687,
      11.85587
     ],
     [
      23.458801,
      11.858823
     ],
     [
      23.467858,
      11.861949
     ],
     [
      23.476874,
      11.86519
     ],
     [
      23.48586,
      11.868514
     ],
     [
      23.494822,
      11.871903
     ],
     [
      23.503763,
      11.875345
     ],
     [
      23.512687,
      11.878831
     ],
     [
      23.521597,
      11.882355
     ],
     [
      23.530493,
      11.885912
     ],
     [
      23.539378,
      11.889498
     ],
     [
      23.548251,
      11.893111
     ],
     [
      23.557115,
      11.896749
     ],
     [
      23.56597,
      11.900409
     ],
     [
      23.574815,
      11.904089
     ],
     [
      23.583653,
      11.90779
     ],
     [
      23.592483,
      11.911509
     ],
     [
      23.601305,
      11.915246
     ],
     [
      23.61012,
      11.919001
     ],
     [
      23.618927,
      11.922772
     ],
     [
      23.627728,
      11.926559
     ],
     [
      23.636522,
      11.930363
     ],
     [
      23.645308,
      11.934183
     ],
     [
      23.654088,
      11.938018
     ],
     [
      23.662861,
      11.941869
     ],
     [
      23.671627,
      11.945736
     ],
     [
      23.680386,
      11.949619
     ],
     [
      23.689138,
      11.953519
     ],
     [
      23.697882,
      11.957435
     ],
     [
      23.706618,
      11.961369
     ],
     [
      23.715346,
      11.965322
     ],
     [
      23.724065,
      11.969293
     ],
     [
      23.732775,
      11.973285
     ],
     [
      23.741475,
      11.977298
     ],
     [
      23.750164,
      11.981334
     ],
     [
      23.758842,
      11.985396
     ],
     [
      23.767506,
      11.989486
     ],
     [
      23.776155,
      11.993607
     ],
     [
      23.784788,
      11.997764
     ],
     [
      23.7934,
      12.001962
     ],
     [
      23.801988,
      12.00621
     ],
     [
      23.810545,
      12.010519
     ],
     [
      23.819062,
      12.014906
     ],
     [
      23.827523,
      12.019402
     ],
     [
      23.835893,
      12.024064
     ],
     [
      23.844084,
      12.029033
     ],
     [
      23.851514,
      12.035032
     ],
     [
      23.857405,
      12.042552
     ],
     [
      23.852344,
      12.047101
     ],
     [
      23.843039,
      12.044864
     ],
     [
      23.833993,
      12.041711
     ],
     [
      23.825089,
      12.038175
     ],
     [
      23.816278,
      12.034414
     ],
     [
      23.807533,
      12.030498
     ],
     [
      23.798841,
      12.026467
     ],
     [
      23.790192,
      12.022346
     ],
     [
      23.781578,
      12.018152
     ],
     [
      23.772994,
      12.013896
     ],
     [
      23.764436,
      12.009588
     ],
     [
      23.755902,
      12.005233
     ],
     [
      23.747389,
      12.000837
     ]
    ]
   },
   "properties": {
    "elevation": 0.0
   }
  },
  {
   "type": "Feature",
   "geometry": {
    "type": "LineString",
    "coordinates": [
     [
      5.921915,
      11.570772
     ],
     [
      5.731769,
      11.561438
     ],
     [
      5.541815,
      11.54879
     ],
     [
      5.352197,
      11.53188
     ],
     [
      5.163829,
      11.504936
     ],
     [
      5.251864,
      11.502377
     ],
     [
      5.441403,
      11.520204
     ],
     [
      5.631184,
      11.535232
     ],
     [
      5.821196,
      11.546948
     ],
     [
      6.011427,
      11.55425
     ],
     [
      6.201793,
      11.555639
     ],
     [
      6.39131,
      11.541486
     ],
     [
      6.572838,
      11.48456
     ],
     [
      6.750491,
      11.416205
     ],
     [
      6.93009,
      11.353338
     ],
     [
      7.112317,
      11.298242
     ],
     [
      7.295593,
      11.246749
     ],
     [
      7.47495,
      11.196603
     ],
     [
      7.657932,
      11.153054
     ],
     [
      7.830983,
      11.079516
     ],
     [
      8.010138,
      11.015806
     ],
     [
      8.195531,
      10.972797
     ],
     [
      8.373189,
      10.90682
     ],
     [
      8.524383,
      10.913971
     ],
     [
      8.711219,
      10.877454
     ],
     [
      8.897418,
      10.837977
     ],
     [
      9.081719,
      10.790295
     ],
     [
      9.264543,
      10.737233
     ],
     [
      9.443123,
      10.671923
     ],
     [
      9.619993,
      10.603314
     ],
     [
      9.790876,
      10.519407
     ],
     [
      9.960387,
      10.432751
     ],
     [
      10.129085,
      10.344525
     ],
     [
      10.297103,
      10.255007
     ],
     [
      10.464418,
      10.164185
     ],
     [
      10.630876,
      10.071801
     ],
     [
      10.797671,
      9.980079
     ],
     [
      10.967323,
      9.893702
     ],
     [
      11.137373,
      9.808116
     ],
     [
      11.303108,
      9.714559
     ],
     [
      11.4594,
      9.605891
     ],
     [
      11.62328,
      9.509359
     ],
     [
      11.780385,
      9.402325
     ],
     [
      11.943365,
      9.308798
     ],
     [
      12.110574,
      9.218188
     ],
     [
      12.272045,
      9.117457
     ],
     [
      12.430037,
      9.011245
     ],
     [
      12.599031,
      8.924497
     ],
     [
      12.770747,
      8.842298
     ],
     [
      12.942256,
      8.759669
     ],
     [
      13.116211,
      8.682788
     ],
     [
      13.293604,
      8.613718
     ],
     [
      13.470287,
      8.542822
     ],
     [
      13.648021,
      8.474615
     ],
     [
      13.74091,
      8.460131
     ],
     [
      13.564081,
      8.530589
     ],
     [
      13.38645,
      8.599076
     ],
     [
      13.208963,
      8.667922
     ],
     [
      13.034158,
      8.743309
     ],
     [
      12.861279,
      8.823029
     ],
     [
      12.689949,
      8.906025
     ],
     [
      12.520437,
      8.992668
     ],
     [
      12.354699,
      9.086256
     ],
     [
      12.195515,
      9.190628
     ],
     [
      12.030701,
      9.285859
     ],
     [
      11.859147,
      9.367372
     ],
     [
      11.707344,
      9.481727
     ],
     [
      11.541686,
      9.575482
     ],
     [
      11.382901,
      9.680391
     ],
     [
      11.222059,
      9.781767
     ],
     [
      11.053792,
      9.870795
     ],
     [
      10.884879,
      9.958601
     ],
     [
      10.717053,
      10.048476
     ],
     [
      10.550221,
      10.140182
     ],
     [
      10.384253,
      10.233439
     ],
     [
      10.216525,
      10.323494
     ],
     [
      10.047473,
      10.41104
     ],
     [
      9.877305,
      10.496396
     ],
     [
      9.705941,
      10.579322
     ],
     [
      9.532822,
      10.658509
     ],
     [
      9.355474,
      10.72757
     ],
     [
      9.17411,
      10.785392
     ],
     [
      8.990409,
      10.83532
     ],
     [
      8.805074,
      10.878808
     ],
     [
      8.618605,
      10.917166
     ],
     [
      8.432716,
      10.958234
     ],
     [
      8.248198,
      11.005051
     ],
     [
      8.083306,
      11.070627
     ],
     [
      7.937302,
      11.076527
     ],
     [
      7.763572,
      11.154141
     ],
     [
      7.580772,
      11.206674
     ],
     [
      7.394204,
      11.244131
     ],
     [
      7.210013,
      11.292247
     ],
     [
      7.026813,
      11.344017
     ],
     [
      6.845376,
      11.40156
     ],
     [
      6.668101,
      11.470696
     ],
     [
      6.487049,
      11.52951
     ],
     [
      6.302547,
      11.57523
     ],
     [
      6.11221,
      11.576217
     ],
     [
      5.921915,
      11.570772
     ]
    ]
   },
   "properties": {
    "elevation": 0.0
   }
  },
  {
   "type": "Feature",
   "geometry": {
    "type": "LineString",
    "coordinates": [
     [
      4.860407,
      11.442777
     ],
     [
      4.799975,
      11.427186
     ],
     [
      4.740361,
      11.408748
     ],
     [
      4.682902,
      11.384501
     ],
     [
      4.630171,
      11.351264
     ],
     [
      4.584694,
      11.308646
     ],
     [
      4.544953,
      11.26055
     ],
     [
      4.509812,
      11.209
     ],
     [
      4.482426,
      11.153076
     ],
     [
      4.447747,
      11.104021
     ],
     [
      4.407894,
      11.056159
     ],
     [
      4.373865,
      11.00385
     ],
     [
      4.34218,
      10.950081
     ],
     [
      4.311894,
      10.89551
     ],
     [
      4.282588,
      10.840406
     ],
     [
      4.254032,
      10.784909
     ],
     [
      4.226087,
      10.729102
     ],
     [
      4.198662,
      10.673038
     ],
     [
      4.171694,
      10.616752
     ],
     [
      4.145138,
      10.56027
     ],
     [
      4.118965,
      10.503611
     ],
     [
      4.093152,
      10.446786
     ],
     [
      4.067686,
      10.389805
     ],
     [
      4.042558,
      10.332674
     ],
     [
      4.017765,
      10.275396
     ],
     [
      3.99331,
      10.217974
     ],
     [
      3.9692,
      10.160406
     ],
     [
      3.945446,
      10.10269
     ],
     [
      3.922066,
      10.044822
     ],
     [
      3.899086,
      9.986793
     ],
     [
      3.876539,
      9.928595
     ],
     [
      3.854468,
      9.870215
     ],
     [
      3.832932,
      9.811636
     ],
     [
      3.812012,
      9.752834
     ],
     [
      3.791817,
      9.693779
     ],
     [
      3.772562,
      9.634411
     ],
     [
      3.753438,
      9.575001
     ],
     [
      3.733494,
      9.515861
     ],
     [
      3.712994,
      9.456911
     ],
     [
      3.692064,
      9.398112
     ],
     [
      3.670776,
      9.339442
     ],
     [
      3.649164,
      9.28089
     ],
     [
      3.627248,
      9.222452
     ],
     [
      3.605028,
      9.164128
     ],
     [
      3.582489,
      9.105927
     ],
     [
      3.583971,
      9.07494
     ],
     [
      3.611175,
      9.131039
     ],
     [
      3.634652,
      9.188865
     ],
     [
      3.656957,
      9.247156
     ],
     [
      3.678564,
      9.30571
     ],
     [
      3.69967,
      9.364445
     ],
     [
      3.720378,
      9.423323
     ],
     [
      3.740747,
      9.482318
     ],
     [
      3.760817,
      9.541416
     ],
     [
      3.780614,
      9.600606
     ],
     [
      3.800188,
      9.659871
     ],
     [
      3.820267,
      9.718965
     ],
     [
      3.84099,
      9.777837
     ],
     [
      3.862258,
      9.836514
     ],
     [
      3.884001,
      9.895018
     ],
     [
      3.906167,
      9.953362
     ],
     [
      3.928719,
      10.011558
     ],
     [
      3.951629,
      10.069614
     ],
     [
      3.974876,
      10.127536
     ],
     [
      3.998447,
      10.185327
     ],
     [
      4.022333,
      10.242988
     ],
     [
      4.046532,
      10.300519
     ],
     [
      4.071044,
      10.357917
     ],
     [
      4.095876,
      10.415177
     ],
     [
      4.121041,
      10.472292
     ],
     [
      4.146557,
      10.529251
     ],
     [
      4.172453,
      10.586038
     ],
     [
      4.198768,
      10.642632
     ],
     [
      4.225559,
      10.699002
     ],
     [
      4.252907,
      10.755104
     ],
     [
      4.280939,
      10.810867
     ],
     [
      4.309855,
      10.866177
     ],
     [
      4.340021,
      10.920813
     ],
     [
      4.372235,
      10.974262
     ],
     [
      4.406055,
      11.026717
     ],
     [
      4.427219,
      11.035983
     ],
     [
      4.427248,
      10.974943
     ],
     [
      4.463931,
      11.020834
     ],
     [
      4.491808,
      11.076667
     ],
     [
      4.517056,
      11.13374
     ],
     [
      4.539311,
      11.192036
     ],
     [
      4.55499,
      11.252194
     ],
     [
      4.593646,
      11.300824
     ],
     [
      4.641765,
      11.34049
     ],
     [
      4.694657,
      11.373535
     ],
     [
      4.753591,
      11.393937
     ],
     [
      4.813858,
      11.410143
     ],
     [
      4.874753,
      11.423801
     ],
     [
      4.935839,
      11.4366
     ],
     [
      4.996606,
      11.450828
     ],
     [
      5.056647,
      11.467815
     ],
     [
      5.043804,
      11.480364
     ],
     [
      4.982415,
      11.469137
     ],
     [
      4.921338,
      11.456298
     ],
     [
      4.860407,
      11.442777
     ]
    ]
   },
   "properties": {
    "elevation": 0.0
   }
  },
  {
   "type": "Feature",
   "geometry": {
    "type": "LineString",
    "coordinates": [
     [
      29.126604,
      11.321608
     ],
     [
      29.124668,
      11.318588
     ],
     [
      29.123359,
      11.315231
     ],
     [
      29.122337,
      11.311775
     ],
     [
      29.121488,
      11.308272
     ],
     [
      29.120762,
      11.304741
     ],
     [
      29.120127,
      11.301193
     ],
     [
      29.119567,
      11.297632
     ],
     [
      29.119068,
      11.294062
     ],
     [
      29.118622,
      11.290485
     ],
     [
      29.118223,
      11.286902
     ],
     [
      29.117866,
      11.283315
     ],
     [
      29.117547,
      11.279724
     ],
     [
      29.117264,
      11.276131
     ],
     [
      29.117014,
      11.272535
     ],
     [
      29.116795,
      11.268937
     ],
     [
      29.116606,
      11.265337
     ],
     [
      29.116445,
      11.261736
     ],
     [
      29.116311,
      11.258133
     ],
     [
      29.116205,
      11.25453
     ],
     [
      29.116124,
      11.250926
     ],
     [
      29.116069,
      11.247322
     ],
     [
      29.116039,
      11.243718
     ],
     [
      29.116035,
      11.240113
     ],
     [
      29.116055,
      11.236508
     ],
     [
      29.116099,
      11.232904
     ],
     [
      29.116169,
      11.2293
     ],
     [
      29.116264,
      11.225696
     ],
     [
      29.116364,
      11.222093
     ],
     [
      29.116377,
      11.218488
     ],
     [
      29.11641,
      11.214884
     ],
     [
      29.116465,
      11.211279
     ],
     [
      29.116542,
      11.207675
     ],
     [
      29.116643,
      11.204072
     ],
     [
      29.11677,
      11.200469
     ],
     [
      29.116924,
      11.196868
     ],
     [
      29.117108,
      11.193268
     ],
     [
      29.117325,
      11.18967
     ],
     [
      29.11758,
      11.186074
     ],
     [
      29.117876,
      11.182481
     ],
     [
      29.118222,
      11.178893
     ],
     [
      29.118627,
      11.175312
     ],
     [
      29.119107,
      11.171739
     ],
     [
      29.119685,
      11.168181
     ],
     [
      29.12041,
      11.16465
     ],
     [
      29.121392,
      11.161183
     ],
     [
      29.1231,
      11.158047
     ],
     [
      29.125814,
      11.159402
     ],
     [
      29.127024,
      11.162784
     ],
     [
      29.128049,
      11.166239
     ],
     [
      29.129175,
      11.169664
     ],
     [
      29.130369,
      11.173065
     ],
     [
      29.131614,
      11.176448
     ],
     [
      29.132899,
      11.179816
     ],
     [
      29.134216,
      11.183171
     ],
     [
      29.13556,
      11.186516
     ],
     [
      29.136926,
      11.189852
     ],
     [
      29.138313,
      11.193179
     ],
     [
      29.139716,
      11.1965
     ],
     [
      29.141134,
      11.199814
     ],
     [
      29.142567,
      11.203122
     ],
     [
      29.144011,
      11.206424
     ],
     [
      29.145467,
      11.209722
     ],
     [
      29.146933,
      11.213015
     ],
     [
      29.148408,
      11.216304
     ],
     [
      29.149893,
      11.219589
     ],
     [
      29.151413,
      11.222857
     ],
     [
      29.152774,
      11.226195
     ],
     [
      29.15393,
      11.229609
     ],
     [
      29.154903,
      11.233079
     ],
     [
      29.155713,
      11.236591
     ],
     [
      29.156374,
      11.240135
     ],
     [
      29.156901,
      11.243701
     ],
     [
      29.157304,
      11.247283
     ],
     [
      29.157592,
      11.250876
     ],
     [
      29.157773,
      11.254476
     ],
     [
      29.157854,
      11.25808
     ],
     [
      29.157839,
      11.261684
     ],
     [
      29.157731,
      11.265287
     ],
     [
      29.157535,
      11.268887
     ],
     [
      29.157252,
      11.27248
     ],
     [
      29.156883,
      11.276066
     ],
     [
      29.156428,
      11.279642
     ],
     [
      29.155887,
      11.283205
     ],
     [
      29.155257,
      11.286755
     ],
     [
      29.154537,
      11.290287
     ],
     [
      29.15372,
      11.293798
     ],
     [
      29.152802,
      11.297283
     ],
     [
      29.151774,
      11.300738
     ],
     [
      29.150623,
      11.304154
     ],
     [
      29.149335,
      11.307521
     ],
     [
      29.147887,
      11.310821
     ],
     [
      29.146247,
      11.314031
     ],
     [
      29.14437,
      11.317107
     ],
     [
      29.142185,
      11.319971
     ],
     [
      29.139591,
      11.322466
     ],
     [
      29.136478,
      11.324256
     ],
     [
      29.132939,
      11.324763
     ],
     [
      29.129515,
      11.323717
     ],
     [
      29.126604,
      11.321608
     ]
    ]
   },
   "properties": {
    "elevation": 0.0
   }
  },
  {
   "type": "Feature",
   "geometry": {
    "type": "LineString",
    "coordinates": [
     [
      1.769748,
      10.63726
     ],
     [
      1.753759,
      10.571267
     ],
     [
      1.737048,
      10.505452
     ],
     [
      1.719869,
      10.439757
     ],
     [
      1.702225,
      10.374186
     ],
     [
      1.684904,
      10.30853
     ],
     [
      1.667421,
      10.242916
     ],
     [
      1.649834,
      10.177329
     ],
     [
      1.632381,
      10.111707
     ],
     [
      1.615203,
      10.046012
     ],
     [
      1.597512,
      9.980453
     ],
     [
      1.579414,
      9.915006
     ],
     [
      1.560978,
      9.849653
     ],
     [
      1.542253,
      9.784383
     ],
     [
      1.523274,
      9.719185
     ],
     [
      1.504065,
      9.654055
     ],
     [
      1.484646,
      9.588987
     ],
     [
      1.46503,
      9.523979
     ],
     [
      1.445227,
      9.459027
     ],
     [
      1.42524,
      9.394131
     ],
     [
      1.405075,
      9.329291
     ],
     [
      1.384729,
      9.264507
     ],
     [
      1.364199,
      9.199782
     ],
     [
      1.343477,
      9.135117
     ],
     [
      1.322551,
      9.070518
     ],
     [
      1.301402,
      9.005992
     ],
     [
      1.280004,
      8.941548
     ],
     [
      1.258315,
      8.877202
     ],
     [
      1.236273,
      8.812975
     ],
     [
      1.213776,
      8.748907
     ],
     [
      1.190633,
      8.685069
     ],
     [
      1.166417,
      8.621632
     ],
     [
      1.139515,
      8.559304
     ],
     [
      1.11418,
      8.496367
     ],
     [
      1.09374,
      8.431618
     ],
     [
      1.075308,
      8.366266
     ],
     [
      1.058175,
      8.30056
     ],
     [
      1.042057,
      8.234597
     ],
     [
      1.026828,
      8.168424
     ],
     [
      1.012449,
      8.102061
     ],
     [
      0.998941,
      8.035515
     ],
     [
      0.986501,
      7.968762
     ],
     [
      0.97425,
      7.901975
     ],
     [
      0.960699,
      7.835437
     ],
     [
      0.946056,
      7.769132
     ],
     [
      0.930192,
      7.703109
     ],
     [
      0.912179,
      7.637643
     ],
     [
      0.895831,
      7.571748
     ],
     [
      0.898972,
      7.534134
     ],
     [
      0.921314,
      7.598225
     ],
     [
      0.939701,
      7.663588
     ],
     [
      0.956423,
      7.7294
     ],
     [
      0.972088,
      7.795471
     ],
     [
      0.986912,
      7.861737
     ],
     [
      1.000963,
      7.92817
     ],
     [
      1.014218,
      7.994767
     ],
     [
      1.026564,
      8.061538
     ],
     [
      1.037853,
      8.128496
     ],
     [
      1.050267,
      8.195253
     ],
     [
      1.064623,
      8.261619
     ],
     [
      1.080891,
      8.327543
     ],
     [
      1.099183,
      8.392933
     ],
     [
      1.119807,
      8.457625
     ],
     [
      1.143438,
      8.521274
     ],
     [
      1.169311,
      8.584052
     ],
     [
      1.193442,
      8.647522
     ],
     [
      1.216666,
      8.71133
     ],
     [
      1.239342,
      8.775336
     ],
     [
      1.261627,
      8.839478
     ],
     [
      1.283608,
      8.903726
     ],
     [
      1.305338,
      8.968059
     ],
     [
      1.326848,
      9.032465
     ],
     [
      1.34816,
      9.096938
     ],
     [
      1.369288,
      9.161471
     ],
     [
      1.390238,
      9.226062
     ],
     [
      1.411013,
      9.290709
     ],
     [
      1.431612,
      9.355413
     ],
     [
      1.452028,
      9.420175
     ],
     [
      1.472248,
      9.484998
     ],
     [
      1.492256,
      9.549887
     ],
     [
      1.512023,
      9.61485
     ],
     [
      1.531508,
      9.679898
     ],
     [
      1.550648,
      9.745048
     ],
     [
      1.569339,
      9.810328
     ],
     [
      1.587388,
      9.875789
     ],
     [
      1.605053,
      9.941355
     ],
     [
      1.622773,
      10.006905
     ],
     [
      1.640436,
      10.072471
     ],
     [
      1.657913,
      10.138087
     ],
     [
      1.675373,
      10.203708
     ],
     [
      1.692736,
      10.269354
     ],
     [
      1.709978,
      10.335032
     ],
     [
      1.727067,
      10.40075
     ],
     [
      1.743952,
      10.466521
     ],
     [
      1.760551,
      10.532364
     ],
     [
      1.776711,
      10.598317
     ],
     [
      1.792065,
      10.664461
     ],
     [
      1.804946,
      10.731114
     ],
     [
      1.786387,
      10.703088
     ],
     [
      1.769748,
      10.63726
     ]
    ]
   },
   "properties": {
    "elevation": 0.0
   }
  },
  {
   "type": "Feature",
   "geometry": {
    "type": "LineString",
    "coordinates": [
     [
      28.954237,
      10.72259
     ],
     [
      28.955514,
      10.721301
     ],
     [
      28.95678,
      10.720002
     ],
     [
      28.958037,
      10.718693
     ],
     [
      28.959287,
      10.717377
     ],
     [
      28.96053,
      10.716055
     ],
     [
      28.961767,
      10.714728
     ],
     [
      28.963,
      10.713397
     ],
     [
      28.96423,
      10.712062
     ],
     [
      28.965457,
      10.710725
     ],
     [
      28.966681,
      10.709387
     ],
     [
      28.967905,
      10.708047
     ],
     [
      28.969129,
      10.706707
     ],
     [
      28.970352,
      10.705367
     ],
     [
      28.971578,
      10.704029
     ],
     [
      28.972806,
      10.702693
     ],
     [
      28.974037,
      10.70136
     ],
     [
      28.975273,
      10.700032
     ],
     [
      28.976516,
      10.69871
     ],
     [
      28.977769,
      10.697397
     ],
     [
      28.979033,
      10.696095
     ],
     [
      28.980265,
      10.694766
     ],
     [
      28.981651,
      10.693603
     ],
     [
      28.983286,
      10.692824
     ],
     [
      28.985051,
      10.692417
     ],
     [
      28.986861,
      10.692321
     ],
     [
      28.988668,
      10.692471
     ],
     [
      28.990449,
      10.692818
     ],
     [
      28.992192,
      10.693321
     ],
     [
      28.993892,
      10.693954
     ],
     [
      28.995548,
      10.694695
     ],
     [
      28.997159,
      10.695529
     ],
     [
      28.998726,
      10.696445
     ],
     [
      29.000248,
      10.697432
     ],
     [
      29.001726,
      10.698484
     ],
     [
      29.003162,
      10.699594
     ],
     [
      29.004555,
      10.700757
     ],
     [
      29.005905,
      10.701968
     ],
     [
      29.007214,
      10.703225
     ],
     [
      29.008481,
      10.704524
     ],
     [
      29.009706,
      10.705862
     ],
     [
      29.01089,
      10.707237
     ],
     [
      29.012033,
      10.708646
     ],
     [
      29.013191,
      10.710043
     ],
     [
      29.014349,
      10.711441
     ],
     [
      29.015492,
      10.71285
     ],
     [
      29.016617,
      10.714273
     ],
     [
      29.017719,
      10.715715
     ],
     [
      29.018789,
      10.71718
     ],
     [
      29.019819,
      10.718674
     ],
     [
      29.020792,
      10.720206
     ],
     [
      29.021683,
      10.721786
     ],
     [
      29.022449,
      10.723431
     ],
     [
      29.023009,
      10.725155
     ],
     [
      29.023208,
      10.726953
     ],
     [
      29.02281,
      10.728711
     ],
     [
      29.021747,
      10.730168
     ],
     [
      29.020275,
      10.731221
     ],
     [
      29.018625,
      10.731972
     ],
     [
      29.016898,
      10.732526
     ],
     [
      29.015133,
      10.732947
     ],
     [
      29.013349,
      10.733277
     ],
     [
      29.011553,
      10.733538
     ],
     [
      29.009751,
      10.733748
     ],
     [
      29.007945,
      10.733918
     ],
     [
      29.006135,
      10.734056
     ],
     [
      29.004324,
      10.734168
     ],
     [
      29.002512,
      10.734259
     ],
     [
      29.000699,
      10.734332
     ],
     [
      28.998885,
      10.734391
     ],
     [
      28.997071,
      10.734437
     ],
     [
      28.995257,
      10.734472
     ],
     [
      28.993443,
      10.734499
     ],
     [
      28.991628,
      10.734517
     ],
     [
      28.989814,
      10.734529
     ],
     [
      28.987999,
      10.734535
     ],
     [
      28.986185,
      10.734536
     ],
     [
      28.98437,
      10.734524
     ],
     [
      28.982556,
      10.734496
     ],
     [
      28.980742,
      10.734451
     ],
     [
      28.978928,
      10.734388
     ],
     [
      28.977116,
      10.734305
     ],
     [
      28.975304,
      10.734201
     ],
     [
      28.973494,
      10.734074
     ],
     [
      28.971686,
      10.733923
     ],
     [
      28.96988,
      10.733743
     ],
     [
      28.968078,
      10.733533
     ],
     [
      28.96628,
      10.733288
     ],
     [
      28.964488,
      10.733002
     ],
     [
      28.962704,
      10.73267
     ],
     [
      28.960931,
      10.732283
     ],
     [
      28.959176,
      10.731826
     ],
     [
      28.957445,
      10.73128
     ],
     [
      28.955758,
      10.730615
     ],
     [
      28.95415,
      10.729776
     ],
     [
      28.952724,
      10.728661
     ],
     [
      28.951798,
      10.727124
     ],
     [
      28.951935,
      10.725346
     ],
     [
      28.952913,
      10.723829
     ],
     [
      28.954237,
      10.72259
     ]
    ]
   },
   "properties": {
    "elevation": 0.0
   }
  },
  {
   "type": "Feature",
   "geometry": {
    "type": "LineString",
    "coordinates": [
     [
      6.232516,
      10.323245
     ],
     [
      5.83692,
      10.207579
     ],
     [
      5.502255,
      9.975108
     ],
     [
      5.296558,
      9.617658
     ],
     [
      5.132705,
      9.238051
     ],
     [
      4.976645,
      8.85519
     ],
     [
      4.827362,
      8.469619
     ],
     [
      4.695394,
      8.077879
     ],
     [
      4.580085,
      7.680835
     ],
     [
      4.475958,
      7.280717
     ],
     [
      4.40261,
      6.874252
     ],
     [
      4.374946,
      6.461763
     ],
     [
      4.364125,
      6.048465
     ],
     [
      4.375997,
      5.635323
     ],
     [
      4.417453,
      5.22397
     ],
     [
      4.477195,
      4.814913
     ],
     [
      4.618318,
      4.427924
     ],
     [
      4.80789,
      4.060553
     ],
     [
      5.030736,
      3.713215
     ],
     [
      5.414355,
      3.784442
     ],
     [
      5.810351,
      3.900514
     ],
     [
      6.208689,
      4.01068
     ],
     [
      6.601648,
      4.13923
     ],
     [
      6.998386,
      4.255503
     ],
     [
      7.403206,
      4.319041
     ],
     [
      7.802179,
      4.24703
     ],
     [
      8.155342,
      4.459304
     ],
     [
      8.546944,
      4.587872
     ],
     [
      8.929911,
      4.743303
     ],
     [
      9.297986,
      4.93138
     ],
     [
      9.664303,
      5.122643
     ],
     [
      10.052945,
      5.250695
     ],
     [
      10.429336,
      5.421625
     ],
     [
      10.80482,
      5.568145
     ],
     [
      11.191572,
      5.713056
     ],
     [
      11.556394,
      5.905582
     ],
     [
      11.845548,
      6.199978
     ],
     [
      12.098338,
      6.525752
     ],
     [
      12.371438,
      6.8248
     ],
     [
      12.346473,
      7.221753
     ],
     [
      12.271615,
      7.599834
     ],
     [
      11.910781,
      7.800782
     ],
     [
      11.550319,
      8.002905
     ],
     [
      11.211922,
      8.24012
     ],
     [
      11.081164,
      8.3281
     ],
     [
      11.403683,
      8.070782
     ],
     [
      11.756003,
      7.854815
     ],
     [
      12.12302,
      7.664478
     ],
     [
      12.308466,
      7.363837
     ],
     [
      12.38762,
      6.963976
     ],
     [
      12.160894,
      6.636021
     ],
     [
      11.906962,
      6.321471
     ],
     [
      11.633544,
      6.012146
     ],
     [
      11.285941,
      5.793055
     ],
     [
      10.900613,
      5.643463
     ],
     [
      10.521682,
      5.503519
     ],
     [
      10.143158,
      5.338402
     ],
     [
      9.766854,
      5.195946
     ],
     [
      9.391437,
      5.024129
     ],
     [
      9.026222,
      4.830521
     ],
     [
      8.650733,
      4.657603
     ],
     [
      8.25617,
      4.534557
     ],
     [
      7.897067,
      4.335229
     ],
     [
      7.516828,
      4.329392
     ],
     [
      7.108762,
      4.320995
     ],
     [
      6.709525,
      4.213679
     ],
     [
      6.315184,
      4.09144
     ],
     [
      5.921663,
      3.966648
     ],
     [
      5.523336,
      3.860671
     ],
     [
      5.14286,
      3.710999
     ],
     [
      4.866386,
      3.98747
     ],
     [
      4.67421,
      4.353402
     ],
     [
      4.51403,
      4.734269
     ],
     [
      4.445263,
      5.141416
     ],
     [
      4.401736,
      5.552558
     ],
     [
      4.383727,
      5.965518
     ],
     [
      4.391011,
      6.378894
     ],
     [
      4.412494,
      6.791744
     ],
     [
      4.473284,
      7.200431
     ],
     [
      4.57487,
      7.60115
     ],
     [
      4.689602,
      7.998371
     ],
     [
      4.815318,
      8.392116
     ],
     [
      4.965618,
      8.777291
     ],
     [
      5.120093,
      9.160801
     ],
     [
      5.285881,
      9.539537
     ],
     [
      5.47046,
      9.900421
     ],
     [
      5.777817,
      10.16578
     ],
     [
      6.171734,
      10.283334
     ],
     [
      6.582293,
      10.314909
     ],
     [
      6.989323,
      10.244766
     ],
     [
      7.378592,
      10.107629
     ],
     [
      7.778509,
      10.005596
     ],
     [
      8.167688,
      9.893097
     ],
     [
      8.555614,
      9.750822
     ],
     [
      8.236427,
      9.889773
     ],
     [
      7.843816,
      10.017825
     ],
     [
      7.446287,
      10.130096
     ],
     [
      7.052078,
      10.25124
     ],
     [
      6.645266,
      10.322431
     ],
     [
      6.232516,
      10.323245
     ]
    ]
   },
   "properties": {
    "elevation": 0.0
   }
  },
  {
   "type": "Feature",
   "geometry": {
    "type": "LineString",
    "coordinates": [
     [
      13.192046,
      10.00923
     ],
     [
      13.206604,
      9.996483
     ],
     [
      13.223567,
      9.986479
     ],
     [
      13.240923,
      9.977167
     ],
     [
      13.258487,
      9.968253
     ],
     [
      13.276193,
      9.959624
     ],
     [
      13.29401,
      9.951227
     ],
     [
      13.311921,
      9.943034
     ],
     [
      13.32992,
      9.935034
     ],
     [
      13.348002,
      9.927223
     ],
     [
      13.366167,
      9.919609
     ],
     [
      13.384421,
      9.912209
     ],
     [
      13.402771,
      9.905053
     ],
     [
      13.421233,
      9.89819
     ],
     [
      13.43983,
      9.891702
     ],
     [
      13.458611,
      9.885769
     ],
     [
      13.477484,
      9.880135
     ],
     [
      13.496247,
      9.874144
     ],
     [
      13.514883,
      9.867769
     ],
     [
      13.533345,
      9.860907
     ],
     [
      13.551447,
      9.853155
     ],
     [
      13.568498,
      9.843345
     ],
     [
      13.586436,
      9.835218
     ],
     [
      13.604688,
      9.827813
     ],
     [
      13.623081,
      9.820767
     ],
     [
      13.64156,
      9.813949
     ],
     [
      13.660099,
      9.807298
     ],
     [
      13.678685,
      9.800775
     ],
     [
      13.697307,
      9.794359
     ],
     [
      13.71596,
      9.788034
     ],
     [
      13.734641,
      9.781788
     ],
     [
      13.753345,
      9.775615
     ],
     [
      13.772071,
      9.769509
     ],
     [
      13.790818,
      9.763465
     ],
     [
      13.809584,
      9.757482
     ],
     [
      13.828368,
      9.751558
     ],
     [
      13.847172,
      9.745693
     ],
     [
      13.865993,
      9.739888
     ],
     [
      13.884834,
      9.734144
     ],
     [
      13.903694,
      9.728464
     ],
     [
      13.922574,
      9.722852
     ],
     [
      13.941476,
      9.717315
     ],
     [
      13.960403,
      9.711862
     ],
     [
      13.979357,
      9.706506
     ],
     [
      13.998344,
      9.701263
     ],
     [
      14.017369,
      9.696164
     ],
     [
      14.036443,
      9.691253
     ],
     [
      14.055586,
      9.686618
     ],
     [
      14.074837,
      9.682456
     ],
     [
      14.094308,
      9.679566
     ],
     [
      14.091725,
      9.688083
     ],
     [
      14.073677,
      9.695957
     ],
     [
      14.055244,
      9.702895
     ],
     [
      14.036638,
      9.709359
     ],
     [
      14.017921,
      9.715493
     ],
     [
      13.99912,
      9.721365
     ],
     [
      13.980253,
      9.72702
     ],
     [
      13.961382,
      9.732665
     ],
     [
      13.942529,
      9.738368
     ],
     [
      13.923693,
      9.744126
     ],
     [
      13.904873,
      9.749937
     ],
     [
      13.88607,
      9.755801
     ],
     [
      13.867282,
      9.761716
     ],
     [
      13.848511,
      9.767682
     ],
     [
      13.829755,
      9.773696
     ],
     [
      13.811014,
      9.779759
     ],
     [
      13.79229,
      9.785871
     ],
     [
      13.773581,
      9.79203
     ],
     [
      13.754888,
      9.798237
     ],
     [
      13.736211,
      9.804491
     ],
     [
      13.717549,
      9.810794
     ],
     [
      13.698905,
      9.817144
     ],
     [
      13.680277,
      9.823544
     ],
     [
      13.661665,
      9.829993
     ],
     [
      13.643072,
      9.836492
     ],
     [
      13.624497,
      9.843043
     ],
     [
      13.60594,
      9.849646
     ],
     [
      13.587403,
      9.856304
     ],
     [
      13.568886,
      9.863018
     ],
     [
      13.55039,
      9.869791
     ],
     [
      13.531917,
      9.876626
     ],
     [
      13.513468,
      9.883525
     ],
     [
      13.495045,
      9.890492
     ],
     [
      13.476649,
      9.897532
     ],
     [
      13.458284,
      9.904649
     ],
     [
      13.439951,
      9.911851
     ],
     [
      13.421654,
      9.919145
     ],
     [
      13.403398,
      9.926539
     ],
     [
      13.385188,
      9.934046
     ],
     [
      13.367031,
      9.94168
     ],
     [
      13.348936,
      9.94946
     ],
     [
      13.330916,
      9.957411
     ],
     [
      13.312987,
      9.965567
     ],
     [
      13.295176,
      9.973977
     ],
     [
      13.277543,
      9.98275
     ],
     [
      13.260137,
      9.991969
     ],
     [
      13.2426,
      10.000936
     ],
     [
      13.224805,
      10.009377
     ],
     [
      13.206373,
      10.016262
     ],
     [
      13.192046,
      10.00923
     ]
    ]
   },
   "properties": {
    "elevation": 0.0
   }
  },
  {
   "type": "Feature",
   "geometry": {
    "type": "LineString",
    "coordinates": [
     [
      8.661013,
      9.73276
     ],
     [
      8.714746,
      9.723187
     ],
     [
      8.767709,
      9.709939
     ],
     [
      8.820121,
      9.694644
     ],
     [
      8.872113,
      9.677972
     ],
     [
      8.923765,
      9.660275
     ],
     [
      8.975129,
      9.641758
     ],
     [
      9.026241,
      9.622556
     ],
     [
      9.077126,
      9.602759
     ],
     [
      9.127802,
      9.582432
     ],
     [
      9.178279,
      9.561619
     ],
     [
      9.228568,
      9.540353
     ],
     [
      9.278671,
      9.518654
     ],
     [
      9.328592,
      9.496538
     ],
     [
      9.378329,
      9.474013
     ],
     [
      9.427879,
      9.451079
     ],
     [
      9.477237,
      9.427733
     ],
     [
      9.526392,
      9.403965
     ],
     [
      9.575335,
      9.379761
     ],
     [
      9.624048,
      9.355099
     ],
     [
      9.672511,
      9.329949
     ],
     [
      9.720696,
      9.304272
     ],
     [
      9.768425,
      9.27776
     ],
     [
      9.815355,
      9.249855
     ],
     [
      9.861768,
      9.221098
     ],
     [
      9.907823,
      9.19177
     ],
     [
      9.953605,
      9.162017
     ],
     [
      9.999165,
      9.131926
     ],
     [
      10.044538,
      9.101553
     ],
     [
      10.089746,
      9.070936
     ],
     [
      10.134806,
      9.040102
     ],
     [
      10.17973,
      9.009069
     ],
     [
      10.224526,
      8.977851
     ],
     [
      10.269199,
      8.946458
     ],
     [
      10.313752,
      8.914896
     ],
     [
      10.358188,
      8.883167
     ],
     [
      10.402504,
      8.851273
     ],
     [
      10.4467,
      8.819211
     ],
     [
      10.49077,
      8.786978
     ],
     [
      10.53471,
      8.754566
     ],
     [
      10.57851,
      8.721966
     ],
     [
      10.622158,
      8.689163
     ],
     [
      10.665639,
      8.656139
     ],
     [
      10.708932,
      8.622869
     ],
     [
      10.752008,
      8.589318
     ],
     [
      10.794825,
      8.555437
     ],
     [
      10.837946,
      8.521946
     ],
     [
      10.881624,
      8.489184
     ],
     [
      10.926059,
      8.457459
     ],
     [
      10.963995,
      8.440526
     ],
     [
      10.925203,
      8.478858
     ],
     [
      10.883534,
      8.514136
     ],
     [
      10.840708,
      8.548002
     ],
     [
      10.797517,
      8.581404
     ],
     [
      10.754272,
      8.614737
     ],
     [
      10.710927,
      8.64794
     ],
     [
      10.667478,
      8.681006
     ],
     [
      10.623922,
      8.713932
     ],
     [
      10.580256,
      8.746711
     ],
     [
      10.536476,
      8.779337
     ],
     [
      10.492577,
      8.811804
     ],
     [
      10.448555,
      8.844104
     ],
     [
      10.404406,
      8.876229
     ],
     [
      10.360122,
      8.908169
     ],
     [
      10.315698,
      8.939914
     ],
     [
      10.271127,
      8.971451
     ],
     [
      10.226401,
      9.002769
     ],
     [
      10.181511,
      9.03385
     ],
     [
      10.136446,
      9.064679
     ],
     [
      10.091196,
      9.095233
     ],
     [
      10.045746,
      9.125491
     ],
     [
      10.000081,
      9.155423
     ],
     [
      9.954184,
      9.184996
     ],
     [
      9.908031,
      9.21417
     ],
     [
      9.861598,
      9.242896
     ],
     [
      9.814854,
      9.271111
     ],
     [
      9.767759,
      9.298738
     ],
     [
      9.720265,
      9.325673
     ],
     [
      9.67231,
      9.351777
     ],
     [
      9.623812,
      9.376857
     ],
     [
      9.574952,
      9.401227
     ],
     [
      9.526124,
      9.42566
     ],
     [
      9.477316,
      9.450136
     ],
     [
      9.428567,
      9.474726
     ],
     [
      9.380237,
      9.500121
     ],
     [
      9.331348,
      9.524422
     ],
     [
      9.281595,
      9.546908
     ],
     [
      9.231328,
      9.568224
     ],
     [
      9.1807,
      9.588668
     ],
     [
      9.129788,
      9.608395
     ],
     [
      9.078636,
      9.627488
     ],
     [
      9.027264,
      9.645986
     ],
     [
      8.975683,
      9.663888
     ],
     [
      8.923885,
      9.681156
     ],
     [
      8.87185,
      9.697694
     ],
     [
      8.819533,
      9.713316
     ],
     [
      8.766839,
      9.727607
     ],
     [
      8.713536,
      9.739389
     ],
     [
      8.659219,
      9.741653
     ],
     [
      8.661013,
      9.73276
     ]
    ]
   },
   "properties": {
    "elevation": 0.0
   }
  },
  {
   "type": "Feature",
   "geometry": {
    "type": "LineString",
    "coordinates": [
     [
      14.216008,
      9.659376
     ],
     [
      14.345938,
      9.636511
     ],
     [
      14.473997,
      9.604709
     ],
     [
      14.600201,
      9.566182
     ],
     [
      14.724279,
      9.521286
     ],
     [
      14.845569,
      9.469334
     ],
     [
      14.965398,
      9.415051
     ],
     [
      15.081769,
      9.352913
     ],
     [
      15.204803,
      9.305667
     ],
     [
      15.331481,
      9.268681
     ],
     [
      15.458481,
      9.232845
     ],
     [
      15.586575,
      9.20112
     ],
     [
      15.715457,
      9.17277
     ],
     [
      15.844197,
      9.143768
     ],
     [
      15.972626,
      9.113415
     ],
     [
      16.100741,
      9.081769
     ],
     [
      16.228506,
      9.048733
     ],
     [
      16.355804,
      9.013947
     ],
     [
      16.482262,
      8.976237
     ],
     [
      16.605742,
      8.929985
     ],
     [
      16.732567,
      8.893579
     ],
     [
      16.860703,
      8.862031
     ],
     [
      16.989725,
      8.834343
     ],
     [
      17.119912,
      8.812831
     ],
     [
      17.249091,
      8.785922
     ],
     [
      17.377248,
      8.754448
     ],
     [
      17.504906,
      8.721005
     ],
     [
      17.631085,
      8.682636
     ],
     [
      17.753811,
      8.634165
     ],
     [
      17.879525,
      8.594608
     ],
     [
      18.009064,
      8.569479
     ],
     [
      18.139155,
      8.547309
     ],
     [
      18.269405,
      8.526093
     ],
     [
      18.399831,
      8.505987
     ],
     [
      18.530648,
      8.488644
     ],
     [
      18.661948,
      8.475435
     ],
     [
      18.793459,
      8.464482
     ],
     [
      18.925078,
      8.454899
     ],
     [
      19.05668,
      8.445096
     ],
     [
      19.188206,
      8.434329
     ],
     [
      19.317529,
      8.411118
     ],
     [
      19.448468,
      8.395617
     ],
     [
      19.58019,
      8.387687
     ],
     [
      19.710043,
      8.365631
     ],
     [
      19.819877,
      8.296146
     ],
     [
      19.87569,
      8.177567
     ],
     [
      19.879369,
      8.054387
     ],
     [
      19.821199,
      7.935932
     ],
     [
      19.764316,
      7.816867
     ],
     [
      19.744094,
      7.729607
     ],
     [
      19.807615,
      7.845182
     ],
     [
      19.863146,
      7.964893
     ],
     [
      19.908189,
      8.088618
     ],
     [
      19.887508,
      8.217158
     ],
     [
      19.814804,
      8.32645
     ],
     [
      19.700776,
      8.387499
     ],
     [
      19.571746,
      8.415117
     ],
     [
      19.441814,
      8.438181
     ],
     [
      19.3112,
      8.456954
     ],
     [
      19.179572,
      8.460963
     ],
     [
      19.047789,
      8.467841
     ],
     [
      18.916138,
      8.476967
     ],
     [
      18.784572,
      8.487243
     ],
     [
      18.65309,
      8.498542
     ],
     [
      18.521736,
      8.511227
     ],
     [
      18.391015,
      8.528911
     ],
     [
      18.260945,
      8.551188
     ],
     [
      18.130409,
      8.570535
     ],
     [
      18.000668,
      8.59461
     ],
     [
      17.872139,
      8.624486
     ],
     [
      17.745515,
      8.661548
     ],
     [
      17.621226,
      8.705821
     ],
     [
      17.494846,
      8.743793
     ],
     [
      17.367603,
      8.778778
     ],
     [
      17.239663,
      8.811116
     ],
     [
      17.110518,
      8.83809
     ],
     [
      16.980118,
      8.857176
     ],
     [
      16.851561,
      8.886951
     ],
     [
      16.723881,
      8.9203
     ],
     [
      16.597021,
      8.956644
     ],
     [
      16.471319,
      8.996803
     ],
     [
      16.345231,
      9.03574
     ],
     [
      16.218223,
      9.071569
     ],
     [
      16.090527,
      9.104861
     ],
     [
      15.962288,
      9.136003
     ],
     [
      15.833609,
      9.165273
     ],
     [
      15.704887,
      9.194353
     ],
     [
      15.576528,
      9.224997
     ],
     [
      15.448768,
      9.258041
     ],
     [
      15.322012,
      9.294734
     ],
     [
      15.19691,
      9.336702
     ],
     [
      15.074274,
      9.385391
     ],
     [
      14.954491,
      9.440747
     ],
     [
      14.834696,
      9.4961
     ],
     [
      14.713731,
      9.548842
     ],
     [
      14.588996,
      9.591745
     ],
     [
      14.461797,
      9.626856
     ],
     [
      14.333145,
      9.656187
     ],
     [
      14.202625,
      9.67473
     ],
     [
      14.216008,
      9.659376
     ]
    ]
   },
   "properties": {
    "elevation": 0.0
   }
  },
  {
   "type": "Feature",
   "geometry": {
    "type": "LineString",
    "coordinates": [
     [
      27.25446,
      9.505782
     ],
     [
      27.254508,
      9.504536
     ],
     [
      27.254649,
      9.503298
     ],
     [
      27.25488,
      9.502073
     ],
     [
      27.255196,
      9.500867
     ],
     [
      27.255595,
      9.499686
     ],
     [
      27.256072,
      9.498534
     ],
     [
      27.256624,
      9.497417
     ],
     [
      27.25725,
      9.496339
     ],
     [
      27.257945,
      9.495304
     ],
     [
      27.25871,
      9.49432
     ],
     [
      27.25954,
      9.49339
     ],
     [
      27.260435,
      9.492522
     ],
     [
      27.261392,
      9.491723
     ],
     [
      27.262407,
      9.491
     ],
     [
      27.263478,
      9.490362
     ],
     [
      27.264599,
      9.489816
     ],
     [
      27.265763,
      9.489373
     ],
     [
      27.266964,
      9.489039
     ],
     [
      27.268191,
      9.48882
     ],
     [
      27.269434,
      9.488722
     ],
     [
      27.27068,
      9.488736
     ],
     [
      27.271923,
      9.488831
     ],
     [
      27.273158,
      9.488999
     ],
     [
      27.274383,
      9.489234
     ],
     [
      27.275594,
      9.48953
     ],
     [
      27.27679,
      9.489882
     ],
     [
      27.27797,
      9.490285
     ],
     [
      27.279132,
      9.490735
     ],
     [
      27.280277,
      9.491229
     ],
     [
      27.281403,
      9.491763
     ],
     [
      27.282511,
      9.492336
     ],
     [
      27.283599,
      9.492945
     ],
     [
      27.284667,
      9.493587
     ],
     [
      27.285715,
      9.494262
     ],
     [
      27.286743,
      9.494969
     ],
     [
      27.287749,
      9.495705
     ],
     [
      27.288734,
      9.49647
     ],
     [
      27.289695,
      9.497264
     ],
     [
      27.290633,
      9.498085
     ],
     [
      27.291545,
      9.498935
     ],
     [
      27.292431,
      9.499812
     ],
     [
      27.293289,
      9.500717
     ],
     [
      27.294117,
      9.501649
     ],
     [
      27.294911,
      9.502611
     ],
     [
      27.295668,
      9.503601
     ],
     [
      27.296386,
      9.50462
     ],
     [
      27.297057,
      9.505671
     ],
     [
      27.297597,
      9.506794
     ],
     [
      27.298052,
      9.507954
     ],
     [
      27.298417,
      9.509146
     ],
     [
      27.298677,
      9.510365
     ],
     [
      27.298811,
      9.511604
     ],
     [
      27.298799,
      9.51285
     ],
     [
      27.298625,
      9.514084
     ],
     [
      27.298277,
      9.51528
     ],
     [
      27.297755,
      9.516411
     ],
     [
      27.297074,
      9.517454
     ],
     [
      27.296256,
      9.518393
     ],
     [
      27.295325,
      9.519222
     ],
     [
      27.294309,
      9.519943
     ],
     [
      27.293227,
      9.520562
     ],
     [
      27.292096,
      9.521087
     ],
     [
      27.29093,
      9.521527
     ],
     [
      27.289738,
      9.521891
     ],
     [
      27.288526,
      9.522187
     ],
     [
      27.287302,
      9.522421
     ],
     [
      27.286068,
      9.522599
     ],
     [
      27.284828,
      9.522726
     ],
     [
      27.283584,
      9.522806
     ],
     [
      27.282337,
      9.522844
     ],
     [
      27.281091,
      9.522844
     ],
     [
      27.279844,
      9.522812
     ],
     [
      27.278599,
      9.522749
     ],
     [
      27.277356,
      9.522655
     ],
     [
      27.276116,
      9.522527
     ],
     [
      27.274879,
      9.522366
     ],
     [
      27.273648,
      9.522169
     ],
     [
      27.272423,
      9.521937
     ],
     [
      27.271206,
      9.521667
     ],
     [
      27.269998,
      9.521357
     ],
     [
      27.268802,
      9.521008
     ],
     [
      27.267618,
      9.520615
     ],
     [
      27.266451,
      9.520178
     ],
     [
      27.265302,
      9.519694
     ],
     [
      27.264174,
      9.519161
     ],
     [
      27.263073,
      9.518577
     ],
     [
      27.262003,
      9.517938
     ],
     [
      27.260968,
      9.517242
     ],
     [
      27.259977,
      9.516486
     ],
     [
      27.259036,
      9.515669
     ],
     [
      27.258154,
      9.514788
     ],
     [
      27.257341,
      9.513843
     ],
     [
      27.256609,
      9.512834
     ],
     [
      27.255969,
      9.511765
     ],
     [
      27.255432,
      9.51064
     ],
     [
      27.255007,
      9.509468
     ],
     [
      27.254702,
      9.50826
     ],
     [
      27.25452,
      9.507027
     ],
     [
      27.25446,
      9.505782
     ]
    ]
   },
   "properties": {
    "elevation": 0.0
   }
  },
  {
   "type": "Feature",
   "geometry": {
    "type": "LineString",
    "coordinates": [
     [
      24.745752,
      9.123503
     ],
     [
      24.744951,
      9.121298
     ],
     [
      24.744153,
      9.119092
     ],
     [
      24.743356,
      9.116886
     ],
     [
      24.742563,
      9.114678
     ],
     [
      24.741772,
      9.112469
     ],
     [
      24.740986,
      9.110259
     ],
     [
      24.740204,
      9.108047
     ],
     [
      24.739427,
      9.105834
     ],
     [
      24.738656,
      9.103618
     ],
     [
      24.737893,
      9.1014
     ],
     [
      24.737138,
      9.099179
     ],
     [
      24.736393,
      9.096954
     ],
     [
      24.73566,
      9.094726
     ],
     [
      24.734941,
      9.092493
     ],
     [
      24.73424,
      9.090254
     ],
     [
      24.73356,
      9.088009
     ],
     [
      24.732906,
      9.085756
     ],
     [
      24.732284,
      9.083494
     ],
     [
      24.731705,
      9.081221
     ],
     [
      24.73118,
      9.078934
     ],
     [
      24.73073,
      9.076632
     ],
     [
      24.730383,
      9.074312
     ],
     [
      24.73019,
      9.071975
     ],
     [
      24.730237,
      9.069631
     ],
     [
      24.730682,
      9.067333
     ],
     [
      24.731756,
      9.065261
     ],
     [
      24.733523,
      9.063739
     ],
     [
      24.735686,
      9.062848
     ],
     [
      24.737983,
      9.062382
     ],
     [
      24.740318,
      9.06216
     ],
     [
      24.742662,
      9.062076
     ],
     [
      24.745003,
      9.062152
     ],
     [
      24.747198,
      9.062952
     ],
     [
      24.749135,
      9.064269
     ],
     [
      24.750854,
      9.065863
     ],
     [
      24.752409,
      9.067619
     ],
     [
      24.753838,
      9.069479
     ],
     [
      24.755167,
      9.071412
     ],
     [
      24.756415,
      9.073398
     ],
     [
      24.757595,
      9.075426
     ],
     [
      24.758716,
      9.077486
     ],
     [
      24.759786,
      9.079574
     ],
     [
      24.76081,
      9.081684
     ],
     [
      24.761794,
      9.083814
     ],
     [
      24.762739,
      9.085961
     ],
     [
      24.763651,
      9.088123
     ],
     [
      24.764529,
      9.090298
     ],
     [
      24.765377,
      9.092485
     ],
     [
      24.766196,
      9.094683
     ],
     [
      24.766987,
      9.096892
     ],
     [
      24.767751,
      9.09911
     ],
     [
      24.768488,
      9.101337
     ],
     [
      24.7692,
      9.103572
     ],
     [
      24.769886,
      9.105816
     ],
     [
      24.770547,
      9.108067
     ],
     [
      24.771182,
      9.110325
     ],
     [
      24.771792,
      9.11259
     ],
     [
      24.772376,
      9.114862
     ],
     [
      24.772933,
      9.117141
     ],
     [
      24.773462,
      9.119426
     ],
     [
      24.773963,
      9.121718
     ],
     [
      24.774435,
      9.124016
     ],
     [
      24.774875,
      9.12632
     ],
     [
      24.775282,
      9.128631
     ],
     [
      24.775654,
      9.130947
     ],
     [
      24.775987,
      9.133269
     ],
     [
      24.776279,
      9.135597
     ],
     [
      24.776524,
      9.13793
     ],
     [
      24.776717,
      9.140268
     ],
     [
      24.776851,
      9.14261
     ],
     [
      24.776917,
      9.144955
     ],
     [
      24.776903,
      9.1473
     ],
     [
      24.776792,
      9.149643
     ],
     [
      24.77656,
      9.151977
     ],
     [
      24.776173,
      9.154291
     ],
     [
      24.775579,
      9.156559
     ],
     [
      24.774695,
      9.158729
     ],
     [
      24.773402,
      9.16068
     ],
     [
      24.77131,
      9.161517
     ],
     [
      24.769085,
      9.160834
     ],
     [
      24.767139,
      9.15953
     ],
     [
      24.765398,
      9.157959
     ],
     [
      24.763798,
      9.156244
     ],
     [
      24.762303,
      9.154436
     ],
     [
      24.760891,
      9.152563
     ],
     [
      24.759547,
      9.150641
     ],
     [
      24.758261,
      9.148679
     ],
     [
      24.757025,
      9.146685
     ],
     [
      24.755834,
      9.144664
     ],
     [
      24.754683,
      9.14262
     ],
     [
      24.753569,
      9.140555
     ],
     [
      24.75249,
      9.138472
     ],
     [
      24.751443,
      9.136373
     ],
     [
      24.750426,
      9.134259
     ],
     [
      24.749438,
      9.132131
     ],
     [
      24.748478,
      9.129991
     ],
     [
      24.747544,
      9.127839
     ],
     [
      24.746636,
      9.125676
     ],
     [
      24.745752,
      9.123503
     ]
    ]
   },
   "properties": {
    "elevation": 0.0
   }
  },
  {
   "type": "Feature",
   "geometry": {
    "type": "LineString",
    "coordinates": [
     [
      26.623016,
      9.147395
     ],
     [
      26.6231,
      9.146154
     ],
     [
      26.623342,
      9.144933
     ],
     [
      26.623728,
      9.14375
     ],
     [
      26.624239,
      9.142614
     ],
     [
      26.624857,
      9.141534
     ],
     [
      26.625566,
      9.14051
     ],
     [
      26.626352,
      9.139545
     ],
     [
      26.627204,
      9.138636
     ],
     [
      26.628111,
      9.137784
     ],
     [
      26.629067,
      9.136985
     ],
     [
      26.630063,
      9.136238
     ],
     [
      26.631096,
      9.135542
     ],
     [
      26.632159,
      9.134895
     ],
     [
      26.63325,
      9.134294
     ],
     [
      26.634365,
      9.13374
     ],
     [
      26.635502,
      9.133231
     ],
     [
      26.636657,
      9.132765
     ],
     [
      26.637828,
      9.132342
     ],
     [
      26.639014,
      9.131961
     ],
     [
      26.640212,
      9.131621
     ],
     [
      26.641421,
      9.131322
     ],
     [
      26.642639,
      9.131063
     ],
     [
      26.643865,
      9.130844
     ],
     [
      26.645097,
      9.130664
     ],
     [
      26.646334,
      9.130523
     ],
     [
      26.647575,
      9.130421
     ],
     [
      26.648819,
      9.130357
     ],
     [
      26.650064,
      9.13033
     ],
     [
      26.651309,
      9.130344
     ],
     [
      26.652553,
      9.130408
     ],
     [
      26.653793,
      9.130525
     ],
     [
      26.655026,
      9.130698
     ],
     [
      26.656249,
      9.130932
     ],
     [
      26.657458,
      9.13123
     ],
     [
      26.658648,
      9.131597
     ],
     [
      26.659812,
      9.132038
     ],
     [
      26.660944,
      9.132558
     ],
     [
      26.662033,
      9.133162
     ],
     [
      26.663067,
      9.133854
     ],
     [
      26.664033,
      9.134639
     ],
     [
      26.664914,
      9.135518
     ],
     [
      26.665691,
      9.136491
     ],
     [
      26.666341,
      9.137552
     ],
     [
      26.666846,
      9.13869
     ],
     [
      26.667189,
      9.139886
     ],
     [
      26.667361,
      9.141118
     ],
     [
      26.667359,
      9.142363
     ],
     [
      26.667194,
      9.143596
     ],
     [
      26.666878,
      9.1448
     ],
     [
      26.666431,
      9.145962
     ],
     [
      26.665869,
      9.147073
     ],
     [
      26.665278,
      9.148169
     ],
     [
      26.664659,
      9.149249
     ],
     [
      26.663991,
      9.1503
     ],
     [
      26.663276,
      9.151319
     ],
     [
      26.662518,
      9.152308
     ],
     [
      26.661719,
      9.153263
     ],
     [
      26.660882,
      9.154185
     ],
     [
      26.660009,
      9.155073
     ],
     [
      26.659103,
      9.155927
     ],
     [
      26.658164,
      9.156745
     ],
     [
      26.657196,
      9.157528
     ],
     [
      26.656199,
      9.158275
     ],
     [
      26.655176,
      9.158985
     ],
     [
      26.654128,
      9.159658
     ],
     [
      26.653057,
      9.160293
     ],
     [
      26.651964,
      9.160889
     ],
     [
      26.650849,
      9.161445
     ],
     [
      26.649715,
      9.16196
     ],
     [
      26.648563,
      9.162432
     ],
     [
      26.647394,
      9.162861
     ],
     [
      26.646209,
      9.163245
     ],
     [
      26.64501,
      9.16358
     ],
     [
      26.643798,
      9.163866
     ],
     [
      26.642575,
      9.1641
     ],
     [
      26.641343,
      9.164278
     ],
     [
      26.640103,
      9.164398
     ],
     [
      26.638859,
      9.164456
     ],
     [
      26.637614,
      9.164443
     ],
     [
      26.636374,
      9.164333
     ],
     [
      26.635147,
      9.164123
     ],
     [
      26.633942,
      9.163811
     ],
     [
      26.632767,
      9.163398
     ],
     [
      26.631632,
      9.162886
     ],
     [
      26.630546,
      9.162278
     ],
     [
      26.629515,
      9.161579
     ],
     [
      26.628548,
      9.160795
     ],
     [
      26.627651,
      9.159932
     ],
     [
      26.626828,
      9.158998
     ],
     [
      26.626083,
      9.158
     ],
     [
      26.625419,
      9.156947
     ],
     [
      26.624838,
      9.155846
     ],
     [
      26.62434,
      9.154705
     ],
     [
      26.623924,
      9.153531
     ],
     [
      26.623589,
      9.152332
     ],
     [
      26.623334,
      9.151113
     ],
     [
      26.623155,
      9.149881
     ],
     [
      26.62305,
      9.14864
     ],
     [
      26.623016,
      9.147395
     ]
    ]
   },
   "properties": {
    "elevation": 0.0
   }
  },
  {
   "type": "Feature",
   "geometry": {
    "type": "LineString",
    "coordinates": [
     [
      3.520723,
      8.964789
     ],
     [
      3.461333,
      8.802747
     ],
     [
      3.40682,
      8.638976
     ],
     [
      3.355147,
      8.474288
     ],
     [
      3.307734,
      8.308331
     ],
     [
      3.260332,
      8.142364
     ],
     [
      3.21027,
      7.977178
     ],
     [
      3.158398,
      7.812551
     ],
     [
      3.104847,
      7.648462
     ],
     [
      3.049237,
      7.48506
     ],
     [
      2.99056,
      7.322736
     ],
     [
      2.933048,
      7.159994
     ],
     [
      2.879927,
      6.995775
     ],
     [
      2.834934,
      6.829165
     ],
     [
      2.802521,
      6.659679
     ],
     [
      2.783207,
      6.488187
     ],
     [
      2.77317,
      6.315889
     ],
     [
      2.772389,
      6.143314
     ],
     [
      2.785408,
      5.971263
     ],
     [
      2.816204,
      5.801514
     ],
     [
      2.86324,
      5.635475
     ],
     [
      2.905009,
      5.468029
     ],
     [
      2.93621,
      5.298297
     ],
     [
      2.952344,
      5.126563
     ],
     [
      2.96491,
      4.954546
     ],
     [
      2.994089,
      4.784464
     ],
     [
      3.036202,
      4.617128
     ],
     [
      3.089981,
      4.453129
     ],
     [
      3.137048,
      4.287074
     ],
     [
      3.179014,
      4.119651
     ],
     [
      3.21743,
      3.951376
     ],
     [
      3.25308,
      3.782492
     ],
     [
      3.286406,
      3.613134
     ],
     [
      3.317671,
      3.443383
     ],
     [
      3.347024,
      3.273291
     ],
     [
      3.374534,
      3.102892
     ],
     [
      3.400207,
      2.932206
     ],
     [
      3.423991,
      2.761246
     ],
     [
      3.445768,
      2.59002
     ],
     [
      3.466281,
      2.418636
     ],
     [
      3.487947,
      2.247395
     ],
     [
      3.511032,
      2.076339
     ],
     [
      3.536227,
      1.905583
     ],
     [
      3.571184,
      1.737032
     ],
     [
      3.730801,
      1.692821
     ],
     [
      3.90263,
      1.708443
     ],
     [
      4.072793,
      1.737188
     ],
     [
      4.239757,
      1.780534
     ],
     [
      4.401684,
      1.840229
     ],
     [
      4.559062,
      1.910898
     ],
     [
      4.443882,
      1.875326
     ],
     [
      4.282198,
      1.815197
     ],
     [
      4.115626,
      1.7701
     ],
     [
      3.94636,
      1.736475
     ],
     [
      3.774999,
      1.716368
     ],
     [
      3.605286,
      1.73368
     ],
     [
      3.558698,
      1.897196
     ],
     [
      3.531568,
      2.067652
     ],
     [
      3.507619,
      2.238588
     ],
     [
      3.485555,
      2.409779
     ],
     [
      3.464914,
      2.581146
     ],
     [
      3.443687,
      2.752442
     ],
     [
      3.420316,
      2.923458
     ],
     [
      3.394956,
      3.094191
     ],
     [
      3.367687,
      3.264629
     ],
     [
      3.338524,
      3.434754
     ],
     [
      3.30741,
      3.604532
     ],
     [
      3.274208,
      3.773915
     ],
     [
      3.238662,
      3.94282
     ],
     [
      3.200324,
      4.111113
     ],
     [
      3.158389,
      4.278544
     ],
     [
      3.11121,
      4.444566
     ],
     [
      3.058038,
      4.608756
     ],
     [
      3.017035,
      4.776386
     ],
     [
      2.986249,
      4.9462
     ],
     [
      2.96952,
      5.117872
     ],
     [
      2.955729,
      5.289794
     ],
     [
      2.926123,
      5.459807
     ],
     [
      2.883061,
      5.626878
     ],
     [
      2.838665,
      5.793553
     ],
     [
      2.808255,
      5.963422
     ],
     [
      2.790249,
      6.135022
     ],
     [
      2.790907,
      6.307567
     ],
     [
      2.80088,
      6.479877
     ],
     [
      2.81812,
      6.651595
     ],
     [
      2.849937,
      6.821164
     ],
     [
      2.897299,
      6.987107
     ],
     [
      2.952512,
      7.150639
     ],
     [
      3.009773,
      7.313471
     ],
     [
      3.065761,
      7.476745
     ],
     [
      3.12043,
      7.640465
     ],
     [
      3.173776,
      7.804621
     ],
     [
      3.22566,
      7.969245
     ],
     [
      3.275715,
      8.134433
     ],
     [
      3.323005,
      8.300432
     ],
     [
      3.370928,
      8.46625
     ],
     [
      3.421681,
      8.631225
     ],
     [
      3.475179,
      8.795329
     ],
     [
      3.533841,
      8.957635
     ],
     [
      3.520723,
      8.964789
     ]
    ]
   },
   "properties": {
    "elevation": 0.0
   }
  },
  {
   "type": "Feature",
   "geometry": {
    "type": "LineString",
    "coordinates": [
     [
      7.201867,
      8.959669
     ],
     [
      7.113504,
      8.925303
     ],
     [
      7.024988,
      8.891332
     ],
     [
      6.936687,
      8.85682
     ],
     [
      6.851214,
      8.815863
     ],
     [
      6.769498,
      8.767833
     ],
     [
      6.691706,
      8.713672
     ],
     [
      6.618002,
      8.654063
     ],
     [
      6.548599,
      8.589497
     ],
     [
      6.483793,
      8.520318
     ],
     [
      6.423999,
      8.446765
     ],
     [
      6.369793,
      8.369006
     ],
     [
      6.321962,
      8.287177
     ],
     [
      6.281644,
      8.201407
     ],
     [
      6.270086,
      8.131346
     ],
     [
      6.3134,
      8.215485
     ],
     [
      6.35506,
      8.300603
     ],
     [
      6.404575,
      8.381424
     ],
     [
      6.460397,
      8.458031
     ],
     [
      6.521941,
      8.53012
     ],
     [
      6.589249,
      8.596849
     ],
     [
      6.661886,
      8.657766
     ],
     [
      6.734565,
      8.718646
     ],
     [
      6.812429,
      8.771144
     ],
     [
      6.898393,
      8.811128
     ],
     [
      6.985163,
      8.849335
     ],
     [
      7.072927,
      8.885126
     ],
     [
      7.162889,
      8.915054
     ],
     [
      7.253355,
      8.94342
     ],
     [
      7.338688,
      8.937105
     ],
     [
      7.423908,
      8.898051
     ],
     [
      7.518411,
      8.891615
     ],
     [
      7.613211,
      8.890499
     ],
     [
      7.707185,
      8.879459
     ],
     [
      7.793518,
      8.840874
     ],
     [
      7.883003,
      8.809635
     ],
     [
      7.974666,
      8.785478
     ],
     [
      8.065797,
      8.759417
     ],
     [
      8.14999,
      8.716746
     ],
     [
      8.223079,
      8.656461
     ],
     [
      8.302674,
      8.604993
     ],
     [
      8.384859,
      8.557728
     ],
     [
      8.468185,
      8.512498
     ],
     [
      8.552148,
      8.468461
     ],
     [
      8.636512,
      8.425198
     ],
     [
      8.721151,
      8.382473
     ],
     [
      8.805985,
      8.340138
     ],
     [
      8.890694,
      8.297554
     ],
     [
      8.97484,
      8.253867
     ],
     [
      9.058085,
      8.208493
     ],
     [
      9.13955,
      8.160011
     ],
     [
      9.215323,
      8.10329
     ],
     [
      9.288048,
      8.042493
     ],
     [
      9.363982,
      7.985738
     ],
     [
      9.442321,
      7.932348
     ],
     [
      9.516003,
      7.872751
     ],
     [
      9.583041,
      7.805767
     ],
     [
      9.642738,
      7.732165
     ],
     [
      9.69459,
      7.652837
     ],
     [
      9.738297,
      7.568744
     ],
     [
      9.773754,
      7.48085
     ],
     [
      9.801032,
      7.390081
     ],
     [
      9.827829,
      7.299153
     ],
     [
      9.864165,
      7.254894
     ],
     [
      9.845498,
      7.347709
     ],
     [
      9.81897,
      7.438725
     ],
     [
      9.788576,
      7.528524
     ],
     [
      9.751692,
      7.615783
     ],
     [
      9.701518,
      7.696162
     ],
     [
      9.643547,
      7.77115
     ],
     [
      9.580006,
      7.841492
     ],
     [
      9.511753,
      7.907273
     ],
     [
      9.438963,
      7.967988
     ],
     [
      9.362281,
      8.023735
     ],
     [
      9.287561,
      8.082075
     ],
     [
      9.21837,
      8.146647
     ],
     [
      9.139735,
      8.199526
     ],
     [
      9.057712,
      8.247066
     ],
     [
      8.974261,
      8.292064
     ],
     [
      8.889928,
      8.335386
     ],
     [
      8.804955,
      8.37744
     ],
     [
      8.71955,
      8.418611
     ],
     [
      8.634525,
      8.46056
     ],
     [
      8.550093,
      8.503692
     ],
     [
      8.466316,
      8.548081
     ],
     [
      8.383333,
      8.593935
     ],
     [
      8.301458,
      8.641736
     ],
     [
      8.221625,
      8.692855
     ],
     [
      8.145539,
      8.749161
     ],
     [
      8.059714,
      8.789278
     ],
     [
      7.969975,
      8.819762
     ],
     [
      7.880179,
      8.850164
     ],
     [
      7.792066,
      8.885118
     ],
     [
      7.703491,
      8.917627
     ],
     [
      7.609067,
      8.925125
     ],
     [
      7.514274,
      8.9266
     ],
     [
      7.419871,
      8.93487
     ],
     [
      7.384228,
      8.972076
     ],
     [
      7.292009,
      8.988739
     ],
     [
      7.201867,
      8.959669
     ]
    ]
   },
   "properties": {
    "elevation": 0.0
   }
  },
  {
   "type": "Feature",
   "geometry": {
    "type": "LineString",
    "coordinates": [
     [
      29.916761,
      8.809488
     ],
     [
      29.761665,
      8.62175
     ],
     [
      29.630746,
      8.417186
     ],
     [
      29.432114,
      8.275322
     ],
     [
      29.273162,
      8.089052
     ],
     [
      29.131168,
      7.889283
     ],
     [
      28.975192,
      7.700313
     ],
     [
      28.804357,
      7.524715
     ],
     [
      28.647959,
      7.336
     ],
     [
      28.478831,
      7.158778
     ],
     [
      28.290967,
      7.00142
     ],
     [
      28.110399,
      6.835758
     ],
     [
      27.940833,
      6.658786
     ],
     [
      27.77826,
      6.47535
     ],
     [
      27.620333,
      6.287892
     ],
     [
      27.465622,
      6.097768
     ],
     [
      27.31201,
      5.906763
     ],
     [
      27.154804,
      5.718695
     ],
     [
      26.995504,
      5.532402
     ],
     [
      26.835624,
      5.346602
     ],
     [
      26.676039,
      5.16055
     ],
     [
      26.514147,
      4.976502
     ],
     [
      26.350444,
      4.794061
     ],
     [
      26.185103,
      4.613104
     ],
     [
      26.017801,
      4.43396
     ],
     [
      25.847857,
      4.25733
     ],
     [
      25.692232,
      4.068059
     ],
     [
      25.54887,
      3.86926
     ],
     [
      25.412854,
      3.665352
     ],
     [
      25.282187,
      3.457971
     ],
     [
      25.155848,
      3.247923
     ],
     [
      25.030301,
      3.037412
     ],
     [
      24.897337,
      2.831498
     ],
     [
      24.760153,
      2.628366
     ],
     [
      24.620014,
      2.42726
     ],
     [
      24.477194,
      2.228049
     ],
     [
      24.331239,
      2.031126
     ],
     [
      24.179846,
      1.838371
     ],
     [
      24.034732,
      1.662205
     ],
     [
      23.872813,
      1.478265
     ],
     [
      23.693876,
      1.314008
     ],
     [
      23.550388,
      1.115632
     ],
     [
      23.427591,
      0.903615
     ],
     [
      23.270636,
      0.715932
     ],
     [
      23.078956,
      0.563737
     ],
     [
      22.883441,
      0.4171
     ],
     [
      22.726485,
      0.252943
     ],
     [
      22.619069,
      0.128713
     ],
     [
      22.442148,
      0.121946
     ],
     [
      22.401777,
      0.038457
     ],
     [
      22.630778,
      0.093321
     ],
     [
      22.77549,
      0.104545
     ],
     [
      22.783632,
      0.234827
     ],
     [
      22.945217,
      0.418631
     ],
     [
      23.138715,
      0.567681
     ],
     [
      23.323072,
      0.727641
     ],
     [
      23.474865,
      0.919764
     ],
     [
      23.593143,
      1.134287
     ],
     [
      23.754034,
      1.317671
     ],
     [
      23.914623,
      1.469563
     ],
     [
      24.062784,
      1.642619
     ],
     [
      24.216454,
      1.833557
     ],
     [
      24.373415,
      2.021531
     ],
     [
      24.515747,
      2.221081
     ],
     [
      24.654258,
      2.423313
     ],
     [
      24.790937,
      2.626788
     ],
     [
      24.926431,
      2.831054
     ],
     [
      25.059908,
      3.036642
     ],
     [
      25.190134,
      3.244303
     ],
     [
      25.31732,
      3.453843
     ],
     [
      25.450023,
      3.659882
     ],
     [
      25.58613,
      3.863741
     ],
     [
      25.727964,
      4.063612
     ],
     [
      25.885341,
      4.251444
     ],
     [
      26.052743,
      4.430486
     ],
     [
      26.221736,
      4.608037
     ],
     [
      26.388663,
      4.78753
     ],
     [
      26.552829,
      4.969551
     ],
     [
      26.714214,
      5.154044
     ],
     [
      26.873464,
      5.340383
     ],
     [
      27.031961,
      5.527364
     ],
     [
      27.191906,
      5.713105
     ],
     [
      27.347706,
      5.902337
     ],
     [
      27.502103,
      6.092718
     ],
     [
      27.656707,
      6.282931
     ],
     [
      27.81639,
      6.468793
     ],
     [
      27.981828,
      6.649656
     ],
     [
      28.144644,
      6.832828
     ],
     [
      28.33014,
      6.992687
     ],
     [
      28.510935,
      7.158033
     ],
     [
      28.67919,
      7.33627
     ],
     [
      28.848798,
      7.513234
     ],
     [
      29.016617,
      7.691817
     ],
     [
      29.167625,
      7.884776
     ],
     [
      29.310326,
      8.084001
     ],
     [
      29.471171,
      8.268754
     ],
     [
      29.661226,
      8.417743
     ],
     [
      29.795303,
      8.622022
     ],
     [
      29.949762,
      8.810677
     ],
     [
      29.916761,
      8.809488
     ]
    ]
   },
   "properties": {
    "elevation": 0.0
   }
  },
  {
   "type": "Feature",
   "geometry": {
    "type": "LineString",
    "coordinates": [
     [
      24.880574,
      8.505712
     ],
     [
      24.741026,
      8.214524
     ],
     [
      24.590481,
      7.92898
     ],
     [
      24.394923,
      7.672511
     ],
     [
      24.209194,
      7.408403
     ],
     [
      24.02147,
      7.145788
     ],
     [
      23.817734,
      6.895381
     ],
     [
      23.643629,
      6.624078
     ],
     [
      23.457313,
      6.360358
     ],
     [
      23.27174,
      6.096134
     ],
     [
      23.094527,
      5.826214
     ],
     [
      22.925952,
      5.550863
     ],
     [
      22.754206,
      5.27755
     ],
     [
      22.570584,
      5.011956
     ],
     [
      22.407388,
      4.73342
     ],
     [
      22.223946,
      4.467849
     ],
     [
      22.01838,
      4.218931
     ],
     [
      21.796274,
      3.984625
     ],
     [
      21.5602,
      3.76439
     ],
     [
      21.311158,
      3.558939
     ],
     [
      21.049097,
      3.370401
     ],
     [
      20.774534,
      3.200671
     ],
     [
      20.476428,
      3.078609
     ],
     [
      20.159906,
      3.015496
     ],
     [
      19.855209,
      2.911249
     ],
     [
      19.554233,
      2.795728
     ],
     [
      19.257715,
      2.66789
     ],
     [
      18.957709,
      2.548573
     ],
     [
      18.649031,
      2.454419
     ],
     [
      18.345277,
      2.346533
     ],
     [
      18.077674,
      2.172393
     ],
     [
      17.803519,
      2.003208
     ],
     [
      17.487542,
      1.946839
     ],
     [
      17.211607,
      1.78432
     ],
     [
      16.921038,
      1.643526
     ],
     [
      16.627501,
      1.509002
     ],
     [
      16.328305,
      1.388586
     ],
     [
      16.029738,
      1.265653
     ],
     [
      15.732682,
      1.139075
     ],
     [
      15.434659,
      1.014786
     ],
     [
      15.140112,
      0.882519
     ],
     [
      14.846711,
      0.747712
     ],
     [
      14.548146,
      0.624806
     ],
     [
      14.24672,
      0.509033
     ],
     [
      13.938267,
      0.414303
     ],
     [
      13.625259,
      0.335089
     ],
     [
      13.308194,
      0.274352
     ],
     [
      12.996379,
      0.19061
     ],
     [
      12.688581,
      0.093225
     ],
     [
      12.690234,
      0.065807
     ],
     [
      12.998703,
      0.161114
     ],
     [
      13.310877,
      0.243572
     ],
     [
      13.627898,
      0.304019
     ],
     [
      13.940834,
      0.383394
     ],
     [
      14.249154,
      0.479217
     ],
     [
      14.55109,
      0.593548
     ],
     [
      14.850001,
      0.715496
     ],
     [
      15.14389,
      0.849258
     ],
     [
      15.439179,
      0.979909
     ],
     [
      15.735122,
      1.109074
     ],
     [
      16.032801,
      1.234159
     ],
     [
      16.332207,
      1.355078
     ],
     [
      16.630545,
      1.478597
     ],
     [
      16.924785,
      1.611515
     ],
     [
      17.21582,
      1.751337
     ],
     [
      17.488579,
      1.918599
     ],
     [
      17.806617,
      1.96805
     ],
     [
      18.085396,
      2.129046
     ],
     [
      18.348595,
      2.302933
     ],
     [
      18.647692,
      2.424162
     ],
     [
      18.958155,
      2.509416
     ],
     [
      19.258516,
      2.627878
     ],
     [
      19.554102,
      2.757801
     ],
     [
      19.853504,
      2.878507
     ],
     [
      20.160997,
      2.976758
     ],
     [
      20.476479,
      3.044652
     ],
     [
      20.775279,
      3.165487
     ],
     [
      21.050476,
      3.334037
     ],
     [
      21.310664,
      3.525193
     ],
     [
      21.562632,
      3.727095
     ],
     [
      21.800387,
      3.945483
     ],
     [
      22.02414,
      4.178235
     ],
     [
      22.236196,
      4.421682
     ],
     [
      22.406687,
      4.662358
     ],
     [
      22.55427,
      4.926662
     ],
     [
      22.744145,
      5.1872
     ],
     [
      22.909961,
      5.463149
     ],
     [
      23.075711,
      5.74023
     ],
     [
      23.251565,
      6.011031
     ],
     [
      23.435731,
      6.276245
     ],
     [
      23.625388,
      6.537577
     ],
     [
      23.801181,
      6.808378
     ],
     [
      24.00015,
      7.059613
     ],
     [
      24.18501,
      7.324218
     ],
     [
      24.367989,
      7.590251
     ],
     [
      24.568143,
      7.843385
     ],
     [
      24.724437,
      8.12562
     ],
     [
      24.865058,
      8.416292
     ],
     [
      25.00345,
      8.70792
     ],
     [
      24.880574,
      8.505712
     ]
    ]
   },
   "properties": {
    "elevation": 0.0
   }
  },
  {
   "type": "Feature",
   "geometry": {
    "type": "LineString",
    "coordinates": [
     [
      13.823489,
      8.422089
     ],
     [
      13.837438,
      8.411053
     ],
     [
      13.853258,
      8.402326
     ],
     [
      13.869383,
      8.394173
     ],
     [
      13.88568,
      8.386369
     ],
     [
      13.902105,
      8.378839
     ],
     [
      13.918645,
      8.371562
     ],
     [
      13.935299,
      8.364552
     ],
     [
      13.952086,
      8.357868
     ],
     [
      13.969056,
      8.351663
     ],
     [
      13.986356,
      8.346469
     ],
     [
      14.004222,
      8.343988
     ],
     [
      14.021677,
      8.339342
     ],
     [
      14.038766,
      8.333477
     ],
     [
      14.055544,
      8.326773
     ],
     [
      14.07202,
      8.319355
     ],
     [
      14.088595,
      8.312161
     ],
     [
      14.105318,
      8.305317
     ],
     [
      14.122142,
      8.298724
     ],
     [
      14.13904,
      8.292325
     ],
     [
      14.155997,
      8.286082
     ],
     [
      14.173002,
      8.279971
     ],
     [
      14.190047,
      8.273973
     ],
     [
      14.207126,
      8.268074
     ],
     [
      14.224237,
      8.262265
     ],
     [
      14.241374,
      8.256537
     ],
     [
      14.258537,
      8.250883
     ],
     [
      14.275722,
      8.2453
     ],
     [
      14.292929,
      8.239784
     ],
     [
      14.310156,
      8.234331
     ],
     [
      14.327403,
      8.22894
     ],
     [
      14.344668,
      8.223609
     ],
     [
      14.361952,
      8.218338
     ],
     [
      14.379253,
      8.213127
     ],
     [
      14.396573,
      8.207975
     ],
     [
      14.413911,
      8.202885
     ],
     [
      14.431267,
      8.197858
     ],
     [
      14.448642,
      8.192898
     ],
     [
      14.466037,
      8.188007
     ],
     [
      14.483453,
      8.18319
     ],
     [
      14.500892,
      8.178456
     ],
     [
      14.518354,
      8.173812
     ],
     [
      14.535844,
      8.169271
     ],
     [
      14.553364,
      8.164849
     ],
     [
      14.57092,
      8.160571
     ],
     [
      14.588518,
      8.156473
     ],
     [
      14.606171,
      8.152616
     ],
     [
      14.623897,
      8.149108
     ],
     [
      14.641729,
      8.146203
     ],
     [
      14.659729,
      8.14486
     ],
     [
      14.657103,
      8.152925
     ],
     [
      14.640377,
      8.159749
     ],
     [
      14.623326,
      8.165727
     ],
     [
      14.606129,
      8.171274
     ],
     [
      14.588838,
      8.176521
     ],
     [
      14.571477,
      8.18153
     ],
     [
      14.554057,
      8.186332
     ],
     [
      14.536592,
      8.190964
     ],
     [
      14.519151,
      8.195689
     ],
     [
      14.501745,
      8.200542
     ],
     [
      14.48437,
      8.205502
     ],
     [
      14.46702,
      8.210552
     ],
     [
      14.449694,
      8.215681
     ],
     [
      14.432388,
      8.220878
     ],
     [
      14.4151,
      8.226137
     ],
     [
      14.39783,
      8.231453
     ],
     [
      14.380576,
      8.23682
     ],
     [
      14.363337,
      8.242236
     ],
     [
      14.346113,
      8.247696
     ],
     [
      14.328902,
      8.2532
     ],
     [
      14.311704,
      8.258744
     ],
     [
      14.294518,
      8.264327
     ],
     [
      14.277346,
      8.269949
     ],
     [
      14.260185,
      8.275608
     ],
     [
      14.243037,
      8.281304
     ],
     [
      14.2259,
      8.287036
     ],
     [
      14.208776,
      8.292805
     ],
     [
      14.191665,
      8.298611
     ],
     [
      14.174566,
      8.304454
     ],
     [
      14.157481,
      8.310336
     ],
     [
      14.140409,
      8.316257
     ],
     [
      14.123352,
      8.322221
     ],
     [
      14.10631,
      8.328228
     ],
     [
      14.089285,
      8.334282
     ],
     [
      14.072278,
      8.340387
     ],
     [
      14.055291,
      8.346549
     ],
     [
      14.038328,
      8.352773
     ],
     [
      14.02139,
      8.359068
     ],
     [
      14.004484,
      8.365447
     ],
     [
      13.987617,
      8.371928
     ],
     [
      13.970799,
      8.378536
     ],
     [
      13.954049,
      8.385314
     ],
     [
      13.937403,
      8.392345
     ],
     [
      13.920951,
      8.399813
     ],
     [
      13.904752,
      8.407818
     ],
     [
      13.888328,
      8.415351
     ],
     [
      13.871594,
      8.422164
     ],
     [
      13.854437,
      8.427813
     ],
     [
      13.836674,
      8.430885
     ],
     [
      13.823489,
      8.422089
     ]
    ]
   },
   "properties": {
    "elevation": 0.0
   }
  },
  {
   "type": "Feature",
   "geometry": {
    "type": "LineString",
    "coordinates": [
     [
      22.977711,
      8.085888
     ],
     [
      22.848144,
      7.786435
     ],
     [
      22.715999,
      7.488092
     ],
     [
      22.565058,
      7.198757
     ],
     [
      22.401397,
      6.916513
     ],
     [
      22.261128,
      6.621883
     ],
     [
      22.136138,
      6.320762
     ],
     [
      21.963125,
      6.04555
     ],
     [
      21.773146,
      5.782971
     ],
     [
      21.545734,
      5.548845
     ],
     [
      21.323742,
      5.309597
     ],
     [
      21.114876,
      5.058871
     ],
     [
      20.889522,
      4.82281
     ],
     [
      20.650095,
      4.601111
     ],
     [
      20.39359,
      4.399407
     ],
     [
      20.120272,
      4.221251
     ],
     [
      19.824472,
      4.084538
     ],
     [
      19.511284,
      3.99329
     ],
     [
      19.190152,
      3.93908
     ],
     [
      18.879957,
      3.83784
     ],
     [
      18.576709,
      3.717195
     ],
     [
      18.279468,
      3.582422
     ],
     [
      17.990213,
      3.431339
     ],
     [
      17.709313,
      3.265145
     ],
     [
      17.421919,
      3.110455
     ],
     [
      17.134113,
      2.956617
     ],
     [
      16.857188,
      2.78465
     ],
     [
      16.545961,
      2.695595
     ],
     [
      16.235985,
      2.593872
     ],
     [
      15.932362,
      2.474119
     ],
     [
      15.631435,
      2.347718
     ],
     [
      15.332044,
      2.217718
     ],
     [
      15.03359,
      2.085576
     ],
     [
      14.734132,
      1.955781
     ],
     [
      14.42481,
      1.851743
     ],
     [
      14.115902,
      1.746807
     ],
     [
      13.797848,
      1.673849
     ],
     [
      13.478828,
      1.60487
     ],
     [
      13.164989,
      1.5186
     ],
     [
      12.873999,
      1.372204
     ],
     [
      12.594137,
      1.205189
     ],
     [
      12.29781,
      1.068487
     ],
     [
      11.990833,
      0.957954
     ],
     [
      11.689167,
      0.833393
     ],
     [
      11.393872,
      0.694471
     ],
     [
      11.101724,
      0.548949
     ],
     [
      10.805813,
      0.411224
     ],
     [
      10.507313,
      0.279194
     ],
     [
      10.210018,
      0.144524
     ],
     [
      10.057148,
      0.034615
     ],
     [
      10.353812,
      0.170553
     ],
     [
      10.652048,
      0.303185
     ],
     [
      10.95231,
      0.431076
     ],
     [
      11.198937,
      0.549604
     ],
     [
      11.487826,
      0.701272
     ],
     [
      11.784246,
      0.837428
     ],
     [
      12.089936,
      0.951768
     ],
     [
      12.395291,
      1.06694
     ],
     [
      12.69187,
      1.203077
     ],
     [
      12.964412,
      1.381812
     ],
     [
      13.264007,
      1.509543
     ],
     [
      13.580849,
      1.587759
     ],
     [
      13.900137,
      1.655496
     ],
     [
      14.21605,
      1.737309
     ],
     [
      14.525105,
      1.842078
     ],
     [
      14.830818,
      1.956196
     ],
     [
      15.131265,
      2.083732
     ],
     [
      15.430101,
      2.215007
     ],
     [
      15.728802,
      2.346588
     ],
     [
      16.0296,
      2.473221
     ],
     [
      16.336901,
      2.583093
     ],
     [
      16.652352,
      2.665757
     ],
     [
      16.957203,
      2.780137
     ],
     [
      17.225324,
      2.963885
     ],
     [
      17.516592,
      3.111135
     ],
     [
      17.80227,
      3.268918
     ],
     [
      18.083309,
      3.434688
     ],
     [
      18.375009,
      3.581102
     ],
     [
      18.671692,
      3.717101
     ],
     [
      18.978639,
      3.827754
     ],
     [
      19.294074,
      3.911148
     ],
     [
      19.6147,
      3.971567
     ],
     [
      19.92303,
      4.077487
     ],
     [
      20.211614,
      4.229441
     ],
     [
      20.480841,
      4.413757
     ],
     [
      20.734725,
      4.618794
     ],
     [
      20.971532,
      4.843275
     ],
     [
      21.1891,
      5.086476
     ],
     [
      21.400519,
      5.33502
     ],
     [
      21.626901,
      5.570118
     ],
     [
      21.848999,
      5.809222
     ],
     [
      22.022638,
      6.083072
     ],
     [
      22.195611,
      6.35874
     ],
     [
      22.315569,
      6.662194
     ],
     [
      22.459811,
      6.954848
     ],
     [
      22.625756,
      7.235828
     ],
     [
      22.772627,
      7.527264
     ],
     [
      22.901412,
      7.827109
     ],
     [
      23.038431,
      8.12328
     ],
     [
      22.977711,
      8.085888
     ]
    ]
   },
   "properties": {
    "elevation": 0.0
   }
  },
  {
   "type": "Feature",
   "geometry": {
    "type": "LineString",
    "coordinates": [
     [
      14.861104,
      8.094421
     ],
     [
      14.890623,
      8.087041
     ],
     [
      14.920141,
      8.079662
     ],
     [
      14.94966,
      8.072282
     ],
     [
      14.979178,
      8.064902
     ],
     [
      15.008697,
      8.057523
     ],
     [
      15.038215,
      8.050143
     ],
     [
      15.051157,
      8.022764
     ],
     [
      15.063884,
      7.995127
     ],
     [
      15.076612,
      7.96749
     ],
     [
      15.089339,
      7.939853
     ],
     [
      15.101987,
      7.912179
     ],
     [
      15.114239,
      7.884328
     ],
     [
      15.126215,
      7.856357
     ],
     [
      15.137952,
      7.828285
     ],
     [
      15.149475,
      7.800125
     ],
     [
      15.160804,
      7.771886
     ],
     [
      15.171953,
      7.743575
     ],
     [
      15.18293,
      7.715197
     ],
     [
      15.193743,
      7.686756
     ],
     [
      15.204393,
      7.658254
     ],
     [
      15.214882,
      7.629692
     ],
     [
      15.225205,
      7.60107
     ],
     [
      15.235357,
      7.572387
     ],
     [
      15.245327,
      7.54364
     ],
     [
      15.255099,
      7.514824
     ],
     [
      15.264648,
      7.485935
     ],
     [
      15.273939,
      7.456961
     ],
     [
      15.282916,
      7.427889
     ],
     [
      15.29149,
      7.398695
     ],
     [
      15.299493,
      7.36934
     ],
     [
      15.30656,
      7.339748
     ],
     [
      15.311419,
      7.309732
     ],
     [
      15.313948,
      7.279441
     ],
     [
      15.319822,
      7.249593
     ],
     [
      15.32743,
      7.220136
     ],
     [
      15.336349,
      7.191048
     ],
     [
      15.346545,
      7.162383
     ],
     [
      15.358019,
      7.134203
     ],
     [
      15.369343,
      7.105963
     ],
     [
      15.37986,
      7.077413
     ],
     [
      15.388569,
      7.048271
     ],
     [
      15.39177,
      7.018152
     ],
     [
      15.37577,
      6.993833
     ],
     [
      15.35023,
      6.97787
     ],
     [
      15.349463,
      6.954354
     ],
     [
      15.375051,
      6.970164
     ],
     [
      15.394848,
      6.993115
     ],
     [
      15.40634,
      7.021144
     ],
     [
      15.40904,
      7.051358
     ],
     [
      15.404644,
      7.081414
     ],
     [
      15.395134,
      7.110288
     ],
     [
      15.381967,
      7.1377
     ],
     [
      15.367568,
      7.164483
     ],
     [
      15.356543,
      7.19283
     ],
     [
      15.347719,
      7.221944
     ],
     [
      15.340638,
      7.251531
     ],
     [
      15.335367,
      7.281492
     ],
     [
      15.331791,
      7.311704
     ],
     [
      15.326292,
      7.341625
     ],
     [
      15.319458,
      7.371273
     ],
     [
      15.311824,
      7.400726
     ],
     [
      15.303632,
      7.430029
     ],
     [
      15.295016,
      7.459211
     ],
     [
      15.286058,
      7.488289
     ],
     [
      15.276812,
      7.517277
     ],
     [
      15.267316,
      7.546184
     ],
     [
      15.257594,
      7.575016
     ],
     [
      15.247665,
      7.603778
     ],
     [
      15.237543,
      7.632471
     ],
     [
      15.227234,
      7.661098
     ],
     [
      15.216743,
      7.68966
     ],
     [
      15.206071,
      7.718153
     ],
     [
      15.195215,
      7.746578
     ],
     [
      15.184169,
      7.774929
     ],
     [
      15.172922,
      7.803201
     ],
     [
      15.161459,
      7.831386
     ],
     [
      15.149756,
      7.859472
     ],
     [
      15.137779,
      7.887443
     ],
     [
      15.125479,
      7.915272
     ],
     [
      15.112779,
      7.942922
     ],
     [
      15.099553,
      7.970323
     ],
     [
      15.085567,
      7.997344
     ],
     [
      15.070279,
      8.023644
     ],
     [
      15.051565,
      8.047511
     ],
     [
      15.025662,
      8.063341
     ],
     [
      14.997778,
      8.075497
     ],
     [
      14.969206,
      8.085952
     ],
     [
      14.940246,
      8.095279
     ],
     [
      14.911012,
      8.103714
     ],
     [
      14.881561,
      8.111353
     ],
     [
      14.851917,
      8.118208
     ],
     [
      14.82209,
      8.124217
     ],
     [
      14.792078,
      8.129214
     ],
     [
      14.761854,
      8.132634
     ],
     [
      14.744138,
      8.127842
     ],
     [
      14.772973,
      8.118178
     ],
     [
      14.802256,
      8.109912
     ],
     [
      14.831652,
      8.102061
     ],
     [
      14.861104,
      8.094421
     ]
    ]
   },
   "properties": {
    "elevation": 0.0
   }
  },
  {
   "type": "Feature",
   "geometry": {
    "type": "LineString",
    "coordinates": [
     [
      21.564643,
      8.061995
     ],
     [
      21.564057,
      8.060507
     ],
     [
      21.563486,
      8.059012
     ],
     [
      21.562932,
      8.057511
     ],
     [
      21.562396,
      8.056003
     ],
     [
      21.561879,
      8.054489
     ],
     [
      21.561382,
      8.052968
     ],
     [
      21.560908,
      8.05144
     ],
     [
      21.560458,
      8.049904
     ],
     [
      21.560033,
      8.048362
     ],
     [
      21.559637,
      8.046811
     ],
     [
      21.559273,
      8.045253
     ],
     [
      21.558943,
      8.043688
     ],
     [
      21.558653,
      8.042114
     ],
     [
      21.558408,
      8.040533
     ],
     [
      21.558214,
      8.038945
     ],
     [
      21.558082,
      8.03735
     ],
     [
      21.558021,
      8.035752
     ],
     [
      21.55805,
      8.034152
     ],
     [
      21.558191,
      8.032559
     ],
     [
      21.558478,
      8.030985
     ],
     [
      21.558965,
      8.029463
     ],
     [
      21.559724,
      8.028058
     ],
     [
      21.560836,
      8.026917
     ],
     [
      21.562278,
      8.026246
     ],
     [
      21.563866,
      8.026122
     ],
     [
      21.565434,
      8.026424
     ],
     [
      21.566924,
      8.027004
     ],
     [
      21.56833,
      8.027766
     ],
     [
      21.569662,
      8.028652
     ],
     [
      21.570929,
      8.029629
     ],
     [
      21.572141,
      8.030673
     ],
     [
      21.573305,
      8.031771
     ],
     [
      21.574426,
      8.032913
     ],
     [
      21.575509,
      8.034091
     ],
     [
      21.576558,
      8.035299
     ],
     [
      21.577576,
      8.036533
     ],
     [
      21.578566,
      8.03779
     ],
     [
      21.57953,
      8.039067
     ],
     [
      21.58047,
      8.040362
     ],
     [
      21.581387,
      8.041673
     ],
     [
      21.582283,
      8.042999
     ],
     [
      21.58316,
      8.044337
     ],
     [
      21.584018,
      8.045688
     ],
     [
      21.584859,
      8.047049
     ],
     [
      21.585682,
      8.048421
     ],
     [
      21.58649,
      8.049802
     ],
     [
      21.587282,
      8.051192
     ],
     [
      21.58806,
      8.052591
     ],
     [
      21.588806,
      8.054006
     ],
     [
      21.589507,
      8.055444
     ],
     [
      21.590192,
      8.05689
     ],
     [
      21.590859,
      8.058344
     ],
     [
      21.591508,
      8.059807
     ],
     [
      21.592136,
      8.061279
     ],
     [
      21.592742,
      8.06276
     ],
     [
      21.593325,
      8.06425
     ],
     [
      21.593883,
      8.065749
     ],
     [
      21.594413,
      8.067259
     ],
     [
      21.594912,
      8.068779
     ],
     [
      21.595377,
      8.07031
     ],
     [
      21.595804,
      8.071852
     ],
     [
      21.596186,
      8.073406
     ],
     [
      21.596518,
      8.074971
     ],
     [
      21.59679,
      8.076548
     ],
     [
      21.596991,
      8.078135
     ],
     [
      21.597104,
      8.079731
     ],
     [
      21.597108,
      8.081331
     ],
     [
      21.596971,
      8.082924
     ],
     [
      21.596647,
      8.08449
     ],
     [
      21.596075,
      8.085982
     ],
     [
      21.595191,
      8.087311
     ],
     [
      21.59398,
      8.088347
     ],
     [
      21.592523,
      8.088997
     ],
     [
      21.590951,
      8.089275
     ],
     [
      21.589352,
      8.089259
     ],
     [
      21.587775,
      8.088997
     ],
     [
      21.586244,
      8.088537
     ],
     [
      21.584767,
      8.087923
     ],
     [
      21.583347,
      8.087186
     ],
     [
      21.581983,
      8.086349
     ],
     [
      21.580673,
      8.085431
     ],
     [
      21.579414,
      8.084444
     ],
     [
      21.578204,
      8.083397
     ],
     [
      21.577041,
      8.082299
     ],
     [
      21.575922,
      8.081155
     ],
     [
      21.574847,
      8.07997
     ],
     [
      21.573815,
      8.078747
     ],
     [
      21.572824,
      8.077491
     ],
     [
      21.571874,
      8.076204
     ],
     [
      21.570964,
      8.074887
     ],
     [
      21.570095,
      8.073544
     ],
     [
      21.569267,
      8.072175
     ],
     [
      21.568479,
      8.070782
     ],
     [
      21.567733,
      8.069367
     ],
     [
      21.567028,
      8.067931
     ],
     [
      21.566366,
      8.066474
     ],
     [
      21.565747,
      8.064999
     ],
     [
      21.565172,
      8.063505
     ],
     [
      21.564643,
      8.061995
     ]
    ]
   },
   "properties": {
    "elevation": 0.0
   }
  },
  {
   "type": "Feature",
   "geometry": {
    "type": "LineString",
    "coordinates": [
     [
      6.183025,
      7.974959
     ],
     [
      6.132481,
      7.827745
     ],
     [
      6.084264,
      7.679746
     ],
     [
      6.035808,
      7.531834
     ],
     [
      5.981735,
      7.385883
     ],
     [
      5.919173,
      7.243397
     ],
     [
      5.863035,
      7.098279
     ],
     [
      5.822437,
      6.948094
     ],
     [
      5.797654,
      6.794481
     ],
     [
      5.784808,
      6.639381
     ],
     [
      5.779507,
      6.483824
     ],
     [
      5.778859,
      6.328175
     ],
     [
      5.782036,
      6.172557
     ],
     [
      5.796372,
      6.017677
     ],
     [
      5.832039,
      5.866209
     ],
     [
      5.862949,
      5.713678
     ],
     [
      5.886783,
      5.559864
     ],
     [
      5.907813,
      5.405636
     ],
     [
      5.936653,
      5.252741
     ],
     [
      5.990819,
      5.107348
     ],
     [
      6.113373,
      5.025588
     ],
     [
      6.254132,
      5.089774
     ],
     [
      6.396818,
      5.151698
     ],
     [
      6.538491,
      5.214452
     ],
     [
      6.649192,
      5.323445
     ],
     [
      6.777409,
      5.404822
     ],
     [
      6.907651,
      5.490036
     ],
     [
      7.033867,
      5.580714
     ],
     [
      7.178183,
      5.638671
     ],
     [
      7.326818,
      5.684845
     ],
     [
      7.476976,
      5.725833
     ],
     [
      7.628016,
      5.76345
     ],
     [
      7.779033,
      5.801163
     ],
     [
      7.929618,
      5.840564
     ],
     [
      8.079692,
      5.881871
     ],
     [
      8.229004,
      5.925842
     ],
     [
      8.37613,
      5.976487
     ],
     [
      8.514025,
      6.048307
     ],
     [
      8.657153,
      6.102626
     ],
     [
      8.791894,
      6.180548
     ],
     [
      8.933172,
      6.244979
     ],
     [
      9.071923,
      6.315513
     ],
     [
      9.206975,
      6.392228
     ],
     [
      9.329241,
      6.441726
     ],
     [
      9.461021,
      6.522903
     ],
     [
      9.542174,
      6.636549
     ],
     [
      9.626015,
      6.76672
     ],
     [
      9.717233,
      6.892744
     ],
     [
      9.793871,
      7.028138
     ],
     [
      9.846804,
      7.173831
     ],
     [
      9.78749,
      7.092009
     ],
     [
      9.726086,
      6.949375
     ],
     [
      9.636728,
      6.822085
     ],
     [
      9.536666,
      6.702871
     ],
     [
      9.436167,
      6.584145
     ],
     [
      9.322729,
      6.48716
     ],
     [
      9.182575,
      6.419458
     ],
     [
      9.043727,
      6.349104
     ],
     [
      8.905205,
      6.278112
     ],
     [
      8.765627,
      6.209232
     ],
     [
      8.627535,
      6.137628
     ],
     [
      8.487365,
      6.069957
     ],
     [
      8.344429,
      6.00843
     ],
     [
      8.197481,
      5.95717
     ],
     [
      8.04821,
      5.913077
     ],
     [
      7.897736,
      5.87326
     ],
     [
      7.746629,
      5.835909
     ],
     [
      7.595492,
      5.798679
     ],
     [
      7.444815,
      5.759633
     ],
     [
      7.29489,
      5.717798
     ],
     [
      7.146486,
      5.67089
     ],
     [
      7.003955,
      5.609081
     ],
     [
      6.879501,
      5.515772
     ],
     [
      6.747335,
      5.433627
     ],
     [
      6.607351,
      5.369549
     ],
     [
      6.491983,
      5.265769
     ],
     [
      6.371183,
      5.195895
     ],
     [
      6.236839,
      5.140102
     ],
     [
      6.100291,
      5.070175
     ],
     [
      5.992596,
      5.159511
     ],
     [
      5.954325,
      5.310259
     ],
     [
      5.927093,
      5.463506
     ],
     [
      5.903251,
      5.617324
     ],
     [
      5.878081,
      5.770921
     ],
     [
      5.845288,
      5.923016
     ],
     [
      5.814418,
      6.075324
     ],
     [
      5.801933,
      6.230442
     ],
     [
      5.798773,
      6.38605
     ],
     [
      5.802708,
      6.541644
     ],
     [
      5.813458,
      6.696914
     ],
     [
      5.832235,
      6.85141
     ],
     [
      5.863091,
      7.003904
     ],
     [
      5.910863,
      7.152001
     ],
     [
      5.968766,
      7.296447
     ],
     [
      6.028542,
      7.440149
     ],
     [
      6.082302,
      7.586218
     ],
     [
      6.131094,
      7.734021
     ],
     [
      6.174362,
      7.883529
     ],
     [
      6.227378,
      8.029777
     ],
     [
      6.183025,
      7.974959
     ]
    ]
   },
   "properties": {
    "elevation": 0.0
   }
  },
  {
   "type": "Feature",
   "geometry": {
    "type": "LineString",
    "coordinates": [
     [
      1.97966,
      7.923761
     ],
     [
      1.943705,
      7.761017
     ],
     [
      1.915845,
      7.596637
     ],
     [
      1.891552,
      7.431689
     ],
     [
      1.867188,
      7.266759
     ],
     [
      1.837085,
      7.102776
     ],
     [
      1.802105,
      6.939764
     ],
     [
      1.761779,
      6.777996
     ],
     [
      1.712413,
      6.618797
     ],
     [
      1.671331,
      6.460167
     ],
     [
      1.691019,
      6.294605
     ],
     [
      1.710895,
      6.129065
     ],
     [
      1.732875,
      5.963796
     ],
     [
      1.765414,
      5.800345
     ],
     [
      1.811725,
      5.640198
     ],
     [
      1.862446,
      5.481372
     ],
     [
      1.913386,
      5.322616
     ],
     [
      1.961595,
      5.163012
     ],
     [
      2.00632,
      5.002396
     ],
     [
      2.049214,
      4.841279
     ],
     [
      2.091436,
      4.679985
     ],
     [
      2.129781,
      4.517751
     ],
     [
      2.159589,
      4.353722
     ],
     [
      2.182728,
      4.188617
     ],
     [
      2.198644,
      4.022667
     ],
     [
      2.204348,
      3.856062
     ],
     [
      2.213657,
      3.689608
     ],
     [
      2.229109,
      3.523602
     ],
     [
      2.248119,
      3.357962
     ],
     [
      2.269213,
      3.192573
     ],
     [
      2.291573,
      3.02735
     ],
     [
      2.314808,
      2.862248
     ],
     [
      2.337287,
      2.697042
     ],
     [
      2.358223,
      2.531633
     ],
     [
      2.376137,
      2.365874
     ],
     [
      2.387894,
      2.199578
     ],
     [
      2.3879,
      2.032904
     ],
     [
      2.373019,
      1.866884
     ],
     [
      2.34241,
      1.703068
     ],
     [
      2.298004,
      1.542397
     ],
     [
      2.242648,
      1.385162
     ],
     [
      2.174621,
      1.23302
     ],
     [
      2.082613,
      1.094494
     ],
     [
      2.008669,
      0.945559
     ],
     [
      1.963471,
      0.785237
     ],
     [
      1.945546,
      0.619759
     ],
     [
      1.984978,
      0.459038
     ],
     [
      2.084791,
      0.326403
     ],
     [
      2.178285,
      0.18841
     ],
     [
      2.271689,
      0.050354
     ],
     [
      2.223087,
      0.150326
     ],
     [
      2.132301,
      0.290167
     ],
     [
      2.038802,
      0.428208
     ],
     [
      1.96466,
      0.57383
     ],
     [
      1.977439,
      0.73996
     ],
     [
      2.014518,
      0.902206
     ],
     [
      2.084998,
      1.053046
     ],
     [
      2.173353,
      1.194402
     ],
     [
      2.246233,
      1.344119
     ],
     [
      2.301757,
      1.501289
     ],
     [
      2.347258,
      1.661668
     ],
     [
      2.38408,
      1.824259
     ],
     [
      2.410623,
      1.988822
     ],
     [
      2.418429,
      2.155151
     ],
     [
      2.400368,
      2.32089
     ],
     [
      2.38286,
      2.486697
     ],
     [
      2.364414,
      2.652402
     ],
     [
      2.343308,
      2.817785
     ],
     [
      2.31676,
      2.982377
     ],
     [
      2.294426,
      3.1476
     ],
     [
      2.272081,
      3.312825
     ],
     [
      2.251283,
      3.478246
     ],
     [
      2.23664,
      3.644324
     ],
     [
      2.226614,
      3.810746
     ],
     [
      2.219334,
      3.977309
     ],
     [
      2.206886,
      4.143566
     ],
     [
      2.187435,
      4.309126
     ],
     [
      2.156653,
      4.472972
     ],
     [
      2.119992,
      4.635615
     ],
     [
      2.079807,
      4.797427
     ],
     [
      2.036963,
      4.958556
     ],
     [
      1.991843,
      5.119062
     ],
     [
      1.944597,
      5.278956
     ],
     [
      1.895225,
      5.438206
     ],
     [
      1.84481,
      5.59713
     ],
     [
      1.798835,
      5.757375
     ],
     [
      1.764221,
      5.92043
     ],
     [
      1.738648,
      6.085179
     ],
     [
      1.716376,
      6.250413
     ],
     [
      1.695013,
      6.415768
     ],
     [
      1.716699,
      6.579533
     ],
     [
      1.767915,
      6.738173
     ],
     [
      1.811257,
      6.899161
     ],
     [
      1.849227,
      7.061501
     ],
     [
      1.879994,
      7.225338
     ],
     [
      1.901088,
      7.390715
     ],
     [
      1.926771,
      7.555451
     ],
     [
      1.955551,
      7.719675
     ],
     [
      1.989204,
      7.882953
     ],
     [
      1.97966,
      7.923761
     ]
    ]
   },
   "properties": {
    "elevation": 0.0
   }
  },
  {
   "type": "Feature",
   "geometry": {
    "type": "LineString",
    "coordinates": [
     [
      21.499792,
      7.889628
     ],
     [
      21.407454,
      7.553865
     ],
     [
      21.242301,
      7.248636
     ],
     [
      21.084148,
      6.938223
     ],
     [
      20.8939,
      6.647556
     ],
     [
      20.69957,
      6.359207
     ],
     [
      20.478009,
      6.102503
     ],
     [
      20.214818,
      5.874285
     ],
     [
      19.922782,
      5.685538
     ],
     [
      19.636081,
      5.48941
     ],
     [
      19.305865,
      5.379384
     ],
     [
      18.978413,
      5.260395
     ],
     [
      18.656091,
      5.128259
     ],
     [
      18.341892,
      4.977711
     ],
     [
      18.036881,
      4.810229
     ],
     [
      17.738266,
      4.630789
     ],
     [
      17.428408,
      4.472716
     ],
     [
      17.135961,
      4.283448
     ],
     [
      16.854694,
      4.077876
     ],
     [
      16.563852,
      3.886636
     ],
     [
      16.244369,
      3.74829
     ],
     [
      15.916199,
      3.631263
     ],
     [
      15.586665,
      3.518115
     ],
     [
      15.256225,
      3.407641
     ],
     [
      14.924694,
      3.300486
     ],
     [
      14.591916,
      3.197275
     ],
     [
      14.257798,
      3.098488
     ],
     [
      13.924248,
      2.997934
     ],
     [
      13.587079,
      2.910295
     ],
     [
      13.249665,
      2.823769
     ],
     [
      12.919119,
      2.713872
     ],
     [
      12.602559,
      2.568748
     ],
     [
      12.27795,
      2.44382
     ],
     [
      11.982989,
      2.261922
     ],
     [
      11.697883,
      2.064674
     ],
     [
      11.386319,
      1.908765
     ],
     [
      11.069861,
      1.763051
     ],
     [
      10.751321,
      1.621893
     ],
     [
      10.427054,
      1.494543
     ],
     [
      10.097668,
      1.381025
     ],
     [
      9.763702,
      1.28187
     ],
     [
      9.429059,
      1.185287
     ],
     [
      9.103316,
      1.061932
     ],
     [
      8.7812,
      0.929197
     ],
     [
      8.453925,
      0.809765
     ],
     [
      8.144457,
      0.651395
     ],
     [
      7.842747,
      0.480079
     ],
     [
      7.51644,
      0.358787
     ],
     [
      7.195781,
      0.222954
     ],
     [
      6.891812,
      0.05344
     ],
     [
      7.116637,
      0.15327
     ],
     [
      7.433772,
      0.296339
     ],
     [
      7.760999,
      0.415293
     ],
     [
      8.075565,
      0.530261
     ],
     [
      8.344414,
      0.717117
     ],
     [
      8.667254,
      0.846374
     ],
     [
      8.98694,
      0.981754
     ],
     [
      9.311451,
      1.108405
     ],
     [
      9.642127,
      1.217959
     ],
     [
      9.978271,
      1.3093
     ],
     [
      10.308442,
      1.420488
     ],
     [
      10.634052,
      1.544429
     ],
     [
      10.955226,
      1.679452
     ],
     [
      11.273378,
      1.821484
     ],
     [
      11.587735,
      1.971672
     ],
     [
      11.886474,
      2.150181
     ],
     [
      12.165641,
      2.356826
     ],
     [
      12.48696,
      2.490867
     ],
     [
      12.807913,
      2.626142
     ],
     [
      13.131227,
      2.755388
     ],
     [
      13.466478,
      2.849947
     ],
     [
      13.804593,
      2.933909
     ],
     [
      14.139668,
      3.029394
     ],
     [
      14.473703,
      3.12847
     ],
     [
      14.807069,
      3.229774
     ],
     [
      15.139788,
      3.333184
     ],
     [
      15.471605,
      3.439449
     ],
     [
      15.801077,
      3.552721
     ],
     [
      16.129629,
      3.668692
     ],
     [
      16.454788,
      3.793665
     ],
     [
      16.756527,
      3.967249
     ],
     [
      17.04212,
      4.166675
     ],
     [
      17.321516,
      4.374481
     ],
     [
      17.630441,
      4.533789
     ],
     [
      17.931948,
      4.708125
     ],
     [
      18.230652,
      4.887081
     ],
     [
      18.542424,
      5.042533
     ],
     [
      18.86257,
      5.179854
     ],
     [
      19.189155,
      5.301207
     ],
     [
      19.522365,
      5.400816
     ],
     [
      19.825815,
      5.569563
     ],
     [
      20.108808,
      5.772237
     ],
     [
      20.387238,
      5.98087
     ],
     [
      20.652196,
      6.203298
     ],
     [
      20.825463,
      6.50521
     ],
     [
      21.028363,
      6.78832
     ],
     [
      21.192468,
      7.094913
     ],
     [
      21.369395,
      7.394168
     ],
     [
      21.481646,
      7.722532
     ],
     [
      21.499792,
      7.889628
     ]
    ]
   },
   "properties": {
    "elevation": 0.0
   }
  },
  {
   "type": "Feature",
   "geometry": {
    "type": "LineString",
    "coordinates": [
     [
      19.653247,
      7.676303
     ],
     [
      19.494502,
      7.373345
     ],
     [
      19.200429,
      7.195878
     ],
     [
      18.909403,
      7.0084
     ],
     [
      18.615747,
      6.825548
     ],
     [
      18.290691,
      6.709278
     ],
     [
      17.972766,
      6.581868
     ],
     [
      17.685468,
      6.388511
     ],
     [
      17.390468,
      6.206862
     ],
     [
      17.093275,
      6.028813
     ],
     [
      16.799847,
      5.844657
     ],
     [
      16.516706,
      5.645143
     ],
     [
      16.249208,
      5.425089
     ],
     [
      15.988278,
      5.197268
     ],
     [
      15.703466,
      5.000863
     ],
     [
      15.39642,
      4.840598
     ],
     [
      15.080161,
      4.699786
     ],
     [
      14.760832,
      4.565529
     ],
     [
      14.436781,
      4.443017
     ],
     [
      14.109297,
      4.330023
     ],
     [
      13.772063,
      4.257176
     ],
     [
      13.437144,
      4.169781
     ],
     [
      13.113405,
      4.046771
     ],
     [
      12.803272,
      3.892554
     ],
     [
      12.491035,
      3.742508
     ],
     [
      12.174009,
      3.602818
     ],
     [
      11.872242,
      3.434354
     ],
     [
      11.575571,
      3.256696
     ],
     [
      11.247346,
      3.151258
     ],
     [
      10.915008,
      3.059531
     ],
     [
      10.603995,
      2.907445
     ],
     [
      10.282253,
      2.779054
     ],
     [
      9.955266,
      2.664642
     ],
     [
      9.636995,
      2.5286
     ],
     [
      9.322999,
      2.382375
     ],
     [
      9.015575,
      2.222879
     ],
     [
      8.694798,
      2.092146
     ],
     [
      8.360948,
      1.999953
     ],
     [
      8.028966,
      1.901177
     ],
     [
      7.694736,
      1.819234
     ],
     [
      7.360937,
      1.729572
     ],
     [
      7.036241,
      1.608911
     ],
     [
      6.719425,
      1.468831
     ],
     [
      6.411773,
      1.309587
     ],
     [
      6.107375,
      1.14417
     ],
     [
      5.816913,
      0.955534
     ],
     [
      5.538419,
      0.749511
     ],
     [
      5.269663,
      0.530942
     ],
     [
      5.01377,
      0.297468
     ],
     [
      4.751647,
      0.071158
     ],
     [
      4.887653,
      0.15079
     ],
     [
      5.141803,
      0.386209
     ],
     [
      5.405508,
      0.610635
     ],
     [
      5.67782,
      0.824774
     ],
     [
      5.961165,
      1.024075
     ],
     [
      6.262408,
      1.194975
     ],
     [
      6.56775,
      1.358625
     ],
     [
      6.881425,
      1.505603
     ],
     [
      7.202189,
      1.636416
     ],
     [
      7.530053,
      1.748102
     ],
     [
      7.869489,
      1.814565
     ],
     [
      8.198763,
      1.921143
     ],
     [
      8.532943,
      2.012395
     ],
     [
      8.861986,
      2.120325
     ],
     [
      9.176086,
      2.26585
     ],
     [
      9.48324,
      2.425659
     ],
     [
      9.801459,
      2.562564
     ],
     [
      10.124711,
      2.687147
     ],
     [
      10.448559,
      2.810152
     ],
     [
      10.768787,
      2.942333
     ],
     [
      11.084652,
      3.081593
     ],
     [
      11.423626,
      3.152798
     ],
     [
      11.731214,
      3.306445
     ],
     [
      12.026632,
      3.485294
     ],
     [
      12.335257,
      3.636485
     ],
     [
      12.651325,
      3.77834
     ],
     [
      12.961497,
      3.93258
     ],
     [
      13.276489,
      4.076692
     ],
     [
      13.605294,
      4.184541
     ],
     [
      13.94639,
      4.244677
     ],
     [
      14.276678,
      4.348687
     ],
     [
      14.601269,
      4.469763
     ],
     [
      14.923056,
      4.598117
     ],
     [
      15.24212,
      4.733095
     ],
     [
      15.556728,
      4.878098
     ],
     [
      15.853332,
      5.056197
     ],
     [
      16.120696,
      5.276189
     ],
     [
      16.381119,
      5.504539
     ],
     [
      16.659708,
      5.710337
     ],
     [
      16.949967,
      5.899439
     ],
     [
      17.245283,
      6.080577
     ],
     [
      17.541274,
      6.260615
     ],
     [
      17.83339,
      6.446851
     ],
     [
      18.126121,
      6.62893
     ],
     [
      18.460324,
      6.717666
     ],
     [
      18.769762,
      6.872369
     ],
     [
      19.054077,
      7.070153
     ],
     [
      19.359172,
      7.232483
     ],
     [
      19.60711,
      7.47042
     ],
     [
      19.653247,
      7.676303
     ]
    ]
   },
   "properties": {
    "elevation": 0.0
   }
  },
  {
   "type": "Feature",
   "geometry": {
    "type": "LineString",
    "coordinates": [
     [
      0.846475,
      7.343515
     ],
     [
      0.820675,
      7.192122
     ],
     [
      0.796451,
      7.040469
     ],
     [
      0.773609,
      6.888601
     ],
     [
      0.752067,
      6.736543
     ],
     [
      0.731837,
      6.584306
     ],
     [
      0.713041,
      6.431884
     ],
     [
      0.69599,
      6.279258
     ],
     [
      0.681423,
      6.126377
     ],
     [
      0.671756,
      5.973121
     ],
     [
      0.695924,
      5.823256
     ],
     [
      0.757846,
      5.682764
     ],
     [
      0.823315,
      5.543862
     ],
     [
      0.881077,
      5.401582
     ],
     [
      0.931316,
      5.256472
     ],
     [
      0.97466,
      5.109152
     ],
     [
      1.011991,
      4.960191
     ],
     [
      1.044259,
      4.810049
     ],
     [
      1.07236,
      4.659069
     ],
     [
      1.097079,
      4.507498
     ],
     [
      1.121954,
      4.355951
     ],
     [
      1.151284,
      4.205229
     ],
     [
      1.176641,
      4.053766
     ],
     [
      1.199467,
      3.901896
     ],
     [
      1.221165,
      3.74986
     ],
     [
      1.242131,
      3.597721
     ],
     [
      1.262531,
      3.445506
     ],
     [
      1.282444,
      3.293226
     ],
     [
      1.301901,
      3.140887
     ],
     [
      1.320896,
      2.98849
     ],
     [
      1.339386,
      2.83603
     ],
     [
      1.35728,
      2.6835
     ],
     [
      1.374385,
      2.530879
     ],
     [
      1.390269,
      2.378127
     ],
     [
      1.403815,
      2.225151
     ],
     [
      1.417147,
      2.072155
     ],
     [
      1.431745,
      1.919274
     ],
     [
      1.448202,
      1.766584
     ],
     [
      1.467755,
      1.614262
     ],
     [
      1.494116,
      1.462999
     ],
     [
      1.524684,
      1.312648
     ],
     [
      1.5357,
      1.159524
     ],
     [
      1.534922,
      1.005976
     ],
     [
      1.524942,
      0.852745
     ],
     [
      1.506055,
      0.700358
     ],
     [
      1.484107,
      0.548369
     ],
     [
      1.470162,
      0.395455
     ],
     [
      1.469486,
      0.241958
     ],
     [
      1.477912,
      0.088942
     ],
     [
      1.495197,
      0.085499
     ],
     [
      1.489519,
      0.238608
     ],
     [
      1.488567,
      0.392093
     ],
     [
      1.502913,
      0.544965
     ],
     [
      1.523926,
      0.697094
     ],
     [
      1.540921,
      0.849712
     ],
     [
      1.550745,
      1.00296
     ],
     [
      1.55322,
      1.156499
     ],
     [
      1.545378,
      1.309824
     ],
     [
      1.513855,
      1.459831
     ],
     [
      1.485327,
      1.610699
     ],
     [
      1.464605,
      1.762862
     ],
     [
      1.449172,
      1.915654
     ],
     [
      1.438154,
      2.068832
     ],
     [
      1.424971,
      2.22184
     ],
     [
      1.410165,
      2.374701
     ],
     [
      1.394401,
      2.527466
     ],
     [
      1.377902,
      2.680153
     ],
     [
      1.360739,
      2.832768
     ],
     [
      1.342897,
      2.985304
     ],
     [
      1.32426,
      3.137745
     ],
     [
      1.304534,
      3.290049
     ],
     [
      1.283042,
      3.442113
     ],
     [
      1.261061,
      3.594109
     ],
     [
      1.239421,
      3.746153
     ],
     [
      1.217651,
      3.898177
     ],
     [
      1.194096,
      4.049936
     ],
     [
      1.169357,
      4.201507
     ],
     [
      1.143658,
      4.352918
     ],
     [
      1.117076,
      4.504176
     ],
     [
      1.089567,
      4.655268
     ],
     [
      1.060929,
      4.80615
     ],
     [
      1.030545,
      4.95669
     ],
     [
      0.994921,
      5.106037
     ],
     [
      0.949615,
      5.252772
     ],
     [
      0.89938,
      5.397891
     ],
     [
      0.843373,
      5.540878
     ],
     [
      0.780616,
      5.681028
     ],
     [
      0.714973,
      5.819822
     ],
     [
      0.693656,
      5.970696
     ],
     [
      0.700008,
      6.124113
     ],
     [
      0.713704,
      6.277072
     ],
     [
      0.730769,
      6.429695
     ],
     [
      0.749943,
      6.58207
     ],
     [
      0.770692,
      6.734237
     ],
     [
      0.792746,
      6.886222
     ],
     [
      0.81596,
      7.038033
     ],
     [
      0.840261,
      7.189675
     ],
     [
      0.865624,
      7.341142
     ],
     [
      0.882521,
      7.491975
     ],
     [
      0.846475,
      7.343515
     ]
    ]
   },
   "properties": {
    "elevation": 0.0
   }
  },
  {
   "type": "Feature",
   "geometry": {
    "type": "LineString",
    "coordinates": [
     [
      29.819485,
      6.976596
     ],
     [
      29.691656,
      6.837033
     ],
     [
      29.56174,
      6.699409
     ],
     [
      29.43021,
      6.563328
     ],
     [
      29.297201,
      6.428691
     ],
     [
      29.162603,
      6.295643
     ],
     [
      29.025929,
      6.164731
     ],
     [
      28.88573,
      6.037612
     ],
     [
      28.749152,
      5.906621
     ],
     [
      28.616818,
      5.771325
     ],
     [
      28.487002,
      5.633608
     ],
     [
      28.359231,
      5.49399
     ],
     [
      28.233528,
      5.35251
     ],
     [
      28.110439,
      5.208751
     ],
     [
      27.992037,
      5.061127
     ],
     [
      27.87463,
      4.912699
     ],
     [
      27.753258,
      4.767488
     ],
     [
      27.628933,
      4.624796
     ],
     [
      27.501422,
      4.484947
     ],
     [
      27.368225,
      4.350548
     ],
     [
      27.230511,
      4.220744
     ],
     [
      27.096961,
      4.086651
     ],
     [
      26.973626,
      3.945148
     ],
     [
      26.851685,
      3.800431
     ],
     [
      26.7325,
      3.653416
     ],
     [
      26.614682,
      3.505302
     ],
     [
      26.499739,
      3.354959
     ],
     [
      26.387882,
      3.202294
     ],
     [
      26.277789,
      3.048352
     ],
     [
      26.169546,
      2.893105
     ],
     [
      26.063525,
      2.736332
     ],
     [
      25.956871,
      2.579988
     ],
     [
      25.849063,
      2.424452
     ],
     [
      25.750128,
      2.263134
     ],
     [
      25.652466,
      2.101042
     ],
     [
      25.546828,
      1.944024
     ],
     [
      25.437632,
      1.789445
     ],
     [
      25.328528,
      1.634799
     ],
     [
      25.218022,
      1.481191
     ],
     [
      25.098772,
      1.334308
     ],
     [
      24.978323,
      1.188335
     ],
     [
      24.854442,
      1.045257
     ],
     [
      24.727993,
      0.904444
     ],
     [
      24.598679,
      0.766259
     ],
     [
      24.463044,
      0.634374
     ],
     [
      24.318886,
      0.512034
     ],
     [
      24.199081,
      0.365825
     ],
     [
      24.10917,
      0.227122
     ],
     [
      24.051334,
      0.06119
     ],
     [
      24.113702,
      0.124878
     ],
     [
      24.191465,
      0.289514
     ],
     [
      24.306404,
      0.439711
     ],
     [
      24.440741,
      0.572867
     ],
     [
      24.575986,
      0.705252
     ],
     [
      24.708126,
      0.840738
     ],
     [
      24.837072,
      0.979265
     ],
     [
      24.961985,
      1.121435
     ],
     [
      25.082754,
      1.267148
     ],
     [
      25.204964,
      1.411496
     ],
     [
      25.317413,
      1.563714
     ],
     [
      25.428776,
      1.71256
     ],
     [
      25.536283,
      1.868293
     ],
     [
      25.643551,
      2.024218
     ],
     [
      25.742239,
      2.185521
     ],
     [
      25.8422,
      2.346166
     ],
     [
      25.947056,
      2.503721
     ],
     [
      26.053151,
      2.660446
     ],
     [
      26.159749,
      2.816829
     ],
     [
      26.267508,
      2.972413
     ],
     [
      26.377592,
      3.126359
     ],
     [
      26.490881,
      3.277961
     ],
     [
      26.605118,
      3.428853
     ],
     [
      26.717284,
      3.581284
     ],
     [
      26.836768,
      3.727999
     ],
     [
      26.960876,
      3.870873
     ],
     [
      27.082758,
      4.015657
     ],
     [
      27.209961,
      4.155746
     ],
     [
      27.35173,
      4.280897
     ],
     [
      27.484239,
      4.415979
     ],
     [
      27.611353,
      4.556194
     ],
     [
      27.737851,
      4.696966
     ],
     [
      27.862412,
      4.839437
     ],
     [
      27.978224,
      4.989115
     ],
     [
      28.095109,
      5.137951
     ],
     [
      28.216735,
      5.282948
     ],
     [
      28.341535,
      5.425224
     ],
     [
      28.468887,
      5.565222
     ],
     [
      28.598621,
      5.703016
     ],
     [
      28.730903,
      5.838364
     ],
     [
      28.866374,
      5.970516
     ],
     [
      29.006268,
      6.097972
     ],
     [
      29.144581,
      6.227134
     ],
     [
      29.278237,
      6.361125
     ],
     [
      29.410446,
      6.496548
     ],
     [
      29.542349,
      6.63227
     ],
     [
      29.673583,
      6.768638
     ],
     [
      29.803375,
      6.906379
     ],
     [
      29.929597,
      7.04738
     ],
     [
      29.949486,
      7.11408
     ],
     [
      29.819485,
      6.976596
     ]
    ]
   },
   "properties": {
    "elevation": 0.0
   }
  },
  {
   "type": "Feature",
   "geometry": {
    "type": "LineString",
    "coordinates": [
     [
      15.23485,
      6.846894
     ],
     [
      15.233358,
      6.845307
     ],
     [
      15.231881,
      6.843705
     ],
     [
      15.230421,
      6.842088
     ],
     [
      15.228978,
      6.840456
     ],
     [
      15.227553,
      6.838809
     ],
     [
      15.226147,
      6.837145
     ],
     [
      15.224759,
      6.835466
     ],
     [
      15.223392,
      6.83377
     ],
     [
      15.222046,
      6.832057
     ],
     [
      15.220722,
      6.830327
     ],
     [
      15.219422,
      6.828579
     ],
     [
      15.218147,
      6.826812
     ],
     [
      15.216899,
      6.825027
     ],
     [
      15.21568,
      6.823221
     ],
     [
      15.214493,
      6.821395
     ],
     [
      15.213341,
      6.819546
     ],
     [
      15.212228,
      6.817673
     ],
     [
      15.211159,
      6.815775
     ],
     [
      15.21014,
      6.81385
     ],
     [
      15.209179,
      6.811895
     ],
     [
      15.208289,
      6.809906
     ],
     [
      15.207486,
      6.807881
     ],
     [
      15.206796,
      6.805815
     ],
     [
      15.206261,
      6.803704
     ],
     [
      15.205957,
      6.801549
     ],
     [
      15.206036,
      6.799377
     ],
     [
      15.206811,
      6.797361
     ],
     [
      15.208525,
      6.796072
     ],
     [
      15.21067,
      6.795781
     ],
     [
      15.212823,
      6.796091
     ],
     [
      15.214907,
      6.796723
     ],
     [
      15.216923,
      6.797547
     ],
     [
      15.218881,
      6.798501
     ],
     [
      15.220792,
      6.799547
     ],
     [
      15.222662,
      6.800664
     ],
     [
      15.224476,
      6.801869
     ],
     [
      15.226181,
      6.803224
     ],
     [
      15.227805,
      6.804676
     ],
     [
      15.229366,
      6.806196
     ],
     [
      15.230876,
      6.807765
     ],
     [
      15.232346,
      6.809373
     ],
     [
      15.233781,
      6.811012
     ],
     [
      15.235185,
      6.812677
     ],
     [
      15.236563,
      6.814365
     ],
     [
      15.237917,
      6.816071
     ],
     [
      15.23925,
      6.817795
     ],
     [
      15.240563,
      6.819533
     ],
     [
      15.241857,
      6.821285
     ],
     [
      15.243134,
      6.82305
     ],
     [
      15.244395,
      6.824827
     ],
     [
      15.245641,
      6.826614
     ],
     [
      15.246871,
      6.828411
     ],
     [
      15.248088,
      6.830219
     ],
     [
      15.24929,
      6.832035
     ],
     [
      15.250479,
      6.833861
     ],
     [
      15.251654,
      6.835695
     ],
     [
      15.252816,
      6.837538
     ],
     [
      15.253965,
      6.839389
     ],
     [
      15.255099,
      6.841248
     ],
     [
      15.25622,
      6.843116
     ],
     [
      15.257327,
      6.844993
     ],
     [
      15.258419,
      6.846878
     ],
     [
      15.259495,
      6.848772
     ],
     [
      15.260555,
      6.850675
     ],
     [
      15.261597,
      6.852588
     ],
     [
      15.262621,
      6.854511
     ],
     [
      15.263624,
      6.856445
     ],
     [
      15.264604,
      6.858391
     ],
     [
      15.265558,
      6.860349
     ],
     [
      15.266481,
      6.862322
     ],
     [
      15.267369,
      6.864312
     ],
     [
      15.268211,
      6.866321
     ],
     [
      15.268996,
      6.868353
     ],
     [
      15.2697,
      6.870414
     ],
     [
      15.270282,
      6.872513
     ],
     [
      15.270637,
      6.87466
     ],
     [
      15.270374,
      6.876798
     ],
     [
      15.268519,
      6.877548
     ],
     [
      15.266543,
      6.876646
     ],
     [
      15.264717,
      6.875459
     ],
     [
      15.262963,
      6.874168
     ],
     [
      15.261253,
      6.872818
     ],
     [
      15.259576,
      6.871427
     ],
     [
      15.257925,
      6.870007
     ],
     [
      15.256295,
      6.868562
     ],
     [
      15.254682,
      6.867097
     ],
     [
      15.253086,
      6.865614
     ],
     [
      15.251504,
      6.864117
     ],
     [
      15.249935,
      6.862606
     ],
     [
      15.248378,
      6.861082
     ],
     [
      15.246833,
      6.859546
     ],
     [
      15.245299,
      6.857999
     ],
     [
      15.243776,
      6.856442
     ],
     [
      15.242263,
      6.854874
     ],
     [
      15.24076,
      6.853297
     ],
     [
      15.239268,
      6.85171
     ],
     [
      15.237785,
      6.850114
     ],
     [
      15.236313,
      6.848508
     ],
     [
      15.23485,
      6.846894
     ]
    ]
   },
   "properties": {
    "elevation": 0.0
   }
  },
  {
   "type": "Feature",
   "geometry": {
    "type": "LineString",
    "coordinates": [
     [
      15.127334,
      6.739378
     ],
     [
      14.950038,
      6.579632
     ],
     [
      14.761361,
      6.433411
     ],
     [
      14.568254,
      6.293869
     ],
     [
      14.388733,
      6.136543
     ],
     [
      14.19486,
      5.997201
     ],
     [
      13.99195,
      5.871404
     ],
     [
      13.781791,
      5.758051
     ],
     [
      13.576341,
      5.636348
     ],
     [
      13.37428,
      5.509089
     ],
     [
      13.175012,
      5.377495
     ],
     [
      12.973417,
      5.249745
     ],
     [
      12.772257,
      5.121147
     ],
     [
      12.567394,
      4.998567
     ],
     [
      12.359454,
      4.881202
     ],
     [
      12.147094,
      4.772013
     ],
     [
      11.927102,
      4.679368
     ],
     [
      11.705225,
      4.591067
     ],
     [
      11.484127,
      4.500839
     ],
     [
      11.265002,
      4.40594
     ],
     [
      11.0499,
      4.302267
     ],
     [
      10.824097,
      4.232842
     ],
     [
      10.59748,
      4.183773
     ],
     [
      10.374949,
      4.097439
     ],
     [
      10.157246,
      3.999324
     ],
     [
      9.937221,
      3.906589
     ],
     [
      9.719236,
      3.80932
     ],
     [
      9.514499,
      3.686532
     ],
     [
      9.308437,
      3.565868
     ],
     [
      9.098543,
      3.452008
     ],
     [
      8.879652,
      3.357896
     ],
     [
      8.664458,
      3.254393
     ],
     [
      8.440087,
      3.174428
     ],
     [
      8.206044,
      3.127229
     ],
     [
      7.982633,
      3.092631
     ],
     [
      7.803814,
      2.997848
     ],
     [
      7.56688,
      2.982532
     ],
     [
      7.32925,
      3.000503
     ],
     [
      7.091785,
      2.977226
     ],
     [
      6.859698,
      2.921813
     ],
     [
      6.633948,
      2.843995
     ],
     [
      6.416572,
      2.745518
     ],
     [
      6.202842,
      2.639025
     ],
     [
      5.985848,
      2.539354
     ],
     [
      5.762372,
      2.455768
     ],
     [
      5.542506,
      2.36278
     ],
     [
      5.33358,
      2.247717
     ],
     [
      5.124375,
      2.132953
     ],
     [
      4.900135,
      2.051571
     ],
     [
      4.674981,
      1.974809
     ],
     [
      4.766977,
      1.978682
     ],
     [
      4.997176,
      2.039639
     ],
     [
      5.212809,
      2.141865
     ],
     [
      5.418075,
      2.263684
     ],
     [
      5.632424,
      2.368868
     ],
     [
      5.854125,
      2.45725
     ],
     [
      6.07601,
      2.545384
     ],
     [
      6.292527,
      2.646062
     ],
     [
      6.505926,
      2.753208
     ],
     [
      6.726363,
      2.844825
     ],
     [
      6.954717,
      2.914305
     ],
     [
      7.189595,
      2.956456
     ],
     [
      7.428007,
      2.962232
     ],
     [
      7.666316,
      2.9478
     ],
     [
      7.901317,
      2.981583
     ],
     [
      8.124986,
      3.065032
     ],
     [
      8.356503,
      3.122982
     ],
     [
      8.588772,
      3.176707
     ],
     [
      8.80099,
      3.285653
     ],
     [
      9.019643,
      3.381636
     ],
     [
      9.234218,
      3.486378
     ],
     [
      9.44299,
      3.602259
     ],
     [
      9.64641,
      3.727319
     ],
     [
      9.857803,
      3.837949
     ],
     [
      10.076225,
      3.934461
     ],
     [
      10.296452,
      4.026796
     ],
     [
      10.517585,
      4.116941
     ],
     [
      10.745058,
      4.187573
     ],
     [
      10.979774,
      4.223886
     ],
     [
      11.192251,
      4.332034
     ],
     [
      11.410052,
      4.429321
     ],
     [
      11.630488,
      4.521149
     ],
     [
      11.851836,
      4.610767
     ],
     [
      12.072723,
      4.701477
     ],
     [
      12.288223,
      4.804298
     ],
     [
      12.497408,
      4.919388
     ],
     [
      12.702507,
      5.041699
     ],
     [
      12.906094,
      5.16651
     ],
     [
      13.107649,
      5.29457
     ],
     [
      13.305877,
      5.427706
     ],
     [
      13.508162,
      5.554609
     ],
     [
      13.712873,
      5.677566
     ],
     [
      13.920074,
      5.796271
     ],
     [
      14.12668,
      5.915927
     ],
     [
      14.32398,
      6.050354
     ],
     [
      14.507506,
      6.202908
     ],
     [
      14.691567,
      6.354835
     ],
     [
      14.884696,
      6.49513
     ],
     [
      15.067059,
      6.649248
     ],
     [
      15.127334,
      6.739378
     ]
    ]
   },
   "properties": {
    "elevation": 0.0
   }
  },
  {
   "type": "Feature",
   "geometry": {
    "type": "LineString",
    "coordinates": [
     [
      29.93724,
      5.50209
     ],
     [
      29.842466,
      5.389023
     ],
     [
      29.738414,
      5.284177
     ],
     [
      29.631107,
      5.182654
     ],
     [
      29.521689,
      5.083407
     ],
     [
      29.410956,
      4.985628
     ],
     [
      29.302971,
      4.884826
     ],
     [
      29.196711,
      4.782203
     ],
     [
      29.091414,
      4.678592
     ],
     [
      28.986819,
      4.574272
     ],
     [
      28.882812,
      4.469365
     ],
     [
      28.779354,
      4.363917
     ],
     [
      28.676452,
      4.257927
     ],
     [
      28.57416,
      4.151347
     ],
     [
      28.472598,
      4.044072
     ],
     [
      28.372007,
      3.935887
     ],
     [
      28.272134,
      3.827038
     ],
     [
      28.169965,
      3.720377
     ],
     [
      28.098116,
      3.64898
     ],
     [
      28.007679,
      3.532312
     ],
     [
      27.911062,
      3.420563
     ],
     [
      27.814389,
      3.308862
     ],
     [
      27.718157,
      3.196781
     ],
     [
      27.623356,
      3.083487
     ],
     [
      27.530968,
      2.968231
     ],
     [
      27.442647,
      2.849823
     ],
     [
      27.357657,
      2.728998
     ],
     [
      27.271555,
      2.608973
     ],
     [
      27.179848,
      2.49316
     ],
     [
      27.085078,
      2.37989
     ],
     [
      26.998843,
      2.279767
     ],
     [
      26.913764,
      2.159021
     ],
     [
      26.832726,
      2.03551
     ],
     [
      26.754189,
      1.910394
     ],
     [
      26.678289,
      1.783662
     ],
     [
      26.607074,
      1.654258
     ],
     [
      26.538843,
      1.523237
     ],
     [
      26.464543,
      1.395667
     ],
     [
      26.378052,
      1.275908
     ],
     [
      26.290867,
      1.156654
     ],
     [
      26.202912,
      1.037967
     ],
     [
      26.11409,
      0.919927
     ],
     [
      26.024277,
      0.802639
     ],
     [
      25.933306,
      0.686248
     ],
     [
      25.840945,
      0.570957
     ],
     [
      25.746851,
      0.457076
     ],
     [
      25.651105,
      0.344581
     ],
     [
      25.554124,
      0.233148
     ],
     [
      25.454907,
      0.123708
     ],
     [
      25.36202,
      0.02472
     ],
     [
      25.474346,
      0.103443
     ],
     [
      25.572921,
      0.213457
     ],
     [
      25.669255,
      0.325451
     ],
     [
      25.764984,
      0.437962
     ],
     [
      25.859671,
      0.551351
     ],
     [
      25.952745,
      0.666066
     ],
     [
      26.043925,
      0.782293
     ],
     [
      26.133516,
      0.89975
     ],
     [
      26.222114,
      1.017958
     ],
     [
      26.31034,
      1.136444
     ],
     [
      26.398236,
      1.255176
     ],
     [
      26.485031,
      1.374713
     ],
     [
      26.561747,
      1.500478
     ],
     [
      26.62565,
      1.63344
     ],
     [
      26.699784,
      1.761209
     ],
     [
      26.777359,
      1.886923
     ],
     [
      26.857447,
      2.011053
     ],
     [
      26.940084,
      2.133499
     ],
     [
      27.02625,
      2.253481
     ],
     [
      27.119773,
      2.367771
     ],
     [
      27.21163,
      2.48344
     ],
     [
      27.299422,
      2.602246
     ],
     [
      27.385965,
      2.721967
     ],
     [
      27.472322,
      2.841819
     ],
     [
      27.557935,
      2.936913
     ],
     [
      27.644553,
      3.056124
     ],
     [
      27.739104,
      3.169625
     ],
     [
      27.834569,
      3.282361
     ],
     [
      27.930327,
      3.394848
     ],
     [
      28.027109,
      3.506453
     ],
     [
      28.125305,
      3.616817
     ],
     [
      28.224653,
      3.726146
     ],
     [
      28.324927,
      3.834626
     ],
     [
      28.425948,
      3.942411
     ],
     [
      28.527572,
      4.049626
     ],
     [
      28.629689,
      4.156374
     ],
     [
      28.732208,
      4.262735
     ],
     [
      28.835061,
      4.368774
     ],
     [
      28.938295,
      4.474441
     ],
     [
      29.041416,
      4.580218
     ],
     [
      29.144392,
      4.686137
     ],
     [
      29.247668,
      4.791756
     ],
     [
      29.354928,
      4.893326
     ],
     [
      29.465349,
      4.991446
     ],
     [
      29.575745,
      5.089604
     ],
     [
      29.684071,
      5.19004
     ],
     [
      29.789709,
      5.293296
     ],
     [
      29.891152,
      5.400661
     ],
     [
      29.982048,
      5.516883
     ],
     [
      29.93724,
      5.50209
     ]
    ]
   },
   "properties": {
    "elevation": 0.0
   }
  },
  {
   "type": "Feature",
   "geometry": {
    "type": "LineString",
    "coordinates": [
     [
      0.018773,
      4.537859
     ],
     [
      0.034328,
      4.446551
     ],
     [
      0.05677,
      4.356525
     ],
     [
      0.081458,
      4.267085
     ],
     [
      0.104693,
      4.177257
     ],
     [
      0.126417,
      4.087051
     ],
     [
      0.146538,
      3.996474
     ],
     [
      0.164205,
      3.90539
     ],
     [
      0.181279,
      3.814188
     ],
     [
      0.198067,
      3.722934
     ],
     [
      0.214719,
      3.631655
     ],
     [
      0.231402,
      3.540381
     ],
     [
      0.247694,
      3.449037
     ],
     [
      0.263434,
      3.357596
     ],
     [
      0.278641,
      3.266064
     ],
     [
      0.293331,
      3.174449
     ],
     [
      0.307518,
      3.082754
     ],
     [
      0.32121,
      2.990984
     ],
     [
      0.334414,
      2.899143
     ],
     [
      0.347134,
      2.807233
     ],
     [
      0.359369,
      2.715257
     ],
     [
      0.371119,
      2.623219
     ],
     [
      0.382376,
      2.531118
     ],
     [
      0.393134,
      2.438958
     ],
     [
      0.403378,
      2.34674
     ],
     [
      0.413093,
      2.254464
     ],
     [
      0.422259,
      2.162132
     ],
     [
      0.430848,
      2.069744
     ],
     [
      0.438827,
      1.977303
     ],
     [
      0.446156,
      1.884807
     ],
     [
      0.452784,
      1.792258
     ],
     [
      0.458645,
      1.699658
     ],
     [
      0.463659,
      1.607008
     ],
     [
      0.46772,
      1.514311
     ],
     [
      0.470689,
      1.421573
     ],
     [
      0.473003,
      1.328817
     ],
     [
      0.476456,
      1.236096
     ],
     [
      0.481713,
      1.143461
     ],
     [
      0.489643,
      1.05102
     ],
     [
      0.50133,
      0.958981
     ],
     [
      0.517537,
      0.86763
     ],
     [
      0.533034,
      0.776155
     ],
     [
      0.542552,
      0.683885
     ],
     [
      0.545031,
      0.591148
     ],
     [
      0.543424,
      0.498379
     ],
     [
      0.539972,
      0.405659
     ],
     [
      0.534684,
      0.313025
     ],
     [
      0.528024,
      0.220479
     ],
     [
      0.519047,
      0.128135
     ],
     [
      0.503013,
      0.036855
     ],
     [
      0.538454,
      0.073102
     ],
     [
      0.551862,
      0.164879
     ],
     [
      0.55962,
      0.257333
     ],
     [
      0.564315,
      0.349997
     ],
     [
      0.566679,
      0.442751
     ],
     [
      0.566897,
      0.535535
     ],
     [
      0.564831,
      0.628295
     ],
     [
      0.559946,
      0.720947
     ],
     [
      0.550874,
      0.813275
     ],
     [
      0.534009,
      0.90447
     ],
     [
      0.521182,
      0.996341
     ],
     [
      0.512744,
      1.088739
     ],
     [
      0.506365,
      1.181304
     ],
     [
      0.501286,
      1.273951
     ],
     [
      0.497142,
      1.366644
     ],
     [
      0.493634,
      1.459363
     ],
     [
      0.489423,
      1.552053
     ],
     [
      0.484312,
      1.644698
     ],
     [
      0.478469,
      1.737299
     ],
     [
      0.472007,
      1.82986
     ],
     [
      0.465001,
      1.922381
     ],
     [
      0.457507,
      2.014863
     ],
     [
      0.449561,
      2.107308
     ],
     [
      0.441189,
      2.199716
     ],
     [
      0.432406,
      2.292085
     ],
     [
      0.42322,
      2.384415
     ],
     [
      0.413629,
      2.476704
     ],
     [
      0.403623,
      2.568948
     ],
     [
      0.393183,
      2.661145
     ],
     [
      0.382278,
      2.753288
     ],
     [
      0.370861,
      2.845368
     ],
     [
      0.358863,
      2.937375
     ],
     [
      0.346179,
      3.02929
     ],
     [
      0.332645,
      3.121083
     ],
     [
      0.317985,
      3.212702
     ],
     [
      0.301667,
      3.30404
     ],
     [
      0.284394,
      3.395204
     ],
     [
      0.267571,
      3.486452
     ],
     [
      0.250907,
      3.577729
     ],
     [
      0.234349,
      3.669026
     ],
     [
      0.217336,
      3.760238
     ],
     [
      0.199505,
      3.851294
     ],
     [
      0.180929,
      3.942201
     ],
     [
      0.16164,
      4.03296
     ],
     [
      0.141632,
      4.123563
     ],
     [
      0.120849,
      4.213991
     ],
     [
      0.099154,
      4.304204
     ],
     [
      0.076227,
      4.394112
     ],
     [
      0.051127,
      4.483433
     ],
     [
      0.018773,
      4.537859
     ]
    ]
   },
   "properties": {
    "elevation": 0.0
   }
  },
  {
   "type": "Feature",
   "geometry": {
    "type": "LineString",
    "coordinates": [
     [
      29.979906,
      4.085609
     ],
     [
      29.937021,
      4.021831
     ],
     [
      29.882542,
      3.957253
     ],
     [
      29.806524,
      3.883327
     ],
     [
      29.73053,
      3.808952
     ],
     [
      29.657435,
      3.731706
     ],
     [
      29.585896,
      3.653016
     ],
     [
      29.515492,
      3.573307
     ],
     [
      29.446047,
      3.492762
     ],
     [
      29.377159,
      3.411739
     ],
     [
      29.307884,
      3.331047
     ],
     [
      29.238101,
      3.250794
     ],
     [
      29.167647,
      3.171129
     ],
     [
      29.096354,
      3.092215
     ],
     [
      29.024091,
      3.014188
     ],
     [
      28.950825,
      2.937103
     ],
     [
      28.87673,
      2.860813
     ],
     [
      28.804386,
      2.782864
     ],
     [
      28.733577,
      2.703516
     ],
     [
      28.663659,
      2.623381
     ],
     [
      28.594394,
      2.54268
     ],
     [
      28.525682,
      2.461507
     ],
     [
      28.457495,
      2.379895
     ],
     [
      28.389857,
      2.297825
     ],
     [
      28.322868,
      2.215226
     ],
     [
      28.256772,
      2.13191
     ],
     [
      28.192283,
      2.047348
     ],
     [
      28.130589,
      1.960728
     ],
     [
      28.067207,
      1.87533
     ],
     [
      28.002793,
      1.790708
     ],
     [
      27.937523,
      1.706744
     ],
     [
      27.873358,
      1.621932
     ],
     [
      27.809738,
      1.53671
     ],
     [
      27.746671,
      1.451079
     ],
     [
      27.684326,
      1.36492
     ],
     [
      27.6233,
      1.277825
     ],
     [
      27.563368,
      1.18997
     ],
     [
      27.502971,
      1.102435
     ],
     [
      27.442103,
      1.015226
     ],
     [
      27.384236,
      0.926075
     ],
     [
      27.336965,
      0.830887
     ],
     [
      27.295225,
      0.733175
     ],
     [
      27.241757,
      0.64129
     ],
     [
      27.181058,
      0.553989
     ],
     [
      27.114915,
      0.470731
     ],
     [
      27.044067,
      0.391433
     ],
     [
      26.973287,
      0.312063
     ],
     [
      26.905091,
      0.230463
     ],
     [
      26.840118,
      0.14628
     ],
     [
      26.781629,
      0.057545
     ],
     [
      26.814764,
      0.058761
     ],
     [
      26.875034,
      0.146319
     ],
     [
      26.94039,
      0.23021
     ],
     [
      27.00825,
      0.312091
     ],
     [
      27.078596,
      0.391844
     ],
     [
      27.14858,
      0.471905
     ],
     [
      27.214443,
      0.555392
     ],
     [
      27.275802,
      0.642237
     ],
     [
      27.329674,
      0.733854
     ],
     [
      27.368261,
      0.83268
     ],
     [
      27.421663,
      0.924613
     ],
     [
      27.479382,
      1.013934
     ],
     [
      27.538593,
      1.102275
     ],
     [
      27.598517,
      1.190135
     ],
     [
      27.658838,
      1.277723
     ],
     [
      27.720034,
      1.364701
     ],
     [
      27.782025,
      1.451115
     ],
     [
      27.844821,
      1.536945
     ],
     [
      27.908207,
      1.622341
     ],
     [
      27.971962,
      1.707463
     ],
     [
      28.035942,
      1.792414
     ],
     [
      28.100066,
      1.877258
     ],
     [
      28.164436,
      1.961914
     ],
     [
      28.229854,
      2.045763
     ],
     [
      28.295944,
      2.129084
     ],
     [
      28.362499,
      2.212034
     ],
     [
      28.429431,
      2.29468
     ],
     [
      28.496704,
      2.377049
     ],
     [
      28.564319,
      2.459137
     ],
     [
      28.632319,
      2.540907
     ],
     [
      28.70081,
      2.622265
     ],
     [
      28.770082,
      2.702959
     ],
     [
      28.84154,
      2.781703
     ],
     [
      28.915542,
      2.858082
     ],
     [
      28.988445,
      2.935512
     ],
     [
      29.060586,
      3.013652
     ],
     [
      29.132141,
      3.092329
     ],
     [
      29.203213,
      3.171444
     ],
     [
      29.273868,
      3.25093
     ],
     [
      29.344153,
      3.330744
     ],
     [
      29.4141,
      3.410855
     ],
     [
      29.48382,
      3.491163
     ],
     [
      29.554197,
      3.570895
     ],
     [
      29.625316,
      3.649967
     ],
     [
      29.697386,
      3.728171
     ],
     [
      29.772469,
      3.803451
     ],
     [
      29.848912,
      3.877384
     ],
     [
      29.922934,
      3.953731
     ],
     [
      29.988624,
      4.037137
     ],
     [
      29.979906,
      4.085609
     ]
    ]
   },
   "properties": {
    "elevation": 0.0
   }
  },
  {
   "type": "Feature",
   "geometry": {
    "type": "LineString",
    "coordinates": [
     [
      29.884336,
      2.377299
     ],
     [
      29.838655,
      2.326814
     ],
     [
      29.791678,
      2.277532
     ],
     [
      29.743315,
      2.229611
     ],
     [
      29.692376,
      2.184472
     ],
     [
      29.640022,
      2.140949
     ],
     [
      29.589541,
      2.09527
     ],
     [
      29.541698,
      2.046841
     ],
     [
      29.497199,
      1.995327
     ],
     [
      29.456055,
      1.941087
     ],
     [
      29.413775,
      1.887722
     ],
     [
      29.370161,
      1.83544
     ],
     [
      29.325743,
      1.783838
     ],
     [
      29.280736,
      1.732749
     ],
     [
      29.235246,
      1.682089
     ],
     [
      29.189335,
      1.631811
     ],
     [
      29.143038,
      1.581888
     ],
     [
      29.096373,
      1.532307
     ],
     [
      29.049577,
      1.482852
     ],
     [
      29.003449,
      1.432773
     ],
     [
      28.958608,
      1.381542
     ],
     [
      28.915485,
      1.328856
     ],
     [
      28.873941,
      1.274916
     ],
     [
      28.833494,
      1.220145
     ],
     [
      28.793712,
      1.16489
     ],
     [
      28.754311,
      1.109362
     ],
     [
      28.713509,
      1.054871
     ],
     [
      28.659191,
      1.026509
     ],
     [
      28.657164,
      1.005771
     ],
     [
      28.633001,
      0.943519
     ],
     [
      28.594526,
      0.887354
     ],
     [
      28.556375,
      0.83096
     ],
     [
      28.518719,
      0.774235
     ],
     [
      28.481605,
      0.717154
     ],
     [
      28.445176,
      0.659633
     ],
     [
      28.406205,
      0.603823
     ],
     [
      28.374575,
      0.560279
     ],
     [
      28.340168,
      0.503937
     ],
     [
      28.309777,
      0.48503
     ],
     [
      28.316174,
      0.438053
     ],
     [
      28.278027,
      0.382455
     ],
     [
      28.248326,
      0.32123
     ],
     [
      28.207446,
      0.267016
     ],
     [
      28.167436,
      0.212033
     ],
     [
      28.124565,
      0.170664
     ],
     [
      28.098409,
      0.108086
     ],
     [
      28.062375,
      0.05034
     ],
     [
      28.076456,
      0.037241
     ],
     [
      28.121236,
      0.08848
     ],
     [
      28.161633,
      0.143272
     ],
     [
      28.199233,
      0.200033
     ],
     [
      28.235972,
      0.257357
     ],
     [
      28.272305,
      0.314939
     ],
     [
      28.308364,
      0.372692
     ],
     [
      28.344206,
      0.430581
     ],
     [
      28.379855,
      0.488589
     ],
     [
      28.415313,
      0.546714
     ],
     [
      28.450824,
      0.604806
     ],
     [
      28.486937,
      0.662526
     ],
     [
      28.523565,
      0.719921
     ],
     [
      28.560649,
      0.777022
     ],
     [
      28.598156,
      0.833846
     ],
     [
      28.636067,
      0.890401
     ],
     [
      28.674381,
      0.946685
     ],
     [
      28.71311,
      1.002683
     ],
     [
      28.752292,
      1.058365
     ],
     [
      28.791996,
      1.113677
     ],
     [
      28.83235,
      1.168515
     ],
     [
      28.873625,
      1.222663
     ],
     [
      28.91654,
      1.275515
     ],
     [
      28.967395,
      1.317203
     ],
     [
      28.994144,
      1.370281
     ],
     [
      29.038343,
      1.346088
     ],
     [
      29.051862,
      1.346557
     ],
     [
      29.046959,
      1.409524
     ],
     [
      29.087467,
      1.464126
     ],
     [
      29.132756,
      1.51496
     ],
     [
      29.179332,
      1.564623
     ],
     [
      29.226476,
      1.613747
     ],
     [
      29.273919,
      1.662583
     ],
     [
      29.320284,
      1.712437
     ],
     [
      29.36483,
      1.763911
     ],
     [
      29.407361,
      1.815606
     ],
     [
      29.466987,
      1.84447
     ],
     [
      29.475619,
      1.902937
     ],
     [
      29.511937,
      1.960423
     ],
     [
      29.554926,
      2.013196
     ],
     [
      29.601781,
      2.062576
     ],
     [
      29.652259,
      2.108236
     ],
     [
      29.707996,
      2.147161
     ],
     [
      29.757416,
      2.160353
     ],
     [
      29.792735,
      2.209682
     ],
     [
      29.83011,
      2.265146
     ],
     [
      29.872742,
      2.318216
     ],
     [
      29.917987,
      2.369087
     ],
     [
      29.962067,
      2.42096
     ],
     [
      30.0,
      2.477338
     ],
     [
      29.972971,
      2.480668
     ],
     [
      29.928235,
      2.429342
     ],
     [
      29.884336,
      2.377299
     ]
    ]
   },
   "properties": {
    "elevation": 0.0
   }
  },
  {
   "type": "Feature",
   "geometry": {
    "type": "LineString",
    "coordinates": [
     [
      2.662302,
      1.245821
     ],
     [
      2.657498,
      1.240869
     ],
     [
      2.652863,
      1.235759
     ],
     [
      2.648433,
      1.23047
     ],
     [
      2.644255,
      1.224981
     ],
     [
      2.640391,
      1.219266
     ],
     [
      2.636922,
      1.213304
     ],
     [
      2.633954,
      1.207079
     ],
     [
      2.631621,
      1.20059
     ],
     [
      2.630078,
      1.19387
     ],
     [
      2.629479,
      1.187003
     ],
     [
      2.62993,
      1.180126
     ],
     [
      2.631443,
      1.173402
     ],
     [
      2.633929,
      1.166971
     ],
     [
      2.63723,
      1.160918
     ],
     [
      2.641179,
      1.155264
     ],
     [
      2.645628,
      1.149993
     ],
     [
      2.650457,
      1.145069
     ],
     [
      2.655605,
      1.140477
     ],
     [
      2.661108,
      1.13632
     ],
     [
      2.667013,
      1.13276
     ],
     [
      2.673338,
      1.13002
     ],
     [
      2.680027,
      1.128368
     ],
     [
      2.686906,
      1.128036
     ],
     [
      2.693713,
      1.129088
     ],
     [
      2.700213,
      1.131378
     ],
     [
      2.706286,
      1.134641
     ],
     [
      2.711918,
      1.13862
     ],
     [
      2.717148,
      1.143116
     ],
     [
      2.722031,
      1.147988
     ],
     [
      2.726618,
      1.153141
     ],
     [
      2.730955,
      1.158506
     ],
     [
      2.735078,
      1.164037
     ],
     [
      2.738954,
      1.169743
     ],
     [
      2.74247,
      1.175678
     ],
     [
      2.745648,
      1.181801
     ],
     [
      2.74845,
      1.188104
     ],
     [
      2.750832,
      1.194578
     ],
     [
      2.752748,
      1.201204
     ],
     [
      2.754146,
      1.207958
     ],
     [
      2.754971,
      1.214805
     ],
     [
      2.755164,
      1.221699
     ],
     [
      2.754665,
      1.228577
     ],
     [
      2.753415,
      1.235359
     ],
     [
      2.751361,
      1.24194
     ],
     [
      2.748463,
      1.248195
     ],
     [
      2.744703,
      1.253972
     ],
     [
      2.740099,
      1.259102
     ],
     [
      2.73472,
      1.263409
     ],
     [
      2.728688,
      1.26674
     ],
     [
      2.722174,
      1.268988
     ],
     [
      2.715376,
      1.270118
     ],
     [
      2.708483,
      1.270165
     ],
     [
      2.701654,
      1.269222
     ],
     [
      2.695002,
      1.267407
     ],
     [
      2.688599,
      1.264848
     ],
     [
      2.682482,
      1.261663
     ],
     [
      2.676666,
      1.257955
     ],
     [
      2.671152,
      1.253811
     ],
     [
      2.665931,
      1.249303
     ],
     [
      2.726858,
      1.206429
     ],
     [
      2.724934,
      1.199814
     ],
     [
      2.721905,
      1.193624
     ],
     [
      2.718034,
      1.187918
     ],
     [
      2.713527,
      1.182699
     ],
     [
      2.708528,
      1.177947
     ],
     [
      2.703137,
      1.173645
     ],
     [
      2.697421,
      1.169784
     ],
     [
      2.691428,
      1.16637
     ],
     [
      2.685188,
      1.16343
     ],
     [
      2.678725,
      1.161023
     ],
     [
      2.672059,
      1.159258
     ],
     [
      2.665227,
      1.158335
     ],
     [
      2.658349,
      1.158642
     ],
     [
      2.651872,
      1.160899
     ],
     [
      2.647127,
      1.165792
     ],
     [
      2.6453,
      1.172391
     ],
     [
      2.645363,
      1.179287
     ],
     [
      2.645942,
      1.18616
     ],
     [
      2.647009,
      1.192975
     ],
     [
      2.648583,
      1.19969
     ],
     [
      2.650687,
      1.206259
     ],
     [
      2.653339,
      1.212626
     ],
     [
      2.656561,
      1.218724
     ],
     [
      2.660368,
      1.224474
     ],
     [
      2.66477,
      1.229781
     ],
     [
      2.669764,
      1.234536
     ],
     [
      2.675325,
      1.238611
     ],
     [
      2.681396,
      1.241875
     ],
     [
      2.687882,
      1.244208
     ],
     [
      2.694648,
      1.245523
     ],
     [
      2.701535,
      1.245803
     ],
     [
      2.708411,
      1.245284
     ],
     [
      2.71512,
      1.243723
     ],
     [
      2.721194,
      1.240515
     ],
     [
      2.725657,
      1.235316
     ],
     [
      2.72795,
      1.228839
     ],
     [
      2.728581,
      1.221979
     ],
     [
      2.728186,
      1.215095
     ],
     [
      2.727153,
      1.208275
     ]
    ]
   },
   "properties": {
    "elevation": 0.0
   }
  },
  {
   "type": "Feature",
   "geometry": {
    "type": "LineString",
    "coordinates": [
     [
      29.974786,
      1.105879
     ],
     [
      29.973667,
      1.078576
     ],
     [
      29.962484,
      1.053312
     ],
     [
      29.944043,
      1.032859
     ],
     [
      29.950201,
      1.054893
     ],
     [
      29.927374,
      1.046302
     ],
     [
      29.904682,
      1.030441
     ],
     [
      29.885958,
      1.010099
     ],
     [
      29.873467,
      0.985529
     ],
     [
      29.864234,
      0.959599
     ],
     [
      29.848789,
      0.936628
     ],
     [
      29.830013,
      0.916289
     ],
     [
      29.809445,
      0.897724
     ],
     [
      29.789893,
      0.878091
     ],
     [
      29.771161,
      0.857673
     ],
     [
      29.753079,
      0.836675
     ],
     [
      29.735534,
      0.815228
     ],
     [
      29.71844,
      0.793418
     ],
     [
      29.701736,
      0.771308
     ],
     [
      29.685375,
      0.748944
     ],
     [
      29.669319,
      0.726359
     ],
     [
      29.653537,
      0.703582
     ],
     [
      29.638005,
      0.680633
     ],
     [
      29.622702,
      0.657531
     ],
     [
      29.607612,
      0.63429
     ],
     [
      29.59272,
      0.610921
     ],
     [
      29.578012,
      0.587435
     ],
     [
      29.563479,
      0.563841
     ],
     [
      29.549112,
      0.540147
     ],
     [
      29.534901,
      0.516357
     ],
     [
      29.520839,
      0.492479
     ],
     [
      29.506921,
      0.468518
     ],
     [
      29.493141,
      0.444476
     ],
     [
      29.479493,
      0.42036
     ],
     [
      29.465974,
      0.396171
     ],
     [
      29.452578,
      0.371913
     ],
     [
      29.439302,
      0.347589
     ],
     [
      29.425995,
      0.323284
     ],
     [
      29.412311,
      0.299188
     ],
     [
      29.398458,
      0.275189
     ],
     [
      29.384399,
      0.251309
     ],
     [
      29.37007,
      0.227591
     ],
     [
      29.355329,
      0.204127
     ],
     [
      29.339768,
      0.181202
     ],
     [
      29.322685,
      0.159395
     ],
     [
      29.313375,
      0.136283
     ],
     [
      29.302727,
      0.111307
     ],
     [
      29.287704,
      0.088027
     ],
     [
      29.271975,
      0.065214
     ],
     [
      29.257638,
      0.041519
     ],
     [
      29.260259,
      0.018386
     ],
     [
      29.283946,
      0.026644
     ],
     [
      29.300233,
      0.049053
     ],
     [
      29.315363,
      0.072267
     ],
     [
      29.329927,
      0.095841
     ],
     [
      29.344104,
      0.119651
     ],
     [
      29.357974,
      0.14364
     ],
     [
      29.371579,
      0.167781
     ],
     [
      29.384941,
      0.192057
     ],
     [
      29.398071,
      0.21646
     ],
     [
      29.410984,
      0.240978
     ],
     [
      29.423972,
      0.265456
     ],
     [
      29.437058,
      0.289882
     ],
     [
      29.45025,
      0.314251
     ],
     [
      29.463554,
      0.338559
     ],
     [
      29.47698,
      0.3628
     ],
     [
      29.490536,
      0.386969
     ],
     [
      29.504232,
      0.411058
     ],
     [
      29.518076,
      0.435063
     ],
     [
      29.53208,
      0.458974
     ],
     [
      29.546254,
      0.482786
     ],
     [
      29.560609,
      0.506488
     ],
     [
      29.575155,
      0.530074
     ],
     [
      29.589904,
      0.553534
     ],
     [
      29.604866,
      0.576857
     ],
     [
      29.620054,
      0.600035
     ],
     [
      29.635477,
      0.623057
     ],
     [
      29.651146,
      0.645912
     ],
     [
      29.667069,
      0.668591
     ],
     [
      29.683255,
      0.691083
     ],
     [
      29.699712,
      0.713378
     ],
     [
      29.716443,
      0.735467
     ],
     [
      29.733454,
      0.757341
     ],
     [
      29.750746,
      0.778995
     ],
     [
      29.768319,
      0.80042
     ],
     [
      29.786172,
      0.821613
     ],
     [
      29.804299,
      0.842572
     ],
     [
      29.822697,
      0.863294
     ],
     [
      29.841356,
      0.883781
     ],
     [
      29.860267,
      0.904035
     ],
     [
      29.879242,
      0.92423
     ],
     [
      29.898131,
      0.944505
     ],
     [
      29.916917,
      0.964876
     ],
     [
      29.935514,
      0.98542
     ],
     [
      29.953744,
      1.006288
     ],
     [
      29.971192,
      1.027811
     ],
     [
      29.986549,
      1.050846
     ],
     [
      29.993677,
      1.077226
     ],
     [
      29.983841,
      1.102894
     ],
     [
      29.974786,
      1.105879
     ]
    ]
   },
   "properties": {
    "elevation": 0.0
   }
  },
  {
   "type": "Feature",
   "geometry": {
    "type": "LineString",
    "coordinates": [
     [
      3.181109,
      0.624617
     ],
     [
      3.180461,
      0.622675
     ],
     [
      3.179879,
      0.620713
     ],
     [
      3.179365,
      0.618732
     ],
     [
      3.178918,
      0.616734
     ],
     [
      3.178539,
      0.614723
     ],
     [
      3.17823,
      0.612699
     ],
     [
      3.177989,
      0.610667
     ],
     [
      3.177819,
      0.608627
     ],
     [
      3.177719,
      0.606583
     ],
     [
      3.17769,
      0.604536
     ],
     [
      3.177733,
      0.602489
     ],
     [
      3.177849,
      0.600446
     ],
     [
      3.178038,
      0.598408
     ],
     [
      3.178301,
      0.596378
     ],
     [
      3.17864,
      0.594359
     ],
     [
      3.179056,
      0.592355
     ],
     [
      3.179549,
      0.590369
     ],
     [
      3.180122,
      0.588404
     ],
     [
      3.180776,
      0.586464
     ],
     [
      3.181512,
      0.584554
     ],
     [
      3.182332,
      0.582679
     ],
     [
      3.183238,
      0.580843
     ],
     [
      3.184231,
      0.579054
     ],
     [
      3.185313,
      0.577316
     ],
     [
      3.186485,
      0.575638
     ],
     [
      3.187748,
      0.574028
     ],
     [
      3.189102,
      0.572493
     ],
     [
      3.190547,
      0.571044
     ],
     [
      3.192082,
      0.56969
     ],
     [
      3.193703,
      0.568441
     ],
     [
      3.195407,
      0.567307
     ],
     [
      3.197187,
      0.566297
     ],
     [
      3.199036,
      0.56542
     ],
     [
      3.200945,
      0.564684
     ],
     [
      3.202904,
      0.564092
     ],
     [
      3.204902,
      0.563648
     ],
     [
      3.206927,
      0.563352
     ],
     [
      3.208968,
      0.563201
     ],
     [
      3.211013,
      0.56322
     ],
     [
      3.213014,
      0.563631
     ],
     [
      3.214879,
      0.564467
     ],
     [
      3.216541,
      0.565656
     ],
     [
      3.217986,
      0.567104
     ],
     [
      3.219227,
      0.56873
     ],
     [
      3.220291,
      0.570478
     ],
     [
      3.221204,
      0.572309
     ],
     [
      3.221987,
      0.5742
     ],
     [
      3.222658,
      0.576134
     ],
     [
      3.223231,
      0.578099
     ],
     [
      3.223718,
      0.580087
     ],
     [
      3.224127,
      0.582092
     ],
     [
      3.224466,
      0.584111
     ],
     [
      3.224741,
      0.586139
     ],
     [
      3.224954,
      0.588175
     ],
     [
      3.225112,
      0.590216
     ],
     [
      3.225215,
      0.59226
     ],
     [
      3.225267,
      0.594307
     ],
     [
      3.225269,
      0.596353
     ],
     [
      3.225222,
      0.5984
     ],
     [
      3.225128,
      0.600445
     ],
     [
      3.224986,
      0.602487
     ],
     [
      3.224798,
      0.604525
     ],
     [
      3.224562,
      0.606558
     ],
     [
      3.224278,
      0.608585
     ],
     [
      3.223945,
      0.610605
     ],
     [
      3.223563,
      0.612616
     ],
     [
      3.223129,
      0.614616
     ],
     [
      3.222641,
      0.616604
     ],
     [
      3.222097,
      0.618578
     ],
     [
      3.221495,
      0.620534
     ],
     [
      3.22083,
      0.62247
     ],
     [
      3.220099,
      0.624382
     ],
     [
      3.219297,
      0.626265
     ],
     [
      3.218419,
      0.628114
     ],
     [
      3.217459,
      0.629921
     ],
     [
      3.216409,
      0.631678
     ],
     [
      3.215263,
      0.633374
     ],
     [
      3.214013,
      0.634994
     ],
     [
      3.212651,
      0.636522
     ],
     [
      3.211171,
      0.637935
     ],
     [
      3.209569,
      0.639208
     ],
     [
      3.207819,
      0.64026
     ],
     [
      3.205906,
      0.640985
     ],
     [
      3.203916,
      0.641459
     ],
     [
      3.201881,
      0.641667
     ],
     [
      3.199837,
      0.641604
     ],
     [
      3.197817,
      0.64128
     ],
     [
      3.195851,
      0.640713
     ],
     [
      3.193964,
      0.639924
     ],
     [
      3.19217,
      0.638939
     ],
     [
      3.190482,
      0.637783
     ],
     [
      3.188905,
      0.636479
     ],
     [
      3.187444,
      0.635046
     ],
     [
      3.1861,
      0.633502
     ],
     [
      3.184873,
      0.631865
     ],
     [
      3.183762,
      0.630146
     ],
     [
      3.182766,
      0.628358
     ],
     [
      3.181882,
      0.626512
     ],
     [
      3.181109,
      0.624617
     ]
    ]
   },
   "properties": {
    "elevation": 0.0
   }
  },
  {
   "type": "Feature",
   "geometry": {
    "type": "LineString",
    "coordinates": [
     [
      22.808757,
      0.494915
     ],
     [
      22.807677,
      0.492691
     ],
     [
      22.806917,
      0.490338
     ],
     [
      22.806401,
      0.487918
     ],
     [
      22.806077,
      0.485465
     ],
     [
      22.805911,
      0.482996
     ],
     [
      22.805882,
      0.480522
     ],
     [
      22.805971,
      0.478049
     ],
     [
      22.806167,
      0.475582
     ],
     [
      22.806463,
      0.473125
     ],
     [
      22.806852,
      0.470681
     ],
     [
      22.807331,
      0.468253
     ],
     [
      22.807897,
      0.465844
     ],
     [
      22.808549,
      0.463456
     ],
     [
      22.809285,
      0.461094
     ],
     [
      22.810108,
      0.45876
     ],
     [
      22.811018,
      0.456459
     ],
     [
      22.812018,
      0.454195
     ],
     [
      22.813109,
      0.451974
     ],
     [
      22.814278,
      0.449793
     ],
     [
      22.815455,
      0.447616
     ],
     [
      22.816652,
      0.445449
     ],
     [
      22.817874,
      0.443297
     ],
     [
      22.819131,
      0.441165
     ],
     [
      22.820437,
      0.439063
     ],
     [
      22.821814,
      0.437007
     ],
     [
      22.8233,
      0.435029
     ],
     [
      22.824968,
      0.433203
     ],
     [
      22.826962,
      0.431753
     ],
     [
      22.829364,
      0.431442
     ],
     [
      22.831433,
      0.432745
     ],
     [
      22.832947,
      0.434696
     ],
     [
      22.834166,
      0.436849
     ],
     [
      22.835223,
      0.439086
     ],
     [
      22.83618,
      0.441369
     ],
     [
      22.837071,
      0.443677
     ],
     [
      22.837918,
      0.446003
     ],
     [
      22.838732,
      0.44834
     ],
     [
      22.839531,
      0.450682
     ],
     [
      22.840419,
      0.452992
     ],
     [
      22.841243,
      0.455326
     ],
     [
      22.84199,
      0.457685
     ],
     [
      22.84264,
      0.460072
     ],
     [
      22.843162,
      0.462491
     ],
     [
      22.8435,
      0.464942
     ],
     [
      22.84354,
      0.467414
     ],
     [
      22.842999,
      0.469816
     ],
     [
      22.841277,
      0.471494
     ],
     [
      22.838836,
      0.471499
     ],
     [
      22.836534,
      0.470605
     ],
     [
      22.834404,
      0.469348
     ],
     [
      22.832162,
      0.468301
     ],
     [
      22.829846,
      0.467431
     ],
     [
      22.827455,
      0.466799
     ],
     [
      22.824999,
      0.466522
     ],
     [
      22.822547,
      0.466795
     ],
     [
      22.820329,
      0.467856
     ],
     [
      22.818703,
      0.469702
     ],
     [
      22.817771,
      0.471986
     ],
     [
      22.81736,
      0.474423
     ],
     [
      22.817316,
      0.476896
     ],
     [
      22.817716,
      0.479334
     ],
     [
      22.818493,
      0.481682
     ],
     [
      22.819548,
      0.48392
     ],
     [
      22.820817,
      0.486043
     ],
     [
      22.82226,
      0.488053
     ],
     [
      22.82385,
      0.489949
     ],
     [
      22.825568,
      0.49173
     ],
     [
      22.827401,
      0.493391
     ],
     [
      22.829342,
      0.494927
     ],
     [
      22.831381,
      0.496328
     ],
     [
      22.833515,
      0.497581
     ],
     [
      22.835736,
      0.498672
     ],
     [
      22.838037,
      0.49958
     ],
     [
      22.840357,
      0.50043
     ],
     [
      22.842599,
      0.501478
     ],
     [
      22.84481,
      0.502589
     ],
     [
      22.846971,
      0.503794
     ],
     [
      22.849031,
      0.505164
     ],
     [
      22.850754,
      0.506919
     ],
     [
      22.850067,
      0.508962
     ],
     [
      22.84772,
      0.509717
     ],
     [
      22.845269,
      0.510052
     ],
     [
      22.8428,
      0.510212
     ],
     [
      22.840326,
      0.510271
     ],
     [
      22.837863,
      0.51047
     ],
     [
      22.83539,
      0.510523
     ],
     [
      22.832924,
      0.510326
     ],
     [
      22.830484,
      0.509917
     ],
     [
      22.828083,
      0.509322
     ],
     [
      22.825728,
      0.508559
     ],
     [
      22.823431,
      0.507642
     ],
     [
      22.821198,
      0.506575
     ],
     [
      22.81904,
      0.505363
     ],
     [
      22.816972,
      0.504006
     ],
     [
      22.815008,
      0.502501
     ],
     [
      22.813171,
      0.500843
     ],
     [
      22.81149,
      0.499028
     ],
     [
      22.810003,
      0.497052
     ],
     [
      22.808757,
      0.494915
     ]
    ]
   },
   "properties": {
    "elevation": 0.0
   }
  },
  {
   "type": "Feature",
   "geometry": {
    "type": "LineString",
    "coordinates": [
     [
      21.784795,
      0.044372
     ],
     [
      21.777177,
      0.042957
     ],
     [
      21.769558,
      0.041542
     ],
     [
      21.76194,
      0.040127
     ],
     [
      21.754322,
      0.038712
     ],
     [
      21.746703,
      0.037298
     ],
     [
      21.739085,
      0.035883
     ],
     [
      21.731466,
      0.034468
     ],
     [
      21.723848,
      0.033053
     ],
     [
      21.71623,
      0.031638
     ],
     [
      21.708611,
      0.030223
     ],
     [
      21.700993,
      0.028808
     ],
     [
      21.693375,
      0.027394
     ],
     [
      21.685756,
      0.025979
     ],
     [
      21.678138,
      0.024564
     ],
     [
      21.67052,
      0.023149
     ],
     [
      21.667806,
      0.022207
     ],
     [
      21.675554,
      0.022273
     ],
     [
      21.683302,
      0.022339
     ],
     [
      21.691051,
      0.022406
     ],
     [
      21.698799,
      0.022472
     ],
     [
      21.706547,
      0.022538
     ],
     [
      21.714296,
      0.022604
     ],
     [
      21.722044,
      0.022671
     ],
     [
      21.729793,
      0.022737
     ],
     [
      21.737541,
      0.022803
     ],
     [
      21.745289,
      0.022869
     ],
     [
      21.753038,
      0.022935
     ],
     [
      21.760786,
      0.023002
     ],
     [
      21.768534,
      0.023068
     ],
     [
      21.776283,
      0.023134
     ],
     [
      21.784031,
      0.0232
     ],
     [
      21.791779,
      0.023267
     ],
     [
      21.799528,
      0.023333
     ],
     [
      21.807276,
      0.023399
     ],
     [
      21.815024,
      0.023465
     ],
     [
      21.822773,
      0.023531
     ],
     [
      21.830521,
      0.023598
     ],
     [
      21.838269,
      0.023664
     ],
     [
      21.846018,
      0.02373
     ],
     [
      21.853766,
      0.023796
     ],
     [
      21.861514,
      0.023863
     ],
     [
      21.869262,
      0.023961
     ],
     [
      21.87701,
      0.024096
     ],
     [
      21.884757,
      0.024245
     ],
     [
      21.892504,
      0.024407
     ],
     [
      21.90025,
      0.024585
     ],
     [
      21.907997,
      0.024779
     ],
     [
      21.915742,
      0.024989
     ],
     [
      21.923488,
      0.025217
     ],
     [
      21.931232,
      0.025463
     ],
     [
      21.938976,
      0.02573
     ],
     [
      21.94672,
      0.026018
     ],
     [
      21.954462,
      0.026331
     ],
     [
      21.962203,
      0.02667
     ],
     [
      21.969943,
      0.027038
     ],
     [
      21.977681,
      0.02744
     ],
     [
      21.985417,
      0.027881
     ],
     [
      21.993151,
      0.028367
     ],
     [
      22.00088,
      0.028907
     ],
     [
      22.008605,
      0.029516
     ],
     [
      22.016322,
      0.030215
     ],
     [
      22.024026,
      0.03104
     ],
     [
      22.031706,
      0.032066
     ],
     [
      22.039319,
      0.033502
     ],
     [
      22.044574,
      0.037261
     ],
     [
      22.037662,
      0.040739
     ],
     [
      22.03048,
      0.043645
     ],
     [
      22.023141,
      0.046129
     ],
     [
      22.015692,
      0.048259
     ],
     [
      22.008163,
      0.050089
     ],
     [
      22.000575,
      0.051658
     ],
     [
      21.992944,
      0.052999
     ],
     [
      21.985279,
      0.054136
     ],
     [
      21.97759,
      0.055092
     ],
     [
      21.969882,
      0.055882
     ],
     [
      21.96216,
      0.056522
     ],
     [
      21.954427,
      0.057023
     ],
     [
      21.946688,
      0.057394
     ],
     [
      21.938943,
      0.057646
     ],
     [
      21.931196,
      0.057785
     ],
     [
      21.923447,
      0.057817
     ],
     [
      21.915699,
      0.057749
     ],
     [
      21.907952,
      0.057585
     ],
     [
      21.900208,
      0.057329
     ],
     [
      21.892467,
      0.056987
     ],
     [
      21.88473,
      0.056559
     ],
     [
      21.876998,
      0.056051
     ],
     [
      21.869272,
      0.055465
     ],
     [
      21.861552,
      0.054802
     ],
     [
      21.853838,
      0.054065
     ],
     [
      21.846132,
      0.053257
     ],
     [
      21.838433,
      0.052378
     ],
     [
      21.830743,
      0.051431
     ],
     [
      21.823061,
      0.050416
     ],
     [
      21.815388,
      0.049335
     ],
     [
      21.807725,
      0.048189
     ],
     [
      21.800071,
      0.04698
     ],
     [
      21.792428,
      0.045707
     ],
     [
      21.784795,
      0.044372
     ]
    ]
   },
   "properties": {
    "elevation": 0.0
   }
  }
 ]
}
