{
    "features": [
        {
            "geometry": {
                "coordinates": [
                    260,
                    294,
                    100.0
                ],
                "type": "Point"
            },
            "properties": {},
            "type": "Feature"
        },
        {
            "geometry": {
                "coordinates": [
                    260,
                    301,
                    100.0
                ],
                "type": "Point"
            },
            "properties": {},
            "type": "Feature"
        },
        {
            "geometry": {
                "coordinates": [
                    260,
                    308,
                    100.0
                ],
                "type": "Point"
            },
            "properties": {},
            "type": "Feature"
        },
        {
            "geometry": {
                "coordinates": [
                    260,
                    315,
                    100.0
                ],
                "type": "Point"
            },
            "properties": {},
            "type": "Feature"
        },
        {
            "geometry": {
                "coordinates": [
                    260,
                    322,
                    100.0
                ],
                "type": "Point"
            },
            "properties": {},
            "type": "Feature"
        },
        {
            "geometry": {
                "coordinates": [
                    260,
                    329,
                    100.0
                ],
                "type": "Point"
            },
            "properties": {},
            "type": "Feature"
        },
        {
            "geometry": {
                "coordinates": [
                    260,
                    336,
                    100.0
                ],
                "type": "Point"
            },
            "properties": {},
            "type": "Feature"
        },
        {
            "geometry": {
                "coordinates": [
                    260,
                    343,
                    100.0
                ],
                "type": "Point"
            },
            "properties": {},
            "type": "Feature"
        },
        {
            "geometry": {
                "coordinates": [
                    260,
                    350,
                    100.0
                ],
                "type": "Point"
            },
            "properties": {},
            "type": "Feature"
        },
        {
            "geometry": {
                "coordinates": [
                    260,
                    357,
                    100.0
                ],
                "type": "Point"
            },
            "properties": {},
            "type": "Feature"
        },
        {
            "geometry": {
                "coordinates": [
                    260,
                    364,
                    100.0
                ],
                "type": "Point"
            },
            "properties": {},
            "type": "Feature"
        },
        {
            "geometry": {
                "coordinates": [
                    260,
                    371,
                    100.0
                ],
                "type": "Point"
            },
            "properties": {},
            "type": "Feature"
        },
        {
            "geometry": {
                "coordinates": [
                    260,
                    378,
                    100.0
                ],
                "type": "Point"
            },
            "properties": {},
            "type": "Feature"
        },
        {
            "geometry": {
                "coordinates": [
                    260,
                    385,
                    100.0
                ],
                "type": "Point"
            },
            "properties": {},
            "type": "Feature"
        },
        {
            "geometry": {
                "coordinates": [
                    260,
                    392,
                    100.0
                ],
                "type": "Point"
            },
            "properties": {},
            "type": "Feature"
        },
        {
            "geometry": {
                "coordinates": [
                    260,
                    399,
                    100.0
                ],
                "type": "Point"
            },
            "properties": {},
            "type": "Feature"
        },
        {
            "geometry": {
                "coordinates": [
                    260,
                    406,
                    100.0
                ],
                "type": "Point"
            },
            "properties": {},
            "type": "Feature"
        },
        {
            "geometry": {
                "coordinates": [
                    260,
                    413,
                    100.0
                ],
                "type": "Point"
            },
            "properties": {},
            "type": "Feature"
        },
        {
            "geometry": {
                "coordinates": [
                    273,
                    259,
                    100.0
                ],
                "type": "Point"
            },
            "properties": {},
            "type": "Feature"
        },
        {
            "geometry": {
                "coordinates": [
                    273,
                    266,
                    100.0
                ],
                "type": "Point"
            },
            "properties": {},
            "type": "Feature"
        },
        {
            "geometry": {
                "coordinates": [
                    273,
                    273,
                    100.0
                ],
                "type": "Point"
            },
            "properties": {},
            "type": "Feature"
        },
        {
            "geometry": {
                "coordinates": [
                    273,
                    441,
                    100.0
                ],
                "type": "Point"
            },
            "properties": {},
            "type": "Feature"
        },
        {
            "geometry": {
                "coordinates": [
                    273,
                    448,
                    100.0
                ],
                "type": "Point"
            },
            "properties": {},
            "type": "Feature"
        },
        {
            "geometry": {
                "coordinates": [
                    273,
                    455,
                    100.0
                ],
                "type": "Point"
            },
            "properties": {},
            "type": "Feature"
        },
        {
            "geometry": {
                "coordinates": [
                    286,
                    238,
                    100.0
                ],
                "type": "Point"
            },
            "properties": {},
            "type": "Feature"
        },
        {
            "geometry": {
                "coordinates": [
                    286,
                    245,
                    100.0
                ],
                "type": "Point"
            },
            "properties": {},
            "type": "Feature"
        },
        {
            "geometry": {
                "coordinates": [
                    286,
                    469,
                    100.0
                ],
                "type": "Point"
            },
            "properties": {},
            "type": "Feature"
        },
        {
            "geometry": {
                "coordinates": [
                    286,
                    476,
                    100.0
                ],
                "type": "Point"
            },
            "properties": {},
            "type": "Feature"
        },
        {
            "geometry": {
                "coordinates": [
                    286,
                    483,
                    100.0
                ],
                "type": "Point"
            },
            "properties": {},
            "type": "Feature"
        },
        {
            "geometry": {
                "coordinates": [
                    299,
                    196,
                    100.0
                ],
                "type": "Point"
            },
            "properties": {},
            "type": "Feature"
        },
        {
            "geometry": {
                "coordinates": [
                    299,
                    203,
                    100.0
                ],
                "type": "Point"
            },
            "properties": {},
            "type": "Feature"
        },
        {
            "geometry": {
                "coordinates": [
                    299,
                    518,
                    100.0
                ],
                "type": "Point"
            },
            "properties": {},
            "type": "Feature"
        },
        {
            "geometry": {
                "coordinates": [
                    299,
                    525,
                    100.0
                ],
                "type": "Point"
            },
            "properties": {},
            "type": "Feature"
        },
        {
            "geometry": {
                "coordinates": [
                    299,
                    532,
                    100.0
                ],
                "type": "Point"
            },
            "properties": {},
            "type": "Feature"
        },
        {
            "geometry": {
                "coordinates": [
                    312,
                    168,
                    100.0
                ],
                "type": "Point"
            },
            "properties": {},
            "type": "Feature"
        },
        {
            "geometry": {
                "coordinates": [
                    312,
                    175,
                    100.0
                ],
                "type": "Point"
            },
            "properties": {},
            "type": "Feature"
        },
        {
            "geometry": {
                "coordinates": [
                    312,
                    182,
                    100.0
                ],
                "type": "Point"
            },
            "properties": {},
            "type": "Feature"
        },
        {
            "geometry": {
                "coordinates": [
                    312,
                    546,
                    100.0
                ],
                "type": "Point"
            },
            "properties": {},
            "type": "Feature"
        },
        {
            "geometry": {
                "coordinates": [
                    312,
                    553,
                    100.0
                ],
                "type": "Point"
            },
            "properties": {},
            "type": "Feature"
        },
        {
            "geometry": {
                "coordinates": [
                    325,
                    147,
                    100.0
                ],
                "type": "Point"
            },
            "properties": {},
            "type": "Feature"
        },
        {
            "geometry": {
                "coordinates": [
                    325,
                    154,
                    100.0
                ],
                "type": "Point"
            },
            "properties": {},
            "type": "Feature"
        },
        {
            "geometry": {
                "coordinates": [
                    325,
                    567,
                    100.0
                ],
                "type": "Point"
            },
            "properties": {},
            "type": "Feature"
        },
        {
            "geometry": {
                "coordinates": [
                    325,
                    574,
                    100.0
                ],
                "type": "Point"
            },
            "properties": {},
            "type": "Feature"
        },
        {
            "geometry": {
                "coordinates": [
                    325,
                    581,
                    100.0
                ],
                "type": "Point"
            },
            "properties": {},
            "type": "Feature"
        },
        {
            "geometry": {
                "coordinates": [
                    338,
                    133,
                    100.0
                ],
                "type": "Point"
            },
            "properties": {},
            "type": "Feature"
        },
        {
            "geometry": {
                "coordinates": [
                    338,
                    140,
                    100.0
                ],
                "type": "Point"
            },
            "properties": {},
            "type": "Feature"
        },
        {
            "geometry": {
                "coordinates": [
                    338,
                    595,
                    100.0
                ],
                "type": "Point"
            },
            "properties": {},
            "type": "Feature"
        },
        {
            "geometry": {
                "coordinates": [
                    338,
                    602,
                    100.0
                ],
                "type": "Point"
            },
            "properties": {},
            "type": "Feature"
        },
        {
            "geometry": {
                "coordinates": [
                    338,
                    609,
                    100.0
                ],
                "type": "Point"
            },
            "properties": {},
            "type": "Feature"
        },
        {
            "geometry": {
                "coordinates": [
                    351,
                    119,
                    100.0
                ],
                "type": "Point"
            },
            "properties": {},
            "type": "Feature"
        },
        {
            "geometry": {
                "coordinates": [
                    351,
                    126,
                    100.0
                ],
                "type": "Point"
            },
            "properties": {},
            "type": "Feature"
        },
        {
            "geometry": {
                "coordinates": [
                    351,
                    623,
                    100.0
                ],
                "type": "Point"
            },
            "properties": {},
            "type": "Feature"
        },
        {
            "geometry": {
                "coordinates": [
                    351,
                    630,
                    100.0
                ],
                "type": "Point"
            },
            "properties": {},
            "type": "Feature"
        },
        {
            "geometry": {
                "coordinates": [
                    351,
                    637,
                    100.0
                ],
                "type": "Point"
            },
            "properties": {},
            "type": "Feature"
        },
        {
            "geometry": {
                "coordinates": [
                    364,
                    98,
                    100.0
                ],
                "type": "Point"
            },
            "properties": {},
            "type": "Feature"
        },
        {
            "geometry": {
                "coordinates": [
                    364,
                    105,
                    100.0
                ],
                "type": "Point"
            },
            "properties": {},
            "type": "Feature"
        },
        {
            "geometry": {
                "coordinates": [
                    364,
                    658,
                    100.0
                ],
                "type": "Point"
            },
            "properties": {},
            "type": "Feature"
        },
        {
            "geometry": {
                "coordinates": [
                    364,
                    665,
                    100.0
                ],
                "type": "Point"
            },
            "properties": {},
            "type": "Feature"
        },
        {
            "geometry": {
                "coordinates": [
                    377,
                    84,
                    100.0
                ],
                "type": "Point"
            },
            "properties": {},
            "type": "Feature"
        },
        {
            "geometry": {
                "coordinates": [
                    377,
                    91,
                    100.0
                ],
                "type": "Point"
            },
            "properties": {},
            "type": "Feature"
        },
        {
            "geometry": {
                "coordinates": [
                    377,
                    679,
                    100.0
                ],
                "type": "Point"
            },
            "properties": {},
            "type": "Feature"
        },
        {
            "geometry": {
                "coordinates": [
                    377,
                    686,
                    100.0
                ],
                "type": "Point"
            },
            "properties": {},
            "type": "Feature"
        },
        {
            "geometry": {
                "coordinates": [
                    377,
                    693,
                    100.0
                ],
                "type": "Point"
            },
            "properties": {},
            "type": "Feature"
        },
        {
            "geometry": {
                "coordinates": [
                    390,
                    70,
                    100.0
                ],
                "type": "Point"
            },
            "properties": {},
            "type": "Feature"
        },
        {
            "geometry": {
                "coordinates": [
                    390,
                    77,
                    100.0
                ],
                "type": "Point"
            },
            "properties": {},
            "type": "Feature"
        },
        {
            "geometry": {
                "coordinates": [
                    390,
                    700,
                    100.0
                ],
                "type": "Point"
            },
            "properties": {},
            "type": "Feature"
        },
        {
            "geometry": {
                "coordinates": [
                    390,
                    707,
                    100.0
                ],
                "type": "Point"
            },
            "properties": {},
            "type": "Feature"
        },
        {
            "geometry": {
                "coordinates": [
                    390,
                    714,
                    100.0
                ],
                "type": "Point"
            },
            "properties": {},
            "type": "Feature"
        },
        {
            "geometry": {
                "coordinates": [
                    403,
                    56,
                    100.0
                ],
                "type": "Point"
            },
            "properties": {},
            "type": "Feature"
        },
        {
            "geometry": {
                "coordinates": [
                    403,
                    742,
                    100.0
                ],
                "type": "Point"
            },
            "properties": {},
            "type": "Feature"
        },
        {
            "geometry": {
                "coordinates": [
                    403,
                    749,
                    100.0
                ],
                "type": "Point"
            },
            "properties": {},
            "type": "Feature"
        },
        {
            "geometry": {
                "coordinates": [
                    403,
                    756,
                    100.0
                ],
                "type": "Point"
            },
            "properties": {},
            "type": "Feature"
        },
        {
            "geometry": {
                "coordinates": [
                    416,
                    42,
                    100.0
                ],
                "type": "Point"
            },
            "properties": {},
            "type": "Feature"
        },
        {
            "geometry": {
                "coordinates": [
                    429,
                    35,
                    100.0
                ],
                "type": "Point"
            },
            "properties": {},
            "type": "Feature"
        },
        {
            "geometry": {
                "coordinates": [
                    442,
                    28,
                    100.0
                ],
                "type": "Point"
            },
            "properties": {},
            "type": "Feature"
        },
        {
            "geometry": {
                "coordinates": [
                    455,
                    14,
                    100.0
                ],
                "type": "Point"
            },
            "properties": {},
            "type": "Feature"
        },
        {
            "geometry": {
                "coordinates": [
                    455,
                    21,
                    100.0
                ],
                "type": "Point"
            },
            "properties": {},
            "type": "Feature"
        },
        {
            "geometry": {
                "coordinates": [
                    468,
                    7,
                    100.0
                ],
                "type": "Point"
            },
            "properties": {},
            "type": "Feature"
        },
        {
            "geometry": {
                "coordinates": [
                    481,
                    0,
                    100.0
                ],
                "type": "Point"
            },
            "properties": {},
            "type": "Feature"
        },
        {
            "geometry": {
                "coordinates": [
                    117,
                    210,
                    100.0
                ],
                "type": "Point"
            },
            "properties": {},
            "type": "Feature"
        },
        {
            "geometry": {
                "coordinates": [
                    117,
                    217,
                    100.0
                ],
                "type": "Point"
            },
            "properties": {},
            "type": "Feature"
        },
        {
            "geometry": {
                "coordinates": [
                    117,
                    224,
                    100.0
                ],
                "type": "Point"
            },
            "properties": {},
            "type": "Feature"
        },
        {
            "geometry": {
                "coordinates": [
                    117,
                    231,
                    100.0
                ],
                "type": "Point"
            },
            "properties": {},
            "type": "Feature"
        },
        {
            "geometry": {
                "coordinates": [
                    117,
                    238,
                    100.0
                ],
                "type": "Point"
            },
            "properties": {},
            "type": "Feature"
        },
        {
            "geometry": {
                "coordinates": [
                    117,
                    245,
                    100.0
                ],
                "type": "Point"
            },
            "properties": {},
            "type": "Feature"
        },
        {
            "geometry": {
                "coordinates": [
                    117,
                    427,
                    100.0
                ],
                "type": "Point"
            },
            "properties": {},
            "type": "Feature"
        },
        {
            "geometry": {
                "coordinates": [
                    130,
                    182,
                    100.0
                ],
                "type": "Point"
            },
            "properties": {},
            "type": "Feature"
        },
        {
            "geometry": {
                "coordinates": [
                    130,
                    189,
                    100.0
                ],
                "type": "Point"
            },
            "properties": {},
            "type": "Feature"
        },
        {
            "geometry": {
                "coordinates": [
                    143,
                    147,
                    100.0
                ],
                "type": "Point"
            },
            "properties": {},
            "type": "Feature"
        },
        {
            "geometry": {
                "coordinates": [
                    143,
                    154,
                    100.0
                ],
                "type": "Point"
            },
            "properties": {},
            "type": "Feature"
        },
        {
            "geometry": {
                "coordinates": [
                    143,
                    161,
                    100.0
                ],
                "type": "Point"
            },
            "properties": {},
            "type": "Feature"
        },
        {
            "geometry": {
                "coordinates": [
                    156,
                    119,
                    100.0
                ],
                "type": "Point"
            },
            "properties": {},
            "type": "Feature"
        },
        {
            "geometry": {
                "coordinates": [
                    156,
                    126,
                    100.0
                ],
                "type": "Point"
            },
            "properties": {},
            "type": "Feature"
        },
        {
            "geometry": {
                "coordinates": [
                    169,
                    84,
                    100.0
                ],
                "type": "Point"
            },
            "properties": {},
            "type": "Feature"
        },
        {
            "geometry": {
                "coordinates": [
                    169,
                    91,
                    100.0
                ],
                "type": "Point"
            },
            "properties": {},
            "type": "Feature"
        },
        {
            "geometry": {
                "coordinates": [
                    169,
                    98,
                    100.0
                ],
                "type": "Point"
            },
            "properties": {},
            "type": "Feature"
        },
        {
            "geometry": {
                "coordinates": [
                    182,
                    63,
                    100.0
                ],
                "type": "Point"
            },
            "properties": {},
            "type": "Feature"
        },
        {
            "geometry": {
                "coordinates": [
                    182,
                    70,
                    100.0
                ],
                "type": "Point"
            },
            "properties": {},
            "type": "Feature"
        },
        {
            "geometry": {
                "coordinates": [
                    195,
                    49,
                    100.0
                ],
                "type": "Point"
            },
            "properties": {},
            "type": "Feature"
        },
        {
            "geometry": {
                "coordinates": [
                    195,
                    56,
                    100.0
                ],
                "type": "Point"
            },
            "properties": {},
            "type": "Feature"
        },
        {
            "geometry": {
                "coordinates": [
                    208,
                    21,
                    100.0
                ],
                "type": "Point"
            },
            "properties": {},
            "type": "Feature"
        },
        {
            "geometry": {
                "coordinates": [
                    208,
                    28,
                    100.0
                ],
                "type": "Point"
            },
            "properties": {},
            "type": "Feature"
        },
        {
            "geometry": {
                "coordinates": [
                    208,
                    35,
                    100.0
                ],
                "type": "Point"
            },
            "properties": {},
            "type": "Feature"
        },
        {
            "geometry": {
                "coordinates": [
                    221,
                    14,
                    100.0
                ],
                "type": "Point"
            },
            "properties": {},
            "type": "Feature"
        },
        {
            "geometry": {
                "coordinates": [
                    221,
                    21,
                    100.0
                ],
                "type": "Point"
            },
            "properties": {},
            "type": "Feature"
        },
        {
            "geometry": {
                "coordinates": [
                    260,
                    686,
                    100.0
                ],
                "type": "Point"
            },
            "properties": {},
            "type": "Feature"
        },
        {
            "geometry": {
                "coordinates": [
                    273,
                    707,
                    100.0
                ],
                "type": "Point"
            },
            "properties": {},
            "type": "Feature"
        },
        {
            "geometry": {
                "coordinates": [
                    299,
                    756,
                    100.0
                ],
                "type": "Point"
            },
            "properties": {},
            "type": "Feature"
        },
        {
            "geometry": {
                "coordinates": [
                    0,
                    35,
                    100.0
                ],
                "type": "Point"
            },
            "properties": {},
            "type": "Feature"
        },
        {
            "geometry": {
                "coordinates": [
                    0,
                    42,
                    100.0
                ],
                "type": "Point"
            },
            "properties": {},
            "type": "Feature"
        },
        {
            "geometry": {
                "coordinates": [
                    0,
                    49,
                    100.0
                ],
                "type": "Point"
            },
            "properties": {},
            "type": "Feature"
        },
        {
            "geometry": {
                "coordinates": [
                    0,
                    56,
                    100.0
                ],
                "type": "Point"
            },
            "properties": {},
            "type": "Feature"
        },
        {
            "geometry": {
                "coordinates": [
                    13,
                    14,
                    100.0
                ],
                "type": "Point"
            },
            "properties": {},
            "type": "Feature"
        },
        {
            "geometry": {
                "coordinates": [
                    13,
                    21,
                    100.0
                ],
                "type": "Point"
            },
            "properties": {},
            "type": "Feature"
        },
        {
            "geometry": {
                "coordinates": [
                    13,
                    28,
                    100.0
                ],
                "type": "Point"
            },
            "properties": {},
            "type": "Feature"
        },
        {
            "geometry": {
                "coordinates": [
                    13,
                    35,
                    100.0
                ],
                "type": "Point"
            },
            "properties": {},
            "type": "Feature"
        },
        {
            "geometry": {
                "coordinates": [
                    26,
                    7,
                    100.0
                ],
                "type": "Point"
            },
            "properties": {},
            "type": "Feature"
        },
        {
            "geometry": {
                "coordinates": [
                    26,
                    14,
                    100.0
                ],
                "type": "Point"
            },
            "properties": {},
            "type": "Feature"
        },
        {
            "geometry": {
                "coordinates": [
                    0,
                    490,
                    100.0
                ],
                "type": "Point"
            },
            "properties": {},
            "type": "Feature"
        },
        {
            "geometry": {
                "coordinates": [
                    13,
                    511,
                    100.0
                ],
                "type": "Point"
            },
            "properties": {},
            "type": "Feature"
        },
        {
            "geometry": {
                "coordinates": [
                    13,
                    518,
                    100.0
                ],
                "type": "Point"
            },
            "properties": {},
            "type": "Feature"
        },
        {
            "geometry": {
                "coordinates": [
                    26,
                    532,
                    100.0
                ],
                "type": "Point"
            },
            "properties": {},
            "type": "Feature"
        },
        {
            "geometry": {
                "coordinates": [
                    26,
                    539,
                    100.0
                ],
                "type": "Point"
            },
            "properties": {},
            "type": "Feature"
        },
        {
            "geometry": {
                "coordinates": [
                    39,
                    546,
                    100.0
                ],
                "type": "Point"
            },
            "properties": {},
            "type": "Feature"
        },
        {
            "geometry": {
                "coordinates": [
                    39,
                    553,
                    100.0
                ],
                "type": "Point"
            },
            "properties": {},
            "type": "Feature"
        },
        {
            "geometry": {
                "coordinates": [
                    52,
                    560,
                    100.0
                ],
                "type": "Point"
            },
            "properties": {},
            "type": "Feature"
        },
        {
            "geometry": {
                "coordinates": [
                    52,
                    567,
                    100.0
                ],
                "type": "Point"
            },
            "properties": {},
            "type": "Feature"
        },
        {
            "geometry": {
                "coordinates": [
                    65,
                    581,
                    100.0
                ],
                "type": "Point"
            },
            "properties": {},
            "type": "Feature"
        },
        {
            "geometry": {
                "coordinates": [
                    65,
                    588,
                    100.0
                ],
                "type": "Point"
            },
            "properties": {},
            "type": "Feature"
        },
        {
            "geometry": {
                "coordinates": [
                    78,
                    595,
                    100.0
                ],
                "type": "Point"
            },
            "properties": {},
            "type": "Feature"
        },
        {
            "geometry": {
                "coordinates": [
                    78,
                    602,
                    100.0
                ],
                "type": "Point"
            },
            "properties": {},
            "type": "Feature"
        },
        {
            "geometry": {
                "coordinates": [
                    91,
                    616,
                    100.0
                ],
                "type": "Point"
            },
            "properties": {},
            "type": "Feature"
        },
        {
            "geometry": {
                "coordinates": [
                    91,
                    623,
                    100.0
                ],
                "type": "Point"
            },
            "properties": {},
            "type": "Feature"
        },
        {
            "geometry": {
                "coordinates": [
                    91,
                    630,
                    100.0
                ],
                "type": "Point"
            },
            "properties": {},
            "type": "Feature"
        },
        {
            "geometry": {
                "coordinates": [
                    104,
                    637,
                    100.0
                ],
                "type": "Point"
            },
            "properties": {},
            "type": "Feature"
        },
        {
            "geometry": {
                "coordinates": [
                    104,
                    644,
                    100.0
                ],
                "type": "Point"
            },
            "properties": {},
            "type": "Feature"
        },
        {
            "geometry": {
                "coordinates": [
                    117,
                    658,
                    100.0
                ],
                "type": "Point"
            },
            "properties": {},
            "type": "Feature"
        },
        {
            "geometry": {
                "coordinates": [
                    130,
                    672,
                    100.0
                ],
                "type": "Point"
            },
            "properties": {},
            "type": "Feature"
        },
        {
            "geometry": {
                "coordinates": [
                    130,
                    679,
                    100.0
                ],
                "type": "Point"
            },
            "properties": {},
            "type": "Feature"
        },
        {
            "geometry": {
                "coordinates": [
                    143,
                    686,
                    100.0
                ],
                "type": "Point"
            },
            "properties": {},
            "type": "Feature"
        },
        {
            "geometry": {
                "coordinates": [
                    156,
                    707,
                    100.0
                ],
                "type": "Point"
            },
            "properties": {},
            "type": "Feature"
        },
        {
            "geometry": {
                "coordinates": [
                    156,
                    714,
                    100.0
                ],
                "type": "Point"
            },
            "properties": {},
            "type": "Feature"
        },
        {
            "geometry": {
                "coordinates": [
                    169,
                    728,
                    100.0
                ],
                "type": "Point"
            },
            "properties": {},
            "type": "Feature"
        },
        {
            "geometry": {
                "coordinates": [
                    169,
                    735,
                    100.0
                ],
                "type": "Point"
            },
            "properties": {},
            "type": "Feature"
        },
        {
            "geometry": {
                "coordinates": [
                    182,
                    749,
                    100.0
                ],
                "type": "Point"
            },
            "properties": {},
            "type": "Feature"
        },
        {
            "geometry": {
                "coordinates": [
                    182,
                    756,
                    100.0
                ],
                "type": "Point"
            },
            "properties": {},
            "type": "Feature"
        },
        {
            "geometry": {
                "coordinates": [
                    13,
                    679,
                    100.0
                ],
                "type": "Point"
            },
            "properties": {},
            "type": "Feature"
        },
        {
            "geometry": {
                "coordinates": [
                    26,
                    693,
                    100.0
                ],
                "type": "Point"
            },
            "properties": {},
            "type": "Feature"
        },
        {
            "geometry": {
                "coordinates": [
                    26,
                    700,
                    100.0
                ],
                "type": "Point"
            },
            "properties": {},
            "type": "Feature"
        },
        {
            "geometry": {
                "coordinates": [
                    39,
                    707,
                    100.0
                ],
                "type": "Point"
            },
            "properties": {},
            "type": "Feature"
        },
        {
            "geometry": {
                "coordinates": [
                    39,
                    714,
                    100.0
                ],
                "type": "Point"
            },
            "properties": {},
            "type": "Feature"
        },
        {
            "geometry": {
                "coordinates": [
                    52,
                    728,
                    100.0
                ],
                "type": "Point"
            },
            "properties": {},
            "type": "Feature"
        },
        {
            "geometry": {
                "coordinates": [
                    52,
                    735,
                    100.0
                ],
                "type": "Point"
            },
            "properties": {},
            "type": "Feature"
        },
        {
            "geometry": {
                "coordinates": [
                    65,
                    742,
                    100.0
                ],
                "type": "Point"
            },
            "properties": {},
            "type": "Feature"
        },
        {
            "geometry": {
                "coordinates": [
                    65,
                    749,
                    100.0
                ],
                "type": "Point"
            },
            "properties": {},
            "type": "Feature"
        },
        {
            "geometry": {
                "coordinates": [
                    416,
                    392,
                    100.0
                ],
                "type": "Point"
            },
            "properties": {},
            "type": "Feature"
        },
        {
            "geometry": {
                "coordinates": [
                    416,
                    399,
                    100.0
                ],
                "type": "Point"
            },
            "properties": {},
            "type": "Feature"
        },
        {
            "geometry": {
                "coordinates": [
                    416,
                    406,
                    100.0
                ],
                "type": "Point"
            },
            "properties": {},
            "type": "Feature"
        },
        {
            "geometry": {
                "coordinates": [
                    416,
                    413,
                    100.0
                ],
                "type": "Point"
            },
            "properties": {},
            "type": "Feature"
        },
        {
            "geometry": {
                "coordinates": [
                    416,
                    420,
                    100.0
                ],
                "type": "Point"
            },
            "properties": {},
            "type": "Feature"
        },
        {
            "geometry": {
                "coordinates": [
                    416,
                    427,
                    100.0
                ],
                "type": "Point"
            },
            "properties": {},
            "type": "Feature"
        },
        {
            "geometry": {
                "coordinates": [
                    429,
                    336,
                    100.0
                ],
                "type": "Point"
            },
            "properties": {},
            "type": "Feature"
        },
        {
            "geometry": {
                "coordinates": [
                    429,
                    343,
                    100.0
                ],
                "type": "Point"
            },
            "properties": {},
            "type": "Feature"
        },
        {
            "geometry": {
                "coordinates": [
                    429,
                    350,
                    100.0
                ],
                "type": "Point"
            },
            "properties": {},
            "type": "Feature"
        },
        {
            "geometry": {
                "coordinates": [
                    429,
                    357,
                    100.0
                ],
                "type": "Point"
            },
            "properties": {},
            "type": "Feature"
        },
        {
            "geometry": {
                "coordinates": [
                    429,
                    364,
                    100.0
                ],
                "type": "Point"
            },
            "properties": {},
            "type": "Feature"
        },
        {
            "geometry": {
                "coordinates": [
                    429,
                    441,
                    100.0
                ],
                "type": "Point"
            },
            "properties": {},
            "type": "Feature"
        },
        {
            "geometry": {
                "coordinates": [
                    429,
                    448,
                    100.0
                ],
                "type": "Point"
            },
            "properties": {},
            "type": "Feature"
        },
        {
            "geometry": {
                "coordinates": [
                    429,
                    455,
                    100.0
                ],
                "type": "Point"
            },
            "properties": {},
            "type": "Feature"
        },
        {
            "geometry": {
                "coordinates": [
                    429,
                    462,
                    100.0
                ],
                "type": "Point"
            },
            "properties": {},
            "type": "Feature"
        },
        {
            "geometry": {
                "coordinates": [
                    429,
                    469,
                    100.0
                ],
                "type": "Point"
            },
            "properties": {},
            "type": "Feature"
        },
        {
            "geometry": {
                "coordinates": [
                    442,
                    308,
                    100.0
                ],
                "type": "Point"
            },
            "properties": {},
            "type": "Feature"
        },
        {
            "geometry": {
                "coordinates": [
                    442,
                    315,
                    100.0
                ],
                "type": "Point"
            },
            "properties": {},
            "type": "Feature"
        },
        {
            "geometry": {
                "coordinates": [
                    442,
                    504,
                    100.0
                ],
                "type": "Point"
            },
            "properties": {},
            "type": "Feature"
        },
        {
            "geometry": {
                "coordinates": [
                    442,
                    511,
                    100.0
                ],
                "type": "Point"
            },
            "properties": {},
            "type": "Feature"
        },
        {
            "geometry": {
                "coordinates": [
                    442,
                    518,
                    100.0
                ],
                "type": "Point"
            },
            "properties": {},
            "type": "Feature"
        },
        {
            "geometry": {
                "coordinates": [
                    442,
                    525,
                    100.0
                ],
                "type": "Point"
            },
            "properties": {},
            "type": "Feature"
        },
        {
            "geometry": {
                "coordinates": [
                    455,
                    273,
                    100.0
                ],
                "type": "Point"
            },
            "properties": {},
            "type": "Feature"
        },
        {
            "geometry": {
                "coordinates": [
                    455,
                    280,
                    100.0
                ],
                "type": "Point"
            },
            "properties": {},
            "type": "Feature"
        },
        {
            "geometry": {
                "coordinates": [
                    455,
                    287,
                    100.0
                ],
                "type": "Point"
            },
            "properties": {},
            "type": "Feature"
        },
        {
            "geometry": {
                "coordinates": [
                    455,
                    546,
                    100.0
                ],
                "type": "Point"
            },
            "properties": {},
            "type": "Feature"
        },
        {
            "geometry": {
                "coordinates": [
                    455,
                    553,
                    100.0
                ],
                "type": "Point"
            },
            "properties": {},
            "type": "Feature"
        },
        {
            "geometry": {
                "coordinates": [
                    468,
                    252,
                    100.0
                ],
                "type": "Point"
            },
            "properties": {},
            "type": "Feature"
        },
        {
            "geometry": {
                "coordinates": [
                    468,
                    259,
                    100.0
                ],
                "type": "Point"
            },
            "properties": {},
            "type": "Feature"
        },
        {
            "geometry": {
                "coordinates": [
                    468,
                    574,
                    100.0
                ],
                "type": "Point"
            },
            "properties": {},
            "type": "Feature"
        },
        {
            "geometry": {
                "coordinates": [
                    468,
                    581,
                    100.0
                ],
                "type": "Point"
            },
            "properties": {},
            "type": "Feature"
        },
        {
            "geometry": {
                "coordinates": [
                    468,
                    588,
                    100.0
                ],
                "type": "Point"
            },
            "properties": {},
            "type": "Feature"
        },
        {
            "geometry": {
                "coordinates": [
                    481,
                    231,
                    100.0
                ],
                "type": "Point"
            },
            "properties": {},
            "type": "Feature"
        },
        {
            "geometry": {
                "coordinates": [
                    481,
                    238,
                    100.0
                ],
                "type": "Point"
            },
            "properties": {},
            "type": "Feature"
        },
        {
            "geometry": {
                "coordinates": [
                    481,
                    602,
                    100.0
                ],
                "type": "Point"
            },
            "properties": {},
            "type": "Feature"
        },
        {
            "geometry": {
                "coordinates": [
                    481,
                    609,
                    100.0
                ],
                "type": "Point"
            },
            "properties": {},
            "type": "Feature"
        },
        {
            "geometry": {
                "coordinates": [
                    481,
                    616,
                    100.0
                ],
                "type": "Point"
            },
            "properties": {},
            "type": "Feature"
        },
        {
            "geometry": {
                "coordinates": [
                    494,
                    217,
                    100.0
                ],
                "type": "Point"
            },
            "properties": {},
            "type": "Feature"
        },
        {
            "geometry": {
                "coordinates": [
                    494,
                    224,
                    100.0
                ],
                "type": "Point"
            },
            "properties": {},
            "type": "Feature"
        },
        {
            "geometry": {
                "coordinates": [
                    494,
                    637,
                    100.0
                ],
                "type": "Point"
            },
            "properties": {},
            "type": "Feature"
        },
        {
            "geometry": {
                "coordinates": [
                    494,
                    644,
                    100.0
                ],
                "type": "Point"
            },
            "properties": {},
            "type": "Feature"
        },
        {
            "geometry": {
                "coordinates": [
                    494,
                    651,
                    100.0
                ],
                "type": "Point"
            },
            "properties": {},
            "type": "Feature"
        },
        {
            "geometry": {
                "coordinates": [
                    494,
                    658,
                    100.0
                ],
                "type": "Point"
            },
            "properties": {},
            "type": "Feature"
        },
        {
            "geometry": {
                "coordinates": [
                    507,
                    203,
                    100.0
                ],
                "type": "Point"
            },
            "properties": {},
            "type": "Feature"
        },
        {
            "geometry": {
                "coordinates": [
                    507,
                    210,
                    100.0
                ],
                "type": "Point"
            },
            "properties": {},
            "type": "Feature"
        },
        {
            "geometry": {
                "coordinates": [
                    507,
                    672,
                    100.0
                ],
                "type": "Point"
            },
            "properties": {},
            "type": "Feature"
        },
        {
            "geometry": {
                "coordinates": [
                    507,
                    679,
                    100.0
                ],
                "type": "Point"
            },
            "properties": {},
            "type": "Feature"
        },
        {
            "geometry": {
                "coordinates": [
                    507,
                    686,
                    100.0
                ],
                "type": "Point"
            },
            "properties": {},
            "type": "Feature"
        },
        {
            "geometry": {
                "coordinates": [
                    520,
                    189,
                    100.0
                ],
                "type": "Point"
            },
            "properties": {},
            "type": "Feature"
        },
        {
            "geometry": {
                "coordinates": [
                    520,
                    196,
                    100.0
                ],
                "type": "Point"
            },
            "properties": {},
            "type": "Feature"
        },
        {
            "geometry": {
                "coordinates": [
                    520,
                    700,
                    100.0
                ],
                "type": "Point"
            },
            "properties": {},
            "type": "Feature"
        },
        {
            "geometry": {
                "coordinates": [
                    520,
                    707,
                    100.0
                ],
                "type": "Point"
            },
            "properties": {},
            "type": "Feature"
        },
        {
            "geometry": {
                "coordinates": [
                    533,
                    175,
                    100.0
                ],
                "type": "Point"
            },
            "properties": {},
            "type": "Feature"
        },
        {
            "geometry": {
                "coordinates": [
                    533,
                    182,
                    100.0
                ],
                "type": "Point"
            },
            "properties": {},
            "type": "Feature"
        },
        {
            "geometry": {
                "coordinates": [
                    533,
                    714,
                    100.0
                ],
                "type": "Point"
            },
            "properties": {},
            "type": "Feature"
        },
        {
            "geometry": {
                "coordinates": [
                    533,
                    721,
                    100.0
                ],
                "type": "Point"
            },
            "properties": {},
            "type": "Feature"
        },
        {
            "geometry": {
                "coordinates": [
                    546,
                    161,
                    100.0
                ],
                "type": "Point"
            },
            "properties": {},
            "type": "Feature"
        },
        {
            "geometry": {
                "coordinates": [
                    546,
                    728,
                    100.0
                ],
                "type": "Point"
            },
            "properties": {},
            "type": "Feature"
        },
        {
            "geometry": {
                "coordinates": [
                    546,
                    735,
                    100.0
                ],
                "type": "Point"
            },
            "properties": {},
            "type": "Feature"
        },
        {
            "geometry": {
                "coordinates": [
                    559,
                    154,
                    100.0
                ],
                "type": "Point"
            },
            "properties": {},
            "type": "Feature"
        },
        {
            "geometry": {
                "coordinates": [
                    559,
                    742,
                    100.0
                ],
                "type": "Point"
            },
            "properties": {},
            "type": "Feature"
        },
        {
            "geometry": {
                "coordinates": [
                    572,
                    147,
                    100.0
                ],
                "type": "Point"
            },
            "properties": {},
            "type": "Feature"
        },
        {
            "geometry": {
                "coordinates": [
                    572,
                    749,
                    100.0
                ],
                "type": "Point"
            },
            "properties": {},
            "type": "Feature"
        },
        {
            "geometry": {
                "coordinates": [
                    585,
                    140,
                    100.0
                ],
                "type": "Point"
            },
            "properties": {},
            "type": "Feature"
        },
        {
            "geometry": {
                "coordinates": [
                    585,
                    756,
                    100.0
                ],
                "type": "Point"
            },
            "properties": {},
            "type": "Feature"
        },
        {
            "geometry": {
                "coordinates": [
                    598,
                    133,
                    100.0
                ],
                "type": "Point"
            },
            "properties": {},
            "type": "Feature"
        },
        {
            "geometry": {
                "coordinates": [
                    598,
                    756,
                    100.0
                ],
                "type": "Point"
            },
            "properties": {},
            "type": "Feature"
        },
        {
            "geometry": {
                "coordinates": [
                    611,
                    119,
                    100.0
                ],
                "type": "Point"
            },
            "properties": {},
            "type": "Feature"
        },
        {
            "geometry": {
                "coordinates": [
                    611,
                    749,
                    100.0
                ],
                "type": "Point"
            },
            "properties": {},
            "type": "Feature"
        },
        {
            "geometry": {
                "coordinates": [
                    611,
                    756,
                    100.0
                ],
                "type": "Point"
            },
            "properties": {},
            "type": "Feature"
        },
        {
            "geometry": {
                "coordinates": [
                    624,
                    105,
                    100.0
                ],
                "type": "Point"
            },
            "properties": {},
            "type": "Feature"
        },
        {
            "geometry": {
                "coordinates": [
                    637,
                    98,
                    100.0
                ],
                "type": "Point"
            },
            "properties": {},
            "type": "Feature"
        },
        {
            "geometry": {
                "coordinates": [
                    637,
                    735,
                    100.0
                ],
                "type": "Point"
            },
            "properties": {},
            "type": "Feature"
        },
        {
            "geometry": {
                "coordinates": [
                    650,
                    91,
                    100.0
                ],
                "type": "Point"
            },
            "properties": {},
            "type": "Feature"
        },
        {
            "geometry": {
                "coordinates": [
                    650,
                    728,
                    100.0
                ],
                "type": "Point"
            },
            "properties": {},
            "type": "Feature"
        },
        {
            "geometry": {
                "coordinates": [
                    663,
                    91,
                    100.0
                ],
                "type": "Point"
            },
            "properties": {},
            "type": "Feature"
        },
        {
            "geometry": {
                "coordinates": [
                    676,
                    84,
                    100.0
                ],
                "type": "Point"
            },
            "properties": {},
            "type": "Feature"
        },
        {
            "geometry": {
                "coordinates": [
                    689,
                    84,
                    100.0
                ],
                "type": "Point"
            },
            "properties": {},
            "type": "Feature"
        },
        {
            "geometry": {
                "coordinates": [
                    689,
                    707,
                    100.0
                ],
                "type": "Point"
            },
            "properties": {},
            "type": "Feature"
        },
        {
            "geometry": {
                "coordinates": [
                    702,
                    77,
                    100.0
                ],
                "type": "Point"
            },
            "properties": {},
            "type": "Feature"
        },
        {
            "geometry": {
                "coordinates": [
                    715,
                    77,
                    100.0
                ],
                "type": "Point"
            },
            "properties": {},
            "type": "Feature"
        },
        {
            "geometry": {
                "coordinates": [
                    728,
                    77,
                    100.0
                ],
                "type": "Point"
            },
            "properties": {},
            "type": "Feature"
        },
        {
            "geometry": {
                "coordinates": [
                    741,
                    77,
                    100.0
                ],
                "type": "Point"
            },
            "properties": {},
            "type": "Feature"
        },
        {
            "geometry": {
                "coordinates": [
                    741,
                    644,
                    100.0
                ],
                "type": "Point"
            },
            "properties": {},
            "type": "Feature"
        },
        {
            "geometry": {
                "coordinates": [
                    754,
                    77,
                    100.0
                ],
                "type": "Point"
            },
            "properties": {},
            "type": "Feature"
        },
        {
            "geometry": {
                "coordinates": [
                    754,
                    623,
                    100.0
                ],
                "type": "Point"
            },
            "properties": {},
            "type": "Feature"
        },
        {
            "geometry": {
                "coordinates": [
                    767,
                    77,
                    100.0
                ],
                "type": "Point"
            },
            "properties": {},
            "type": "Feature"
        },
        {
            "geometry": {
                "coordinates": [
                    780,
                    84,
                    100.0
                ],
                "type": "Point"
            },
            "properties": {},
            "type": "Feature"
        },
        {
            "geometry": {
                "coordinates": [
                    793,
                    84,
                    100.0
                ],
                "type": "Point"
            },
            "properties": {},
            "type": "Feature"
        },
        {
            "geometry": {
                "coordinates": [
                    793,
                    560,
                    100.0
                ],
                "type": "Point"
            },
            "properties": {},
            "type": "Feature"
        },
        {
            "geometry": {
                "coordinates": [
                    806,
                    91,
                    100.0
                ],
                "type": "Point"
            },
            "properties": {},
            "type": "Feature"
        },
        {
            "geometry": {
                "coordinates": [
                    819,
                    98,
                    100.0
                ],
                "type": "Point"
            },
            "properties": {},
            "type": "Feature"
        },
        {
            "geometry": {
                "coordinates": [
                    832,
                    105,
                    100.0
                ],
                "type": "Point"
            },
            "properties": {},
            "type": "Feature"
        },
        {
            "geometry": {
                "coordinates": [
                    832,
                    112,
                    100.0
                ],
                "type": "Point"
            },
            "properties": {},
            "type": "Feature"
        },
        {
            "geometry": {
                "coordinates": [
                    832,
                    504,
                    100.0
                ],
                "type": "Point"
            },
            "properties": {},
            "type": "Feature"
        },
        {
            "geometry": {
                "coordinates": [
                    845,
                    112,
                    100.0
                ],
                "type": "Point"
            },
            "properties": {},
            "type": "Feature"
        },
        {
            "geometry": {
                "coordinates": [
                    845,
                    119,
                    100.0
                ],
                "type": "Point"
            },
            "properties": {},
            "type": "Feature"
        },
        {
            "geometry": {
                "coordinates": [
                    845,
                    126,
                    100.0
                ],
                "type": "Point"
            },
            "properties": {},
            "type": "Feature"
        },
        {
            "geometry": {
                "coordinates": [
                    845,
                    133,
                    100.0
                ],
                "type": "Point"
            },
            "properties": {},
            "type": "Feature"
        },
        {
            "geometry": {
                "coordinates": [
                    845,
                    140,
                    100.0
                ],
                "type": "Point"
            },
            "properties": {},
            "type": "Feature"
        },
        {
            "geometry": {
                "coordinates": [
                    845,
                    147,
                    100.0
                ],
                "type": "Point"
            },
            "properties": {},
            "type": "Feature"
        },
        {
            "geometry": {
                "coordinates": [
                    858,
                    189,
                    100.0
                ],
                "type": "Point"
            },
            "properties": {},
            "type": "Feature"
        },
        {
            "geometry": {
                "coordinates": [
                    858,
                    196,
                    100.0
                ],
                "type": "Point"
            },
            "properties": {},
            "type": "Feature"
        },
        {
            "geometry": {
                "coordinates": [
                    858,
                    203,
                    100.0
                ],
                "type": "Point"
            },
            "properties": {},
            "type": "Feature"
        },
        {
            "geometry": {
                "coordinates": [
                    871,
                    224,
                    100.0
                ],
                "type": "Point"
            },
            "properties": {},
            "type": "Feature"
        },
        {
            "geometry": {
                "coordinates": [
                    871,
                    238,
                    100.0
                ],
                "type": "Point"
            },
            "properties": {},
            "type": "Feature"
        },
        {
            "geometry": {
                "coordinates": [
                    871,
                    245,
                    100.0
                ],
                "type": "Point"
            },
            "properties": {},
            "type": "Feature"
        },
        {
            "geometry": {
                "coordinates": [
                    871,
                    252,
                    100.0
                ],
                "type": "Point"
            },
            "properties": {},
            "type": "Feature"
        },
        {
            "geometry": {
                "coordinates": [
                    871,
                    259,
                    100.0
                ],
                "type": "Point"
            },
            "properties": {},
            "type": "Feature"
        },
        {
            "geometry": {
                "coordinates": [
                    884,
                    280,
                    100.0
                ],
                "type": "Point"
            },
            "properties": {},
            "type": "Feature"
        },
        {
            "geometry": {
                "coordinates": [
                    884,
                    287,
                    100.0
                ],
                "type": "Point"
            },
            "properties": {},
            "type": "Feature"
        },
        {
            "geometry": {
                "coordinates": [
                    884,
                    413,
                    100.0
                ],
                "type": "Point"
            },
            "properties": {},
            "type": "Feature"
        },
        {
            "geometry": {
                "coordinates": [
                    897,
                    294,
                    100.0
                ],
                "type": "Point"
            },
            "properties": {},
            "type": "Feature"
        },
        {
            "geometry": {
                "coordinates": [
                    897,
                    301,
                    100.0
                ],
                "type": "Point"
            },
            "properties": {},
            "type": "Feature"
        },
        {
            "geometry": {
                "coordinates": [
                    897,
                    308,
                    100.0
                ],
                "type": "Point"
            },
            "properties": {},
            "type": "Feature"
        },
        {
            "geometry": {
                "coordinates": [
                    897,
                    315,
                    100.0
                ],
                "type": "Point"
            },
            "properties": {},
            "type": "Feature"
        },
        {
            "geometry": {
                "coordinates": [
                    897,
                    322,
                    100.0
                ],
                "type": "Point"
            },
            "properties": {},
            "type": "Feature"
        },
        {
            "geometry": {
                "coordinates": [
                    897,
                    385,
                    100.0
                ],
                "type": "Point"
            },
            "properties": {},
            "type": "Feature"
        },
        {
            "geometry": {
                "coordinates": [
                    611,
                    434,
                    100.0
                ],
                "type": "Point"
            },
            "properties": {},
            "type": "Feature"
        },
        {
            "geometry": {
                "coordinates": [
                    611,
                    441,
                    100.0
                ],
                "type": "Point"
            },
            "properties": {},
            "type": "Feature"
        },
        {
            "geometry": {
                "coordinates": [
                    611,
                    448,
                    100.0
                ],
                "type": "Point"
            },
            "properties": {},
            "type": "Feature"
        },
        {
            "geometry": {
                "coordinates": [
                    611,
                    455,
                    100.0
                ],
                "type": "Point"
            },
            "properties": {},
            "type": "Feature"
        },
        {
            "geometry": {
                "coordinates": [
                    611,
                    462,
                    100.0
                ],
                "type": "Point"
            },
            "properties": {},
            "type": "Feature"
        },
        {
            "geometry": {
                "coordinates": [
                    611,
                    469,
                    100.0
                ],
                "type": "Point"
            },
            "properties": {},
            "type": "Feature"
        },
        {
            "geometry": {
                "coordinates": [
                    611,
                    476,
                    100.0
                ],
                "type": "Point"
            },
            "properties": {},
            "type": "Feature"
        },
        {
            "geometry": {
                "coordinates": [
                    611,
                    483,
                    100.0
                ],
                "type": "Point"
            },
            "properties": {},
            "type": "Feature"
        },
        {
            "geometry": {
                "coordinates": [
                    624,
                    385,
                    100.0
                ],
                "type": "Point"
            },
            "properties": {},
            "type": "Feature"
        },
        {
            "geometry": {
                "coordinates": [
                    624,
                    392,
                    100.0
                ],
                "type": "Point"
            },
            "properties": {},
            "type": "Feature"
        },
        {
            "geometry": {
                "coordinates": [
                    624,
                    399,
                    100.0
                ],
                "type": "Point"
            },
            "properties": {},
            "type": "Feature"
        },
        {
            "geometry": {
                "coordinates": [
                    624,
                    406,
                    100.0
                ],
                "type": "Point"
            },
            "properties": {},
            "type": "Feature"
        },
        {
            "geometry": {
                "coordinates": [
                    624,
                    504,
                    100.0
                ],
                "type": "Point"
            },
            "properties": {},
            "type": "Feature"
        },
        {
            "geometry": {
                "coordinates": [
                    624,
                    511,
                    100.0
                ],
                "type": "Point"
            },
            "properties": {},
            "type": "Feature"
        },
        {
            "geometry": {
                "coordinates": [
                    637,
                    371,
                    100.0
                ],
                "type": "Point"
            },
            "properties": {},
            "type": "Feature"
        },
        {
            "geometry": {
                "coordinates": [
                    637,
                    518,
                    100.0
                ],
                "type": "Point"
            },
            "properties": {},
            "type": "Feature"
        },
        {
            "geometry": {
                "coordinates": [
                    637,
                    525,
                    100.0
                ],
                "type": "Point"
            },
            "properties": {},
            "type": "Feature"
        },
        {
            "geometry": {
                "coordinates": [
                    650,
                    357,
                    100.0
                ],
                "type": "Point"
            },
            "properties": {},
            "type": "Feature"
        },
        {
            "geometry": {
                "coordinates": [
                    650,
                    539,
                    100.0
                ],
                "type": "Point"
            },
            "properties": {},
            "type": "Feature"
        },
        {
            "geometry": {
                "coordinates": [
                    650,
                    546,
                    100.0
                ],
                "type": "Point"
            },
            "properties": {},
            "type": "Feature"
        },
        {
            "geometry": {
                "coordinates": [
                    663,
                    350,
                    100.0
                ],
                "type": "Point"
            },
            "properties": {},
            "type": "Feature"
        },
        {
            "geometry": {
                "coordinates": [
                    663,
                    553,
                    100.0
                ],
                "type": "Point"
            },
            "properties": {},
            "type": "Feature"
        },
        {
            "geometry": {
                "coordinates": [
                    676,
                    343,
                    100.0
                ],
                "type": "Point"
            },
            "properties": {},
            "type": "Feature"
        },
        {
            "geometry": {
                "coordinates": [
                    676,
                    553,
                    100.0
                ],
                "type": "Point"
            },
            "properties": {},
            "type": "Feature"
        },
        {
            "geometry": {
                "coordinates": [
                    689,
                    329,
                    100.0
                ],
                "type": "Point"
            },
            "properties": {},
            "type": "Feature"
        },
        {
            "geometry": {
                "coordinates": [
                    689,
                    336,
                    100.0
                ],
                "type": "Point"
            },
            "properties": {},
            "type": "Feature"
        },
        {
            "geometry": {
                "coordinates": [
                    689,
                    539,
                    100.0
                ],
                "type": "Point"
            },
            "properties": {},
            "type": "Feature"
        },
        {
            "geometry": {
                "coordinates": [
                    689,
                    546,
                    100.0
                ],
                "type": "Point"
            },
            "properties": {},
            "type": "Feature"
        },
        {
            "geometry": {
                "coordinates": [
                    702,
                    329,
                    100.0
                ],
                "type": "Point"
            },
            "properties": {},
            "type": "Feature"
        },
        {
            "geometry": {
                "coordinates": [
                    702,
                    525,
                    100.0
                ],
                "type": "Point"
            },
            "properties": {},
            "type": "Feature"
        },
        {
            "geometry": {
                "coordinates": [
                    702,
                    532,
                    100.0
                ],
                "type": "Point"
            },
            "properties": {},
            "type": "Feature"
        },
        {
            "geometry": {
                "coordinates": [
                    715,
                    322,
                    100.0
                ],
                "type": "Point"
            },
            "properties": {},
            "type": "Feature"
        },
        {
            "geometry": {
                "coordinates": [
                    715,
                    511,
                    100.0
                ],
                "type": "Point"
            },
            "properties": {},
            "type": "Feature"
        },
        {
            "geometry": {
                "coordinates": [
                    715,
                    518,
                    100.0
                ],
                "type": "Point"
            },
            "properties": {},
            "type": "Feature"
        },
        {
            "geometry": {
                "coordinates": [
                    728,
                    322,
                    100.0
                ],
                "type": "Point"
            },
            "properties": {},
            "type": "Feature"
        },
        {
            "geometry": {
                "coordinates": [
                    728,
                    329,
                    100.0
                ],
                "type": "Point"
            },
            "properties": {},
            "type": "Feature"
        },
        {
            "geometry": {
                "coordinates": [
                    728,
                    497,
                    100.0
                ],
                "type": "Point"
            },
            "properties": {},
            "type": "Feature"
        },
        {
            "geometry": {
                "coordinates": [
                    728,
                    504,
                    100.0
                ],
                "type": "Point"
            },
            "properties": {},
            "type": "Feature"
        },
        {
            "geometry": {
                "coordinates": [
                    741,
                    329,
                    100.0
                ],
                "type": "Point"
            },
            "properties": {},
            "type": "Feature"
        },
        {
            "geometry": {
                "coordinates": [
                    741,
                    336,
                    100.0
                ],
                "type": "Point"
            },
            "properties": {},
            "type": "Feature"
        },
        {
            "geometry": {
                "coordinates": [
                    741,
                    476,
                    100.0
                ],
                "type": "Point"
            },
            "properties": {},
            "type": "Feature"
        },
        {
            "geometry": {
                "coordinates": [
                    741,
                    483,
                    100.0
                ],
                "type": "Point"
            },
            "properties": {},
            "type": "Feature"
        },
        {
            "geometry": {
                "coordinates": [
                    741,
                    490,
                    100.0
                ],
                "type": "Point"
            },
            "properties": {},
            "type": "Feature"
        },
        {
            "geometry": {
                "coordinates": [
                    754,
                    343,
                    100.0
                ],
                "type": "Point"
            },
            "properties": {},
            "type": "Feature"
        },
        {
            "geometry": {
                "coordinates": [
                    754,
                    350,
                    100.0
                ],
                "type": "Point"
            },
            "properties": {},
            "type": "Feature"
        },
        {
            "geometry": {
                "coordinates": [
                    754,
                    357,
                    100.0
                ],
                "type": "Point"
            },
            "properties": {},
            "type": "Feature"
        },
        {
            "geometry": {
                "coordinates": [
                    754,
                    448,
                    100.0
                ],
                "type": "Point"
            },
            "properties": {},
            "type": "Feature"
        },
        {
            "geometry": {
                "coordinates": [
                    754,
                    455,
                    100.0
                ],
                "type": "Point"
            },
            "properties": {},
            "type": "Feature"
        },
        {
            "geometry": {
                "coordinates": [
                    754,
                    462,
                    100.0
                ],
                "type": "Point"
            },
            "properties": {},
            "type": "Feature"
        },
        {
            "geometry": {
                "coordinates": [
                    767,
                    420,
                    100.0
                ],
                "type": "Point"
            },
            "properties": {},
            "type": "Feature"
        },
        {
            "geometry": {
                "coordinates": [
                    767,
                    427,
                    100.0
                ],
                "type": "Point"
            },
            "properties": {},
            "type": "Feature"
        },
        {
            "geometry": {
                "coordinates": [
                    767,
                    434,
                    100.0
                ],
                "type": "Point"
            },
            "properties": {},
            "type": "Feature"
        },
        {
            "geometry": {
                "coordinates": [
                    767,
                    735,
                    100.0
                ],
                "type": "Point"
            },
            "properties": {},
            "type": "Feature"
        },
        {
            "geometry": {
                "coordinates": [
                    780,
                    721,
                    100.0
                ],
                "type": "Point"
            },
            "properties": {},
            "type": "Feature"
        },
        {
            "geometry": {
                "coordinates": [
                    806,
                    686,
                    100.0
                ],
                "type": "Point"
            },
            "properties": {},
            "type": "Feature"
        },
        {
            "geometry": {
                "coordinates": [
                    832,
                    644,
                    100.0
                ],
                "type": "Point"
            },
            "properties": {},
            "type": "Feature"
        },
        {
            "geometry": {
                "coordinates": [
                    858,
                    602,
                    100.0
                ],
                "type": "Point"
            },
            "properties": {},
            "type": "Feature"
        },
        {
            "geometry": {
                "coordinates": [
                    871,
                    581,
                    100.0
                ],
                "type": "Point"
            },
            "properties": {},
            "type": "Feature"
        },
        {
            "geometry": {
                "coordinates": [
                    884,
                    567,
                    100.0
                ],
                "type": "Point"
            },
            "properties": {},
            "type": "Feature"
        },
        {
            "geometry": {
                "coordinates": [
                    897,
                    553,
                    100.0
                ],
                "type": "Point"
            },
            "properties": {},
            "type": "Feature"
        },
        {
            "geometry": {
                "coordinates": [
                    923,
                    518,
                    100.0
                ],
                "type": "Point"
            },
            "properties": {},
            "type": "Feature"
        },
        {
            "geometry": {
                "coordinates": [
                    936,
                    497,
                    100.0
                ],
                "type": "Point"
            },
            "properties": {},
            "type": "Feature"
        },
        {
            "geometry": {
                "coordinates": [
                    949,
                    476,
                    100.0
                ],
                "type": "Point"
            },
            "properties": {},
            "type": "Feature"
        },
        {
            "geometry": {
                "coordinates": [
                    988,
                    357,
                    100.0
                ],
                "type": "Point"
            },
            "properties": {},
            "type": "Feature"
        },
        {
            "geometry": {
                "coordinates": [
                    1001,
                    21,
                    100.0
                ],
                "type": "Point"
            },
            "properties": {},
            "type": "Feature"
        },
        {
            "geometry": {
                "coordinates": [
                    1001,
                    28,
                    100.0
                ],
                "type": "Point"
            },
            "properties": {},
            "type": "Feature"
        },
        {
            "geometry": {
                "coordinates": [
                    1001,
                    189,
                    100.0
                ],
                "type": "Point"
            },
            "properties": {},
            "type": "Feature"
        },
        {
            "geometry": {
                "coordinates": [
                    1001,
                    196,
                    100.0
                ],
                "type": "Point"
            },
            "properties": {},
            "type": "Feature"
        },
        {
            "geometry": {
                "coordinates": [
                    1001,
                    294,
                    100.0
                ],
                "type": "Point"
            },
            "properties": {},
            "type": "Feature"
        },
        {
            "geometry": {
                "coordinates": [
                    1001,
                    301,
                    100.0
                ],
                "type": "Point"
            },
            "properties": {},
            "type": "Feature"
        },
        {
            "geometry": {
                "coordinates": [
                    1001,
                    308,
                    100.0
                ],
                "type": "Point"
            },
            "properties": {},
            "type": "Feature"
        },
        {
            "geometry": {
                "coordinates": [
                    845,
                    749,
                    100.0
                ],
                "type": "Point"
            },
            "properties": {},
            "type": "Feature"
        },
        {
            "geometry": {
                "coordinates": [
                    858,
                    728,
                    100.0
                ],
                "type": "Point"
            },
            "properties": {},
            "type": "Feature"
        },
        {
            "geometry": {
                "coordinates": [
                    871,
                    707,
                    100.0
                ],
                "type": "Point"
            },
            "properties": {},
            "type": "Feature"
        },
        {
            "geometry": {
                "coordinates": [
                    884,
                    693,
                    100.0
                ],
                "type": "Point"
            },
            "properties": {},
            "type": "Feature"
        },
        {
            "geometry": {
                "coordinates": [
                    910,
                    651,
                    100.0
                ],
                "type": "Point"
            },
            "properties": {},
            "type": "Feature"
        },
        {
            "geometry": {
                "coordinates": [
                    923,
                    637,
                    100.0
                ],
                "type": "Point"
            },
            "properties": {},
            "type": "Feature"
        },
        {
            "geometry": {
                "coordinates": [
                    936,
                    616,
                    100.0
                ],
                "type": "Point"
            },
            "properties": {},
            "type": "Feature"
        },
        {
            "geometry": {
                "coordinates": [
                    949,
                    602,
                    100.0
                ],
                "type": "Point"
            },
            "properties": {},
            "type": "Feature"
        },
        {
            "geometry": {
                "coordinates": [
                    975,
                    567,
                    100.0
                ],
                "type": "Point"
            },
            "properties": {},
            "type": "Feature"
        },
        {
            "geometry": {
                "coordinates": [
                    1001,
                    532,
                    100.0
                ],
                "type": "Point"
            },
            "properties": {},
            "type": "Feature"
        },
        {
            "geometry": {
                "coordinates": [
                    1027,
                    490,
                    100.0
                ],
                "type": "Point"
            },
            "properties": {},
            "type": "Feature"
        },
        {
            "geometry": {
                "coordinates": [
                    1053,
                    427,
                    100.0
                ],
                "type": "Point"
            },
            "properties": {},
            "type": "Feature"
        },
        {
            "geometry": {
                "coordinates": [
                    1092,
                    343,
                    100.0
                ],
                "type": "Point"
            },
            "properties": {},
            "type": "Feature"
        },
        {
            "geometry": {
                "coordinates": [
                    1105,
                    238,
                    100.0
                ],
                "type": "Point"
            },
            "properties": {},
            "type": "Feature"
        },
        {
            "geometry": {
                "coordinates": [
                    1118,
                    70,
                    100.0
                ],
                "type": "Point"
            },
            "properties": {},
            "type": "Feature"
        },
        {
            "geometry": {
                "coordinates": [
                    1118,
                    77,
                    100.0
                ],
                "type": "Point"
            },
            "properties": {},
            "type": "Feature"
        },
        {
            "geometry": {
                "coordinates": [
                    949,
                    721,
                    100.0
                ],
                "type": "Point"
            },
            "properties": {},
            "type": "Feature"
        },
        {
            "geometry": {
                "coordinates": [
                    962,
                    700,
                    100.0
                ],
                "type": "Point"
            },
            "properties": {},
            "type": "Feature"
        },
        {
            "geometry": {
                "coordinates": [
                    975,
                    679,
                    100.0
                ],
                "type": "Point"
            },
            "properties": {},
            "type": "Feature"
        },
        {
            "geometry": {
                "coordinates": [
                    988,
                    658,
                    100.0
                ],
                "type": "Point"
            },
            "properties": {},
            "type": "Feature"
        },
        {
            "geometry": {
                "coordinates": [
                    1001,
                    644,
                    100.0
                ],
                "type": "Point"
            },
            "properties": {},
            "type": "Feature"
        },
        {
            "geometry": {
                "coordinates": [
                    1014,
                    630,
                    100.0
                ],
                "type": "Point"
            },
            "properties": {},
            "type": "Feature"
        },
        {
            "geometry": {
                "coordinates": [
                    1040,
                    609,
                    100.0
                ],
                "type": "Point"
            },
            "properties": {},
            "type": "Feature"
        },
        {
            "geometry": {
                "coordinates": [
                    1079,
                    567,
                    100.0
                ],
                "type": "Point"
            },
            "properties": {},
            "type": "Feature"
        },
        {
            "geometry": {
                "coordinates": [
                    1105,
                    518,
                    100.0
                ],
                "type": "Point"
            },
            "properties": {},
            "type": "Feature"
        },
        {
            "geometry": {
                "coordinates": [
                    1118,
                    490,
                    100.0
                ],
                "type": "Point"
            },
            "properties": {},
            "type": "Feature"
        },
        {
            "geometry": {
                "coordinates": [
                    1144,
                    441,
                    100.0
                ],
                "type": "Point"
            },
            "properties": {},
            "type": "Feature"
        },
        {
            "geometry": {
                "coordinates": [
                    1183,
                    371,
                    100.0
                ],
                "type": "Point"
            },
            "properties": {},
            "type": "Feature"
        },
        {
            "geometry": {
                "coordinates": [
                    1183,
                    378,
                    100.0
                ],
                "type": "Point"
            },
            "properties": {},
            "type": "Feature"
        },
        {
            "geometry": {
                "coordinates": [
                    1196,
                    315,
                    100.0
                ],
                "type": "Point"
            },
            "properties": {},
            "type": "Feature"
        },
        {
            "geometry": {
                "coordinates": [
                    1209,
                    210,
                    100.0
                ],
                "type": "Point"
            },
            "properties": {},
            "type": "Feature"
        },
        {
            "geometry": {
                "coordinates": [
                    1209,
                    217,
                    100.0
                ],
                "type": "Point"
            },
            "properties": {},
            "type": "Feature"
        },
        {
            "geometry": {
                "coordinates": [
                    1222,
                    105,
                    100.0
                ],
                "type": "Point"
            },
            "properties": {},
            "type": "Feature"
        },
        {
            "geometry": {
                "coordinates": [
                    1027,
                    742,
                    100.0
                ],
                "type": "Point"
            },
            "properties": {},
            "type": "Feature"
        },
        {
            "geometry": {
                "coordinates": [
                    1092,
                    700,
                    100.0
                ],
                "type": "Point"
            },
            "properties": {},
            "type": "Feature"
        },
        {
            "geometry": {
                "coordinates": [
                    1118,
                    707,
                    100.0
                ],
                "type": "Point"
            },
            "properties": {},
            "type": "Feature"
        },
        {
            "geometry": {
                "coordinates": [
                    1144,
                    714,
                    100.0
                ],
                "type": "Point"
            },
            "properties": {},
            "type": "Feature"
        },
        {
            "geometry": {
                "coordinates": [
                    1157,
                    714,
                    100.0
                ],
                "type": "Point"
            },
            "properties": {},
            "type": "Feature"
        },
        {
            "geometry": {
                "coordinates": [
                    1170,
                    707,
                    100.0
                ],
                "type": "Point"
            },
            "properties": {},
            "type": "Feature"
        },
        {
            "geometry": {
                "coordinates": [
                    1183,
                    560,
                    100.0
                ],
                "type": "Point"
            },
            "properties": {},
            "type": "Feature"
        },
        {
            "geometry": {
                "coordinates": [
                    1183,
                    616,
                    100.0
                ],
                "type": "Point"
            },
            "properties": {},
            "type": "Feature"
        },
        {
            "geometry": {
                "coordinates": [
                    1183,
                    700,
                    100.0
                ],
                "type": "Point"
            },
            "properties": {},
            "type": "Feature"
        },
        {
            "geometry": {
                "coordinates": [
                    1196,
                    651,
                    100.0
                ],
                "type": "Point"
            },
            "properties": {},
            "type": "Feature"
        },
        {
            "geometry": {
                "coordinates": [
                    1196,
                    686,
                    100.0
                ],
                "type": "Point"
            },
            "properties": {},
            "type": "Feature"
        },
        {
            "geometry": {
                "coordinates": [
                    1209,
                    504,
                    100.0
                ],
                "type": "Point"
            },
            "properties": {},
            "type": "Feature"
        },
        {
            "geometry": {
                "coordinates": [
                    1300,
                    287,
                    100.0
                ],
                "type": "Point"
            },
            "properties": {},
            "type": "Feature"
        },
        {
            "geometry": {
                "coordinates": [
                    1313,
                    217,
                    100.0
                ],
                "type": "Point"
            },
            "properties": {},
            "type": "Feature"
        },
        {
            "geometry": {
                "coordinates": [
                    1326,
                    91,
                    100.0
                ],
                "type": "Point"
            },
            "properties": {},
            "type": "Feature"
        },
        {
            "geometry": {
                "coordinates": [
                    1326,
                    98,
                    100.0
                ],
                "type": "Point"
            },
            "properties": {},
            "type": "Feature"
        },
        {
            "geometry": {
                "coordinates": [
                    1326,
                    105,
                    100.0
                ],
                "type": "Point"
            },
            "properties": {},
            "type": "Feature"
        },
        {
            "geometry": {
                "coordinates": [
                    1326,
                    126,
                    100.0
                ],
                "type": "Point"
            },
            "properties": {},
            "type": "Feature"
        },
        {
            "geometry": {
                "coordinates": [
                    1261,
                    588,
                    100.0
                ],
                "type": "Point"
            },
            "properties": {},
            "type": "Feature"
        },
        {
            "geometry": {
                "coordinates": [
                    1274,
                    567,
                    100.0
                ],
                "type": "Point"
            },
            "properties": {},
            "type": "Feature"
        },
        {
            "geometry": {
                "coordinates": [
                    1274,
                    672,
                    100.0
                ],
                "type": "Point"
            },
            "properties": {},
            "type": "Feature"
        },
        {
            "geometry": {
                "coordinates": [
                    1274,
                    686,
                    100.0
                ],
                "type": "Point"
            },
            "properties": {},
            "type": "Feature"
        },
        {
            "geometry": {
                "coordinates": [
                    1274,
                    693,
                    100.0
                ],
                "type": "Point"
            },
            "properties": {},
            "type": "Feature"
        },
        {
            "geometry": {
                "coordinates": [
                    1274,
                    700,
                    100.0
                ],
                "type": "Point"
            },
            "properties": {},
            "type": "Feature"
        },
        {
            "geometry": {
                "coordinates": [
                    1287,
                    728,
                    100.0
                ],
                "type": "Point"
            },
            "properties": {},
            "type": "Feature"
        },
        {
            "geometry": {
                "coordinates": [
                    1287,
                    735,
                    100.0
                ],
                "type": "Point"
            },
            "properties": {},
            "type": "Feature"
        },
        {
            "geometry": {
                "coordinates": [
                    1313,
                    546,
                    100.0
                ],
                "type": "Point"
            },
            "properties": {},
            "type": "Feature"
        },
        {
            "geometry": {
                "coordinates": [
                    1300,
                    700,
                    100.0
                ],
                "type": "Point"
            },
            "properties": {},
            "type": "Feature"
        },
        {
            "geometry": {
                "coordinates": [
                    1300,
                    742,
                    100.0
                ],
                "type": "Point"
            },
            "properties": {},
            "type": "Feature"
        },
        {
            "geometry": {
                "coordinates": [
                    1313,
                    665,
                    100.0
                ],
                "type": "Point"
            },
            "properties": {},
            "type": "Feature"
        },
        {
            "geometry": {
                "coordinates": [
                    1313,
                    756,
                    100.0
                ],
                "type": "Point"
            },
            "properties": {},
            "type": "Feature"
        },
        {
            "geometry": {
                "coordinates": [
                    1326,
                    637,
                    100.0
                ],
                "type": "Point"
            },
            "properties": {},
            "type": "Feature"
        },
        {
            "geometry": {
                "coordinates": [
                    1144,
                    756,
                    100.0
                ],
                "type": "Point"
            },
            "properties": {},
            "type": "Feature"
        },
        {
            "geometry": {
                "coordinates": [
                    1170,
                    749,
                    100.0
                ],
                "type": "Point"
            },
            "properties": {},
            "type": "Feature"
        },
        {
            "geometry": {
                "coordinates": [
                    1183,
                    749,
                    100.0
                ],
                "type": "Point"
            },
            "properties": {},
            "type": "Feature"
        },
        {
            "geometry": {
                "coordinates": [
                    1209,
                    756,
                    100.0
                ],
                "type": "Point"
            },
            "properties": {},
            "type": "Feature"
        }
    ],
    "type": "FeatureCollection"
}
